timestamp,consumption_mw
2023-01-01 00:00:00,52.483570765056164
2023-01-01 01:00:00,57.0832498472197
2023-01-01 02:00:00,68.25844269050346
2023-01-01 03:00:00,78.85835271763655
2023-01-01 04:00:00,74.84999523991648
2023-01-01 05:00:00,77.85709000392615
2023-01-01 06:00:00,87.95606407753696
2023-01-01 07:00:00,82.88494843443658
2023-01-01 08:00:00,73.7133901838584
2023-01-01 09:00:00,74.01600365352625
2023-01-01 10:00:00,62.782911535937686
2023-01-01 11:00:00,55.545922585224346
2023-01-01 12:00:00,51.329811357830174
2023-01-01 13:00:00,32.79902742363539
2023-01-01 14:00:00,26.515410837434843
2023-01-01 15:00:00,26.12535891819872
2023-01-01 16:00:00,19.115082284794727
2023-01-01 17:00:00,22.76346187430432
2023-01-01 18:00:00,15.639879622393945
2023-01-01 19:00:00,14.15070670465149
2023-01-01 20:00:00,31.547481731074612
2023-01-01 21:00:00,27.86791506197089
2023-01-01 22:00:00,35.5576410234396
2023-01-01 23:00:00,35.34168771585707
2023-01-02 00:00:00,47.51808637737408
2023-01-02 01:00:00,58.569184301624965
2023-01-02 02:00:00,59.50503211288849
2023-01-02 03:00:00,73.36169352732479
2023-01-02 04:00:00,73.25756866393914
2023-01-02 05:00:00,77.80930603970567
2023-01-02 06:00:00,77.291466938853
2023-01-02 07:00:00,88.54916571121674
2023-01-02 08:00:00,76.23327598984349
2023-01-02 09:00:00,66.2546487908169
2023-01-02 10:00:00,69.45272456051595
2023-01-02 11:00:00,52.01035310322052
2023-01-02 12:00:00,51.404317975023794
2023-01-02 13:00:00,32.80707802752552
2023-01-02 14:00:00,28.739069755507877
2023-01-02 15:00:00,30.16110274374922
2023-01-02 16:00:00,28.11157078644389
2023-01-02 17:00:00,22.28906661727782
2023-01-02 18:00:00,19.8417585880588
2023-01-02 19:00:00,19.9467067333815
2023-01-02 20:00:00,17.06662793462969
2023-01-02 21:00:00,25.63757552243004
2023-01-02 22:00:00,33.15680614520102
2023-01-02 23:00:00,47.991039778018944
2023-01-03 00:00:00,52.19809144784229
2023-01-03 01:00:00,49.439370576261936
2023-01-03 02:00:00,67.12041984697399
2023-01-03 03:00:00,69.79779203351482
2023-01-03 04:00:00,73.11615211200336
2023-01-03 05:00:00,82.5661562328764
2023-01-03 06:00:00,85.69499761247977
2023-01-03 07:00:00,84.18417538425302
2023-01-03 08:00:00,72.34467449741999
2023-01-03 09:00:00,70.23714155634038
2023-01-03 10:00:00,67.23631715701782
2023-01-03 11:00:00,63.23229698868743
2023-01-03 12:00:00,48.204128810773625
2023-01-03 13:00:00,41.91713376360532
2023-01-03 14:00:00,30.088325129969885
2023-01-03 15:00:00,23.435763444000216
2023-01-03 16:00:00,28.72186699843786
2023-01-03 17:00:00,28.453425354182066
2023-01-03 18:00:00,20.29994939209833
2023-01-03 19:00:00,26.709889700788064
2023-01-03 20:00:00,26.507418011705017
2023-01-03 21:00:00,26.25119779137792
2023-01-03 22:00:00,37.506978027542075
2023-01-03 23:00:00,50.635611479254266
2023-01-04 00:00:00,50.54086980445022
2023-01-04 01:00:00,66.31778963214556
2023-01-04 02:00:00,52.64127447955124
2023-01-04 03:00:00,76.07271595747254
2023-01-04 04:00:00,77.175997454724
2023-01-04 05:00:00,78.2527380363427
2023-01-04 06:00:00,81.23880388267752
2023-01-04 07:00:00,69.8299302156676
2023-01-04 08:00:00,75.6824026743456
2023-01-04 09:00:00,73.80876629315519
2023-01-04 10:00:00,73.20947022370767
2023-01-04 11:00:00,56.00322026170735
2023-01-04 12:00:00,46.79753198553409
2023-01-04 13:00:00,40.57664342900168
2023-01-04 14:00:00,40.43701058851041
2023-01-04 15:00:00,31.30055211270207
2023-01-04 16:00:00,22.250436867631677
2023-01-04 17:00:00,24.478562376894736
2023-01-04 18:00:00,21.3853877467402
2023-01-04 19:00:00,26.77545016399239
2023-01-04 20:00:00,21.428972417080033
2023-01-04 21:00:00,28.078485831414696
2023-01-04 22:00:00,33.979459234339195
2023-01-04 23:00:00,35.86785390626382
2023-01-05 00:00:00,52.44060138532285
2023-01-05 01:00:00,60.03984771397498
2023-01-05 02:00:00,66.00556728321227
2023-01-05 03:00:00,71.03026776872069
2023-01-05 04:00:00,69.90390840328111
2023-01-05 05:00:00,77.88454817484525
2023-01-05 06:00:00,79.30642741736615
2023-01-05 07:00:00,75.99638844256397
2023-01-05 08:00:00,76.21433355520313
2023-01-05 09:00:00,74.28345771966909
2023-01-05 10:00:00,75.49092950605267
2023-01-05 11:00:00,59.70746041723489
2023-01-05 12:00:00,52.367751953613855
2023-01-05 13:00:00,42.95319906809364
2023-01-05 14:00:00,26.50614392350475
2023-01-05 15:00:00,29.764227187157495
2023-01-05 16:00:00,25.44038893617201
2023-01-05 17:00:00,34.468435773754386
2023-01-05 18:00:00,20.178195176094388
2023-01-05 19:00:00,23.67996192299603
2023-01-05 20:00:00,25.005679037940627
2023-01-05 21:00:00,24.11340637630587
2023-01-05 22:00:00,41.894114072575086
2023-01-05 23:00:00,47.18509381035817
2023-01-06 00:00:00,55.15515973521509
2023-01-06 01:00:00,54.427634079101935
2023-01-06 02:00:00,73.23397155468045
2023-01-06 03:00:00,65.43394812163494
2023-01-06 04:00:00,80.15504758253446
2023-01-06 05:00:00,91.18005291772192
2023-01-06 06:00:00,76.30731837434656
2023-01-06 07:00:00,77.41628614065817
2023-01-06 08:00:00,77.75901893897142
2023-01-06 09:00:00,69.98582516501548
2023-01-06 10:00:00,58.54668284466935
2023-01-06 11:00:00,59.417386227105744
2023-01-06 12:00:00,46.00848143136941
2023-01-06 13:00:00,45.93339080010038
2023-01-06 14:00:00,31.74287882883104
2023-01-06 15:00:00,37.88646858949129
2023-01-06 16:00:00,21.46297142478564
2023-01-06 17:00:00,20.78191763029956
2023-01-06 18:00:00,25.447586086848347
2023-01-06 19:00:00,16.257903629158164
2023-01-06 20:00:00,26.55653755948748
2023-01-06 21:00:00,36.73251033581559
2023-01-06 22:00:00,28.382583827193933
2023-01-06 23:00:00,44.58859793958581
2023-01-07 00:00:00,52.73941397124207
2023-01-07 01:00:00,63.12368571196218
2023-01-07 02:00:00,60.27524644560944
2023-01-07 03:00:00,66.08092037017511
2023-01-07 04:00:00,80.0704699416176
2023-01-07 05:00:00,81.95269815483796
2023-01-07 06:00:00,82.75246425172938
2023-01-07 07:00:00,82.22001583615697
2023-01-07 08:00:00,74.10063850564076
2023-01-07 09:00:00,73.90447192140151
2023-01-07 10:00:00,68.00536236649344
2023-01-07 11:00:00,55.74281426294377
2023-01-07 12:00:00,60.88887255572394
2023-01-07 13:00:00,46.17459325148342
2023-01-07 14:00:00,30.62348251398681
2023-01-07 15:00:00,33.65956460757273
2023-01-07 16:00:00,20.745829535330223
2023-01-07 17:00:00,26.567648230040252
2023-01-07 18:00:00,27.41297789503702
2023-01-07 19:00:00,18.548813619569387
2023-01-07 20:00:00,30.476118532688336
2023-01-07 21:00:00,32.50070119908594
2023-01-07 22:00:00,40.77030079997252
2023-01-07 23:00:00,53.38939356019423
2023-01-08 00:00:00,50.4530594199856
2023-01-08 01:00:00,55.685890531288166
2023-01-08 02:00:00,62.25242785187241
2023-01-08 03:00:00,68.84415201076914
2023-01-08 04:00:00,77.3152535664626
2023-01-08 05:00:00,82.41353466275525
2023-01-08 06:00:00,83.12345399665008
2023-01-08 07:00:00,84.8636910338522
2023-01-08 08:00:00,77.80577157292275
2023-01-08 09:00:00,80.25087382138291
2023-01-08 10:00:00,65.45671583381025
2023-01-08 11:00:00,73.15541718602371
2023-01-08 12:00:00,54.92833673882498
2023-01-08 13:00:00,39.75964086484308
2023-01-08 14:00:00,31.465537509694503
2023-01-08 15:00:00,33.02915864061952
2023-01-08 16:00:00,24.741923959837685
2023-01-08 17:00:00,26.442227681788452
2023-01-08 18:00:00,24.226188122867725
2023-01-08 19:00:00,22.52808064804363
2023-01-08 20:00:00,21.665269296124805
2023-01-08 21:00:00,23.102560440974266
2023-01-08 22:00:00,34.66742523966495
2023-01-08 23:00:00,48.427422618541634
2023-01-09 00:00:00,52.990468720650966
2023-01-09 01:00:00,53.46587745951567
2023-01-09 02:00:00,67.80590462925575
2023-01-09 03:00:00,75.08979033424052
2023-01-09 04:00:00,73.52147493252743
2023-01-09 05:00:00,81.71640031839962
2023-01-09 06:00:00,82.27104359223
2023-01-09 07:00:00,75.25292329951891
2023-01-09 08:00:00,79.76969891527453
2023-01-09 09:00:00,76.02712606743766
2023-01-09 10:00:00,72.43525621587642
2023-01-09 11:00:00,65.06358161325014
2023-01-09 12:00:00,45.151653160214714
2023-01-09 13:00:00,39.59630344734888
2023-01-09 14:00:00,39.63517633604337
2023-01-09 15:00:00,33.4257263189648
2023-01-09 16:00:00,28.674476317997076
2023-01-09 17:00:00,42.37588266460155
2023-01-09 18:00:00,24.954452553465835
2023-01-09 19:00:00,28.81005341223093
2023-01-09 20:00:00,30.909246703932837
2023-01-09 21:00:00,34.17375282093258
2023-01-09 22:00:00,35.56365377679814
2023-01-09 23:00:00,48.180274749390605
2023-01-10 00:00:00,48.29587392731208
2023-01-10 01:00:00,58.750478319375354
2023-01-10 02:00:00,64.75318226085432
2023-01-10 03:00:00,73.81257413252808
2023-01-10 04:00:00,89.75405494690077
2023-01-10 05:00:00,71.85144882571329
2023-01-10 06:00:00,85.65130095187257
2023-01-10 07:00:00,73.14419543272378
2023-01-10 08:00:00,75.86110278458605
2023-01-10 09:00:00,78.90795642043332
2023-01-10 10:00:00,67.58140009547736
2023-01-10 11:00:00,54.64584746342931
2023-01-10 12:00:00,48.703481453700334
2023-01-10 13:00:00,47.92341739159788
2023-01-10 14:00:00,33.64816684141421
2023-01-10 15:00:00,32.17908951231348
2023-01-10 16:00:00,26.567097085985914
2023-01-10 17:00:00,20.094223473298854
2023-01-10 18:00:00,33.05972044662663
2023-01-10 19:00:00,26.54182032291799
2023-01-10 20:00:00,16.253524953178786
2023-01-10 21:00:00,32.08906813825057
2023-01-10 22:00:00,34.071067676157924
2023-01-10 23:00:00,48.88759532090538
2023-01-11 00:00:00,48.43739630783621
2023-01-11 01:00:00,59.6008891457411
2023-01-11 02:00:00,69.9449363949023
2023-01-11 03:00:00,77.97197940644708
2023-01-11 04:00:00,72.41928007825422
2023-01-11 05:00:00,79.7552686094673
2023-01-11 06:00:00,80.08527344419521
2023-01-11 07:00:00,78.18112862580348
2023-01-11 08:00:00,87.28803331493872
2023-01-11 09:00:00,75.72811199040143
2023-01-11 10:00:00,61.19558022832483
2023-01-11 11:00:00,64.86388108834932
2023-01-11 12:00:00,63.13078098506314
2023-01-11 13:00:00,49.92775494968025
2023-01-11 14:00:00,29.943150170229835
2023-01-11 15:00:00,28.915626200072353
2023-01-11 16:00:00,32.913793632400065
2023-01-11 17:00:00,20.053877883234037
2023-01-11 18:00:00,24.799097140731142
2023-01-11 19:00:00,27.485395478474558
2023-01-11 20:00:00,21.984585528576403
2023-01-11 21:00:00,31.099169784094425
2023-01-11 22:00:00,21.413663299654676
2023-01-11 23:00:00,39.743490440252806
2023-01-12 00:00:00,51.377159243034335
2023-01-12 01:00:00,54.17565544325134
2023-01-12 02:00:00,75.822056519658
2023-01-12 03:00:00,66.7324965457933
2023-01-12 04:00:00,76.46053968004819
2023-01-12 05:00:00,82.32147767510243
2023-01-12 06:00:00,89.90636644533058
2023-01-12 07:00:00,74.5084640327749
2023-01-12 08:00:00,84.51658087430793
2023-01-12 09:00:00,73.99436874069445
2023-01-12 10:00:00,62.83245674476011
2023-01-12 11:00:00,62.825088724391996
2023-01-12 12:00:00,53.75529847786754
2023-01-12 13:00:00,42.00434426113034
2023-01-12 14:00:00,38.12901042495019
2023-01-12 15:00:00,29.650228580094964
2023-01-12 16:00:00,27.38682461272309
2023-01-12 17:00:00,27.14287858393323
2023-01-12 18:00:00,30.75008408072676
2023-01-12 19:00:00,17.66314771719368
2023-01-12 20:00:00,37.52440475974825
2023-01-12 21:00:00,21.876357566791064
2023-01-12 22:00:00,37.101074524821925
2023-01-12 23:00:00,48.047014679347335
2023-01-13 00:00:00,54.28495933867508
2023-01-13 01:00:00,57.541073753972405
2023-01-13 02:00:00,66.85938874821363
2023-01-13 03:00:00,71.65819876230215
2023-01-13 04:00:00,75.95393832881193
2023-01-13 05:00:00,86.15578527377716
2023-01-13 06:00:00,84.72507742982523
2023-01-13 07:00:00,78.46322681236879
2023-01-13 08:00:00,83.43876149069949
2023-01-13 09:00:00,75.7197010399794
2023-01-13 10:00:00,72.04431059419485
2023-01-13 11:00:00,63.90271556269392
2023-01-13 12:00:00,48.85502494538962
2023-01-13 13:00:00,42.44452344593967
2023-01-13 14:00:00,41.7564680256166
2023-01-13 15:00:00,34.868647891570944
2023-01-13 16:00:00,26.954729916646215
2023-01-13 17:00:00,24.658862127871856
2023-01-13 18:00:00,29.448324478942123
2023-01-13 19:00:00,21.134368267148833
2023-01-13 20:00:00,29.834724792316997
2023-01-13 21:00:00,30.865833302233945
2023-01-13 22:00:00,37.01159398386393
2023-01-13 23:00:00,50.839312906860194
2023-01-14 00:00:00,57.24708174493984
2023-01-14 01:00:00,64.96211953307876
2023-01-14 02:00:00,74.66739403577145
2023-01-14 03:00:00,74.46822264376026
2023-01-14 04:00:00,82.55052697000792
2023-01-14 05:00:00,80.5964410057048
2023-01-14 06:00:00,84.80083176244221
2023-01-14 07:00:00,81.51705951683368
2023-01-14 08:00:00,79.66574193849672
2023-01-14 09:00:00,77.39898856278107
2023-01-14 10:00:00,64.1288965838329
2023-01-14 11:00:00,71.45650773150295
2023-01-14 12:00:00,48.2099130925017
2023-01-14 13:00:00,39.414485582986075
2023-01-14 14:00:00,44.05055436750044
2023-01-14 15:00:00,36.015110034218154
2023-01-14 16:00:00,30.419836971727843
2023-01-14 17:00:00,27.4539527576494
2023-01-14 18:00:00,23.238766135765427
2023-01-14 19:00:00,19.845953353898764
2023-01-14 20:00:00,27.718260677435545
2023-01-14 21:00:00,28.730988006843
2023-01-14 22:00:00,43.215598667088955
2023-01-14 23:00:00,44.85014173941334
2023-01-15 00:00:00,49.23251401603734
2023-01-15 01:00:00,59.52764214481039
2023-01-15 02:00:00,70.4446572713781
2023-01-15 03:00:00,71.78458067157642
2023-01-15 04:00:00,75.26966013570103
2023-01-15 05:00:00,83.60621084613146
2023-01-15 06:00:00,84.64483285554361
2023-01-15 07:00:00,79.87305891181641
2023-01-15 08:00:00,77.06557058544163
2023-01-15 09:00:00,75.82345312238455
2023-01-15 10:00:00,61.21957829251345
2023-01-15 11:00:00,54.197252481192685
2023-01-15 12:00:00,49.88777889373824
2023-01-15 13:00:00,44.658192888365306
2023-01-15 14:00:00,40.054537827990316
2023-01-15 15:00:00,39.67357764915139
2023-01-15 16:00:00,31.82753600247706
2023-01-15 17:00:00,23.752532561510815
2023-01-15 18:00:00,23.444918960486554
2023-01-15 19:00:00,19.559578388138824
2023-01-15 20:00:00,27.486672206504853
2023-01-15 21:00:00,30.91350336980271
2023-01-15 22:00:00,40.19359280169046
2023-01-15 23:00:00,41.68927392916261
2023-01-16 00:00:00,56.19673257120596
2023-01-16 01:00:00,69.03826591808803
2023-01-16 02:00:00,68.07619925771552
2023-01-16 03:00:00,76.85176204609114
2023-01-16 04:00:00,83.07148207208866
2023-01-16 05:00:00,80.6216724292429
2023-01-16 06:00:00,84.78046240905208
2023-01-16 07:00:00,82.71073679258097
2023-01-16 08:00:00,80.14914260627752
2023-01-16 09:00:00,71.0381545163192
2023-01-16 10:00:00,68.822550871295
2023-01-16 11:00:00,63.964562809302926
2023-01-16 12:00:00,60.97571803897543
2023-01-16 13:00:00,50.76178277735037
2023-01-16 14:00:00,49.50591228755753
2023-01-16 15:00:00,28.70005874996354
2023-01-16 16:00:00,32.14084107007025
2023-01-16 17:00:00,25.708935240019766
2023-01-16 18:00:00,34.72901466608836
2023-01-16 19:00:00,20.770733784552164
2023-01-16 20:00:00,23.620628675563026
2023-01-16 21:00:00,29.59983333718314
2023-01-16 22:00:00,28.200521378450787
2023-01-16 23:00:00,43.436653538520204
2023-01-17 00:00:00,50.04433669223138
2023-01-17 01:00:00,62.3665402854568
2023-01-17 02:00:00,70.56877987888576
2023-01-17 03:00:00,84.46405763167601
2023-01-17 04:00:00,84.61288130446323
2023-01-17 05:00:00,79.98325651036001
2023-01-17 06:00:00,79.40792664325822
2023-01-17 07:00:00,85.34737064620458
2023-01-17 08:00:00,73.29959607843006
2023-01-17 09:00:00,84.30049726486814
2023-01-17 10:00:00,74.83720060360689
2023-01-17 11:00:00,59.36869309255236
2023-01-17 12:00:00,45.394327354545624
2023-01-17 13:00:00,52.974790517751615
2023-01-17 14:00:00,38.40730077373684
2023-01-17 15:00:00,38.96587812427096
2023-01-17 16:00:00,20.047099592494924
2023-01-17 17:00:00,22.035350096559196
2023-01-17 18:00:00,24.046218498590914
2023-01-17 19:00:00,25.287128180151573
2023-01-17 20:00:00,25.808910529070577
2023-01-17 21:00:00,35.95104622614089
2023-01-17 22:00:00,33.72189785308703
2023-01-17 23:00:00,45.59353122181816
2023-01-18 00:00:00,54.68147815855915
2023-01-18 01:00:00,64.42676552336928
2023-01-18 02:00:00,72.65807439044423
2023-01-18 03:00:00,69.69999297640707
2023-01-18 04:00:00,72.43019125985496
2023-01-18 05:00:00,89.49615889816461
2023-01-18 06:00:00,85.80157005989795
2023-01-18 07:00:00,79.38534210588936
2023-01-18 08:00:00,87.89652199114578
2023-01-18 09:00:00,75.96157660706083
2023-01-18 10:00:00,75.07648592031906
2023-01-18 11:00:00,62.29216376012623
2023-01-18 12:00:00,64.50373962440975
2023-01-18 13:00:00,55.222132859140785
2023-01-18 14:00:00,37.97517925760476
2023-01-18 15:00:00,37.87465131917558
2023-01-18 16:00:00,31.486117634392606
2023-01-18 17:00:00,32.11538299898975
2023-01-18 18:00:00,19.435382697099477
2023-01-18 19:00:00,28.72248251132022
2023-01-18 20:00:00,33.59136032071463
2023-01-18 21:00:00,24.283099132287965
2023-01-18 22:00:00,33.38370743667093
2023-01-18 23:00:00,36.349267758123915
2023-01-19 00:00:00,52.972965827777074
2023-01-19 01:00:00,65.68228263205556
2023-01-19 02:00:00,76.85178526047973
2023-01-19 03:00:00,75.93367733769514
2023-01-19 04:00:00,88.48383984138943
2023-01-19 05:00:00,76.44726749759755
2023-01-19 06:00:00,75.86308780322422
2023-01-19 07:00:00,83.09003629418898
2023-01-19 08:00:00,82.30108935822959
2023-01-19 09:00:00,75.45972969512621
2023-01-19 10:00:00,59.08278949980072
2023-01-19 11:00:00,61.74897115551196
2023-01-19 12:00:00,47.91765249747576
2023-01-19 13:00:00,50.033791391074764
2023-01-19 14:00:00,41.29299123048419
2023-01-19 15:00:00,28.55739763276718
2023-01-19 16:00:00,25.92990329978351
2023-01-19 17:00:00,20.2161576018832
2023-01-19 18:00:00,24.18660451363414
2023-01-19 19:00:00,30.30793681383416
2023-01-19 20:00:00,23.61060765478907
2023-01-19 21:00:00,35.8370291419929
2023-01-19 22:00:00,36.88871190813741
2023-01-19 23:00:00,42.821064485612474
2023-01-20 00:00:00,54.024848200226856
2023-01-20 01:00:00,57.15835974097866
2023-01-20 02:00:00,66.81175347326386
2023-01-20 03:00:00,69.81381397265218
2023-01-20 04:00:00,90.40438777811522
2023-01-20 05:00:00,83.7640925485306
2023-01-20 06:00:00,81.12137246003708
2023-01-20 07:00:00,84.67767434234322
2023-01-20 08:00:00,80.059121865079
2023-01-20 09:00:00,74.75835543793043
2023-01-20 10:00:00,72.73083350021705
2023-01-20 11:00:00,66.22210990331264
2023-01-20 12:00:00,52.02749426194761
2023-01-20 13:00:00,44.046337443701375
2023-01-20 14:00:00,38.32474151424192
2023-01-20 15:00:00,21.98719074072558
2023-01-20 16:00:00,21.163282575474117
2023-01-20 17:00:00,32.586596548550524
2023-01-20 18:00:00,32.96483856750642
2023-01-20 19:00:00,24.52704501354602
2023-01-20 20:00:00,31.662022701745514
2023-01-20 21:00:00,35.11304733712121
2023-01-20 22:00:00,55.174404042275995
2023-01-20 23:00:00,52.62330320409728
2023-01-21 00:00:00,54.16041204259559
2023-01-21 01:00:00,57.79686915007319
2023-01-21 02:00:00,61.787768398712075
2023-01-21 03:00:00,77.06052161493237
2023-01-21 04:00:00,77.03900838711166
2023-01-21 05:00:00,76.71650624068363
2023-01-21 06:00:00,81.62713557878736
2023-01-21 07:00:00,78.4400347706002
2023-01-21 08:00:00,89.29647028889609
2023-01-21 09:00:00,80.51140222034395
2023-01-21 10:00:00,69.86013679341703
2023-01-21 11:00:00,70.07429204752563
2023-01-21 12:00:00,55.306841538238565
2023-01-21 13:00:00,42.85900764028327
2023-01-21 14:00:00,47.55562038634825
2023-01-21 15:00:00,36.43134678282666
2023-01-21 16:00:00,23.793007114834708
2023-01-21 17:00:00,25.04053182090992
2023-01-21 18:00:00,20.601908733076215
2023-01-21 19:00:00,19.09822655650617
2023-01-21 20:00:00,33.65012562412499
2023-01-21 21:00:00,43.34387976675433
2023-01-21 22:00:00,33.027162130904635
2023-01-21 23:00:00,50.08027483037704
2023-01-22 00:00:00,51.78678715439092
2023-01-22 01:00:00,60.37894443425162
2023-01-22 02:00:00,67.09803037880542
2023-01-22 03:00:00,71.96324958719734
2023-01-22 04:00:00,81.30337025325741
2023-01-22 05:00:00,79.91302420661677
2023-01-22 06:00:00,86.4522841288992
2023-01-22 07:00:00,83.83658424142655
2023-01-22 08:00:00,79.90602187920135
2023-01-22 09:00:00,71.80538512538855
2023-01-22 10:00:00,67.25614334715829
2023-01-22 11:00:00,66.69152748220408
2023-01-22 12:00:00,57.66458593812217
2023-01-22 13:00:00,42.51765242293163
2023-01-22 14:00:00,40.676661527146656
2023-01-22 15:00:00,37.733732181262766
2023-01-22 16:00:00,20.872211480860027
2023-01-22 17:00:00,28.949026173227583
2023-01-22 18:00:00,21.906881205270764
2023-01-22 19:00:00,29.105218554293703
2023-01-22 20:00:00,25.4429421037543
2023-01-22 21:00:00,25.012386061080623
2023-01-22 22:00:00,32.12228781058397
2023-01-22 23:00:00,47.745853380231296
2023-01-23 00:00:00,56.57861250860768
2023-01-23 01:00:00,58.53298822755326
2023-01-23 02:00:00,73.4929622938868
2023-01-23 03:00:00,68.21560312425116
2023-01-23 04:00:00,80.97036312029637
2023-01-23 05:00:00,78.25269378985972
2023-01-23 06:00:00,82.0808194609892
2023-01-23 07:00:00,84.56476814525402
2023-01-23 08:00:00,77.03869528711351
2023-01-23 09:00:00,74.66042571444729
2023-01-23 10:00:00,75.4114640460727
2023-01-23 11:00:00,60.270112005460184
2023-01-23 12:00:00,59.578460560325766
2023-01-23 13:00:00,41.996894373636096
2023-01-23 14:00:00,43.069020889576755
2023-01-23 15:00:00,41.42463966769317
2023-01-23 16:00:00,17.101015385830337
2023-01-23 17:00:00,22.487748933975688
2023-01-23 18:00:00,28.3453606359027
2023-01-23 19:00:00,25.476998281112994
2023-01-23 20:00:00,31.354967253323533
2023-01-23 21:00:00,31.25687063082426
2023-01-23 22:00:00,40.932948937364465
2023-01-23 23:00:00,46.96704246996336
2023-01-24 00:00:00,61.358910308298654
2023-01-24 01:00:00,64.56667556958158
2023-01-24 02:00:00,72.22801331037613
2023-01-24 03:00:00,74.70381860498436
2023-01-24 04:00:00,79.1027309931706
2023-01-24 05:00:00,82.38498384957396
2023-01-24 06:00:00,87.55226071189148
2023-01-24 07:00:00,82.46285238457081
2023-01-24 08:00:00,83.02963639801523
2023-01-24 09:00:00,87.20020742882345
2023-01-24 10:00:00,74.97562351715878
2023-01-24 11:00:00,61.76445369223653
2023-01-24 12:00:00,61.646069610820426
2023-01-24 13:00:00,45.84505178181705
2023-01-24 14:00:00,30.469377324110898
2023-01-24 15:00:00,29.416365009816513
2023-01-24 16:00:00,20.3452782813374
2023-01-24 17:00:00,24.954657791121477
2023-01-24 18:00:00,25.792091895947756
2023-01-24 19:00:00,35.11441177270421
2023-01-24 20:00:00,31.373874755287478
2023-01-24 21:00:00,33.42129392035918
2023-01-24 22:00:00,44.88702790591759
2023-01-24 23:00:00,36.92975210188453
2023-01-25 00:00:00,56.93807279054265
2023-01-25 01:00:00,67.38889732251054
2023-01-25 02:00:00,63.38706877110035
2023-01-25 03:00:00,82.72197365163089
2023-01-25 04:00:00,83.47324415100523
2023-01-25 05:00:00,82.71133521916812
2023-01-25 06:00:00,88.98390933053142
2023-01-25 07:00:00,96.16123907769403
2023-01-25 08:00:00,82.73009338882598
2023-01-25 09:00:00,78.3043063670984
2023-01-25 10:00:00,68.56319550229892
2023-01-25 11:00:00,59.38534950575157
2023-01-25 12:00:00,60.03167908272088
2023-01-25 13:00:00,43.84500951738028
2023-01-25 14:00:00,41.257831186096944
2023-01-25 15:00:00,32.308509330578396
2023-01-25 16:00:00,32.33413701519896
2023-01-25 17:00:00,28.620535737762708
2023-01-25 18:00:00,31.127699721289495
2023-01-25 19:00:00,24.42214321705411
2023-01-25 20:00:00,28.629863209999915
2023-01-25 21:00:00,29.86297798549152
2023-01-25 22:00:00,38.75853369961902
2023-01-25 23:00:00,50.11193111214842
2023-01-26 00:00:00,59.784943083226786
2023-01-26 01:00:00,59.16374473218777
2023-01-26 02:00:00,75.36802960052803
2023-01-26 03:00:00,84.02139272962116
2023-01-26 04:00:00,84.08793662965134
2023-01-26 05:00:00,94.41175385146228
2023-01-26 06:00:00,82.19105400448214
2023-01-26 07:00:00,78.82450127211492
2023-01-26 08:00:00,73.167160869012
2023-01-26 09:00:00,84.78342499304249
2023-01-26 10:00:00,74.37182828177023
2023-01-26 11:00:00,63.59664799852388
2023-01-26 12:00:00,57.51984313159939
2023-01-26 13:00:00,42.737983410432534
2023-01-26 14:00:00,53.36875989808394
2023-01-26 15:00:00,35.582902474279976
2023-01-26 16:00:00,30.726211859491364
2023-01-26 17:00:00,30.821058330821597
2023-01-26 18:00:00,28.585046158683568
2023-01-26 19:00:00,28.331645332723557
2023-01-26 20:00:00,26.26686560924031
2023-01-26 21:00:00,37.35413835008377
2023-01-26 22:00:00,50.63012248237493
2023-01-26 23:00:00,55.19252887769924
2023-01-27 00:00:00,64.20593313319637
2023-01-27 01:00:00,61.458492970919345
2023-01-27 02:00:00,66.31197589870702
2023-01-27 03:00:00,76.8542688350983
2023-01-27 04:00:00,82.53938667497641
2023-01-27 05:00:00,90.73873238102675
2023-01-27 06:00:00,77.8376768514259
2023-01-27 07:00:00,92.93552638597525
2023-01-27 08:00:00,81.51072262063835
2023-01-27 09:00:00,75.40879808585933
2023-01-27 10:00:00,66.27947812369895
2023-01-27 11:00:00,55.84028799374711
2023-01-27 12:00:00,60.475852919809654
2023-01-27 13:00:00,48.97201848286706
2023-01-27 14:00:00,34.9301955012951
2023-01-27 15:00:00,28.701402704085616
2023-01-27 16:00:00,28.740314390016156
2023-01-27 17:00:00,35.77733283777482
2023-01-27 18:00:00,25.122043243181977
2023-01-27 19:00:00,19.936510445737422
2023-01-27 20:00:00,29.230522566036825
2023-01-27 21:00:00,33.87317871566499
2023-01-27 22:00:00,27.97556678529208
2023-01-27 23:00:00,48.433954314335494
2023-01-28 00:00:00,55.3253273489562
2023-01-28 01:00:00,67.73560317714256
2023-01-28 02:00:00,80.74478047472607
2023-01-28 03:00:00,83.35602858333488
2023-01-28 04:00:00,81.15631866075888
2023-01-28 05:00:00,79.9751452449637
2023-01-28 06:00:00,99.40679901624931
2023-01-28 07:00:00,85.82386695874456
2023-01-28 08:00:00,82.61040857309835
2023-01-28 09:00:00,77.66257800004627
2023-01-28 10:00:00,72.57042380383962
2023-01-28 11:00:00,63.63276929345604
2023-01-28 12:00:00,53.73168996559955
2023-01-28 13:00:00,46.111133940722056
2023-01-28 14:00:00,41.4562336489202
2023-01-28 15:00:00,32.69967270873533
2023-01-28 16:00:00,27.09500897308087
2023-01-28 17:00:00,28.204376349787516
2023-01-28 18:00:00,25.385113912895722
2023-01-28 19:00:00,35.21219015424123
2023-01-28 20:00:00,17.444388844502015
2023-01-28 21:00:00,40.934330824015795
2023-01-28 22:00:00,47.930425962487526
2023-01-28 23:00:00,38.57847748488318
2023-01-29 00:00:00,55.00656202959805
2023-01-29 01:00:00,62.637367023096715
2023-01-29 02:00:00,64.70244152641042
2023-01-29 03:00:00,74.07411999764244
2023-01-29 04:00:00,77.18788288620401
2023-01-29 05:00:00,94.50912700579
2023-01-29 06:00:00,91.4583919657373
2023-01-29 07:00:00,92.12555026364288
2023-01-29 08:00:00,86.38912243374926
2023-01-29 09:00:00,72.3779445795106
2023-01-29 10:00:00,69.19739866860203
2023-01-29 11:00:00,67.04144415921516
2023-01-29 12:00:00,50.7293609555408
2023-01-29 13:00:00,52.65042079778658
2023-01-29 14:00:00,40.65837300920934
2023-01-29 15:00:00,33.78269252665541
2023-01-29 16:00:00,34.454037727484476
2023-01-29 17:00:00,30.1335417687584
2023-01-29 18:00:00,25.095169170904597
2023-01-29 19:00:00,33.72887422814908
2023-01-29 20:00:00,25.533921248467262
2023-01-29 21:00:00,38.796474599124345
2023-01-29 22:00:00,44.90550628984221
2023-01-29 23:00:00,47.63769645035418
2023-01-30 00:00:00,58.59066511120974
2023-01-30 01:00:00,58.47900347114936
2023-01-30 02:00:00,76.60013509603421
2023-01-30 03:00:00,77.27869275338142
2023-01-30 04:00:00,80.36714701093763
2023-01-30 05:00:00,91.23282091785661
2023-01-30 06:00:00,83.4982815472862
2023-01-30 07:00:00,78.96546830685445
2023-01-30 08:00:00,75.2376162459139
2023-01-30 09:00:00,81.2932531923248
2023-01-30 10:00:00,65.65785323751857
2023-01-30 11:00:00,73.60854226299801
2023-01-30 12:00:00,46.670352960580864
2023-01-30 13:00:00,57.807710488374624
2023-01-30 14:00:00,43.155087336013665
2023-01-30 15:00:00,35.4132310050519
2023-01-30 16:00:00,28.414642452422168
2023-01-30 17:00:00,30.147905783088277
2023-01-30 18:00:00,26.95182648787576
2023-01-30 19:00:00,33.68873462141072
2023-01-30 20:00:00,31.750376129777052
2023-01-30 21:00:00,36.708305371712555
2023-01-30 22:00:00,40.36193893893045
2023-01-30 23:00:00,49.14070052831899
2023-01-31 00:00:00,58.73900884446051
2023-01-31 01:00:00,56.42372938979212
2023-01-31 02:00:00,65.47907288947059
2023-01-31 03:00:00,82.15952390571009
2023-01-31 04:00:00,84.07508930417264
2023-01-31 05:00:00,85.3078581069086
2023-01-31 06:00:00,87.35216966532697
2023-01-31 07:00:00,87.98568331548032
2023-01-31 08:00:00,80.5619637119865
2023-01-31 09:00:00,74.61167980858549
2023-01-31 10:00:00,73.27922627548821
2023-01-31 11:00:00,60.182707465000824
2023-01-31 12:00:00,59.36126377857248
2023-01-31 13:00:00,41.05251062573586
2023-01-31 14:00:00,47.48577818662788
2023-01-31 15:00:00,38.499783976468926
2023-01-31 16:00:00,32.659386558036616
2023-01-31 17:00:00,33.30568013105544
2023-01-31 18:00:00,35.707372222312884
2023-01-31 19:00:00,33.4840755364186
2023-01-31 20:00:00,22.214866729808307
2023-01-31 21:00:00,29.79891173072542
2023-01-31 22:00:00,39.295907111521515
2023-01-31 23:00:00,49.795883897977866
2023-02-01 00:00:00,60.02829510234517
2023-02-01 01:00:00,61.585852287308114
2023-02-01 02:00:00,73.39383382238545
2023-02-01 03:00:00,74.90628877382944
2023-02-01 04:00:00,80.40317309857372
2023-02-01 05:00:00,79.43446930443093
2023-02-01 06:00:00,82.88383376944547
2023-02-01 07:00:00,79.72935176059048
2023-02-01 08:00:00,78.62139584864653
2023-02-01 09:00:00,84.01141241863552
2023-02-01 10:00:00,67.79300555584067
2023-02-01 11:00:00,78.47648167726356
2023-02-01 12:00:00,60.02658950440436
2023-02-01 13:00:00,50.72960926539923
2023-02-01 14:00:00,38.28821109909414
2023-02-01 15:00:00,39.878345961448524
2023-02-01 16:00:00,28.74104875527784
2023-02-01 17:00:00,29.242274284554846
2023-02-01 18:00:00,40.42042269134397
2023-02-01 19:00:00,28.171925712704745
2023-02-01 20:00:00,37.405604517895014
2023-02-01 21:00:00,32.92091443877403
2023-02-01 22:00:00,42.485057547514536
2023-02-01 23:00:00,58.759431825102276
2023-02-02 00:00:00,54.54516471106093
2023-02-02 01:00:00,74.51681414305946
2023-02-02 02:00:00,76.23875967727763
2023-02-02 03:00:00,76.11086955612485
2023-02-02 04:00:00,86.86280080881073
2023-02-02 05:00:00,91.57054703680554
2023-02-02 06:00:00,90.84904981108598
2023-02-02 07:00:00,78.87665118921981
2023-02-02 08:00:00,80.1050762344092
2023-02-02 09:00:00,77.74561025783925
2023-02-02 10:00:00,72.40783285449996
2023-02-02 11:00:00,68.65793184082898
2023-02-02 12:00:00,58.68850500466683
2023-02-02 13:00:00,43.36870685337334
2023-02-02 14:00:00,44.720989255029856
2023-02-02 15:00:00,39.669725290823145
2023-02-02 16:00:00,34.65819012612223
2023-02-02 17:00:00,34.2761288391011
2023-02-02 18:00:00,32.02961077274452
2023-02-02 19:00:00,31.188125607470017
2023-02-02 20:00:00,31.54840932917308
2023-02-02 21:00:00,28.37199189682365
2023-02-02 22:00:00,45.04809109566246
2023-02-02 23:00:00,51.18386708273966
2023-02-03 00:00:00,59.27789418597684
2023-02-03 01:00:00,59.3108284739743
2023-02-03 02:00:00,67.53471729795837
2023-02-03 03:00:00,84.42896770226027
2023-02-03 04:00:00,83.74298634424996
2023-02-03 05:00:00,90.35527827553506
2023-02-03 06:00:00,88.1215918806523
2023-02-03 07:00:00,87.11655548615097
2023-02-03 08:00:00,88.67218114341298
2023-02-03 09:00:00,76.64297979450976
2023-02-03 10:00:00,73.50060388470567
2023-02-03 11:00:00,63.48319490955017
2023-02-03 12:00:00,55.86751886283878
2023-02-03 13:00:00,48.73956802958128
2023-02-03 14:00:00,44.170668858169165
2023-02-03 15:00:00,34.463053456085895
2023-02-03 16:00:00,38.378018514334535
2023-02-03 17:00:00,24.639188700230633
2023-02-03 18:00:00,27.165641779193205
2023-02-03 19:00:00,26.93356991995701
2023-02-03 20:00:00,39.37412730823551
2023-02-03 21:00:00,37.89957044696103
2023-02-03 22:00:00,48.29922269734362
2023-02-03 23:00:00,42.957626781739435
2023-02-04 00:00:00,59.49525132934562
2023-02-04 01:00:00,70.3827253311924
2023-02-04 02:00:00,73.59141994637699
2023-02-04 03:00:00,84.73060531092325
2023-02-04 04:00:00,81.59431986303105
2023-02-04 05:00:00,94.23451198959965
2023-02-04 06:00:00,99.71449061809625
2023-02-04 07:00:00,85.39358198647392
2023-02-04 08:00:00,81.99324950652945
2023-02-04 09:00:00,86.73012582118497
2023-02-04 10:00:00,81.15786072865339
2023-02-04 11:00:00,63.420271217309676
2023-02-04 12:00:00,56.179065914521715
2023-02-04 13:00:00,49.116505602621736
2023-02-04 14:00:00,36.577747444829036
2023-02-04 15:00:00,32.50353683198275
2023-02-04 16:00:00,27.318534052706486
2023-02-04 17:00:00,25.513237385807233
2023-02-04 18:00:00,28.166575563066093
2023-02-04 19:00:00,30.54329887401032
2023-02-04 20:00:00,40.13174035053732
2023-02-04 21:00:00,32.16502636070935
2023-02-04 22:00:00,48.30161199238281
2023-02-04 23:00:00,49.55548442579613
2023-02-05 00:00:00,58.15268145173822
2023-02-05 01:00:00,69.54866881390844
2023-02-05 02:00:00,67.80638989218781
2023-02-05 03:00:00,81.55525216651688
2023-02-05 04:00:00,85.2530231545983
2023-02-05 05:00:00,89.89003110871279
2023-02-05 06:00:00,89.9058432195391
2023-02-05 07:00:00,99.7242754882264
2023-02-05 08:00:00,81.27206219227664
2023-02-05 09:00:00,77.04821866058785
2023-02-05 10:00:00,70.38429736787657
2023-02-05 11:00:00,63.49718575727454
2023-02-05 12:00:00,55.33306436346735
2023-02-05 13:00:00,56.710511302462656
2023-02-05 14:00:00,50.64252123994878
2023-02-05 15:00:00,34.4830650956562
2023-02-05 16:00:00,28.417460020946002
2023-02-05 17:00:00,31.949302993260066
2023-02-05 18:00:00,25.81888477859514
2023-02-05 19:00:00,32.77688430010554
2023-02-05 20:00:00,33.63385299072312
2023-02-05 21:00:00,29.81807598941668
2023-02-05 22:00:00,51.35752600665037
2023-02-05 23:00:00,59.844817012401485
2023-02-06 00:00:00,55.57605654757781
2023-02-06 01:00:00,64.47606355339569
2023-02-06 02:00:00,75.08932695362473
2023-02-06 03:00:00,81.55548738553131
2023-02-06 04:00:00,87.95348347689684
2023-02-06 05:00:00,97.71879748250385
2023-02-06 06:00:00,87.81526386252976
2023-02-06 07:00:00,83.69628856597983
2023-02-06 08:00:00,77.80416597346091
2023-02-06 09:00:00,76.2885532358866
2023-02-06 10:00:00,73.57436513563123
2023-02-06 11:00:00,75.48736067066537
2023-02-06 12:00:00,56.17194350481888
2023-02-06 13:00:00,52.12436840511919
2023-02-06 14:00:00,43.6978855196363
2023-02-06 15:00:00,43.51876293164447
2023-02-06 16:00:00,45.45390001583473
2023-02-06 17:00:00,27.17788134672639
2023-02-06 18:00:00,26.37280278740889
2023-02-06 19:00:00,35.07302959667319
2023-02-06 20:00:00,36.26869533459828
2023-02-06 21:00:00,46.87033319308376
2023-02-06 22:00:00,46.77964092662932
2023-02-06 23:00:00,49.308968192989596
2023-02-07 00:00:00,61.833274153461495
2023-02-07 01:00:00,72.19808925598954
2023-02-07 02:00:00,78.00241090598648
2023-02-07 03:00:00,82.65957359113281
2023-02-07 04:00:00,90.234135561479
2023-02-07 05:00:00,93.7542527409003
2023-02-07 06:00:00,95.85079495518764
2023-02-07 07:00:00,91.17132422662026
2023-02-07 08:00:00,84.10517171194918
2023-02-07 09:00:00,80.91677186776326
2023-02-07 10:00:00,80.01254483254183
2023-02-07 11:00:00,62.66989299813924
2023-02-07 12:00:00,60.84336654436489
2023-02-07 13:00:00,49.27873458528852
2023-02-07 14:00:00,44.16372411467397
2023-02-07 15:00:00,44.20905587744039
2023-02-07 16:00:00,34.01473322656646
2023-02-07 17:00:00,30.304407952108903
2023-02-07 18:00:00,22.260719295100408
2023-02-07 19:00:00,33.82349304146398
2023-02-07 20:00:00,36.32665879217178
2023-02-07 21:00:00,48.69307018093103
2023-02-07 22:00:00,42.561108825234676
2023-02-07 23:00:00,52.441180285243966
2023-02-08 00:00:00,60.36691841855307
2023-02-08 01:00:00,74.78183775189339
2023-02-08 02:00:00,73.66352233806506
2023-02-08 03:00:00,81.75831106444757
2023-02-08 04:00:00,88.18024466211558
2023-02-08 05:00:00,89.08082040445377
2023-02-08 06:00:00,86.94783192724736
2023-02-08 07:00:00,89.13822475316374
2023-02-08 08:00:00,90.54892086283176
2023-02-08 09:00:00,75.2906269385412
2023-02-08 10:00:00,74.88484837073497
2023-02-08 11:00:00,63.493967278380175
2023-02-08 12:00:00,65.21523314462439
2023-02-08 13:00:00,43.869494123005424
2023-02-08 14:00:00,41.4653907636425
2023-02-08 15:00:00,39.94285593972696
2023-02-08 16:00:00,41.126858032638545
2023-02-08 17:00:00,29.983473905963166
2023-02-08 18:00:00,26.52400236653401
2023-02-08 19:00:00,39.73801055853088
2023-02-08 20:00:00,26.099168384385713
2023-02-08 21:00:00,27.122766781302865
2023-02-08 22:00:00,46.54007225026579
2023-02-08 23:00:00,49.075157525161416
2023-02-09 00:00:00,54.253835914345935
2023-02-09 01:00:00,70.67635358957216
2023-02-09 02:00:00,75.59900356885527
2023-02-09 03:00:00,77.78281028191299
2023-02-09 04:00:00,78.97924012017852
2023-02-09 05:00:00,92.75006143007253
2023-02-09 06:00:00,92.6710058897933
2023-02-09 07:00:00,87.91189546977525
2023-02-09 08:00:00,94.65394709377156
2023-02-09 09:00:00,75.31277960396619
2023-02-09 10:00:00,66.83237414537601
2023-02-09 11:00:00,63.775031003669625
2023-02-09 12:00:00,59.25206991822334
2023-02-09 13:00:00,52.94212589353838
2023-02-09 14:00:00,43.29381971071862
2023-02-09 15:00:00,40.05707354697509
2023-02-09 16:00:00,27.281540765514944
2023-02-09 17:00:00,37.771048231694124
2023-02-09 18:00:00,29.129244108037156
2023-02-09 19:00:00,36.158704369268406
2023-02-09 20:00:00,35.292864618355125
2023-02-09 21:00:00,40.64056266017234
2023-02-09 22:00:00,47.428836401161064
2023-02-09 23:00:00,54.06397144701042
2023-02-10 00:00:00,62.81361379933658
2023-02-10 01:00:00,74.02033400373776
2023-02-10 02:00:00,75.60260584850681
2023-02-10 03:00:00,84.38822222353872
2023-02-10 04:00:00,85.17208364209696
2023-02-10 05:00:00,95.82836086591946
2023-02-10 06:00:00,86.27803848970365
2023-02-10 07:00:00,97.6524769532264
2023-02-10 08:00:00,85.45997236031143
2023-02-10 09:00:00,73.74932792500655
2023-02-10 10:00:00,75.34052207455419
2023-02-10 11:00:00,64.06931306570124
2023-02-10 12:00:00,63.923217744943386
2023-02-10 13:00:00,48.70230875041277
2023-02-10 14:00:00,42.509082833926925
2023-02-10 15:00:00,29.089092909675813
2023-02-10 16:00:00,31.517706290221675
2023-02-10 17:00:00,18.672828578183214
2023-02-10 18:00:00,21.860485882571385
2023-02-10 19:00:00,34.61429849204931
2023-02-10 20:00:00,37.74823867972087
2023-02-10 21:00:00,40.724084373328395
2023-02-10 22:00:00,39.98511928435415
2023-02-10 23:00:00,51.826871866214965
2023-02-11 00:00:00,59.82198730454623
2023-02-11 01:00:00,61.82274790711225
2023-02-11 02:00:00,82.37699150883539
2023-02-11 03:00:00,85.47001488847468
2023-02-11 04:00:00,84.75594124438487
2023-02-11 05:00:00,89.00220398364435
2023-02-11 06:00:00,90.94191403973777
2023-02-11 07:00:00,78.6791004465508
2023-02-11 08:00:00,84.66487520093048
2023-02-11 09:00:00,77.73328219560767
2023-02-11 10:00:00,69.93189995052548
2023-02-11 11:00:00,66.30906988864567
2023-02-11 12:00:00,68.94843263424887
2023-02-11 13:00:00,55.409642953258746
2023-02-11 14:00:00,42.12410505108667
2023-02-11 15:00:00,41.63971047118471
2023-02-11 16:00:00,41.016015069396964
2023-02-11 17:00:00,35.65539362589179
2023-02-11 18:00:00,30.31815184960087
2023-02-11 19:00:00,27.817541322799777
2023-02-11 20:00:00,37.55035445453519
2023-02-11 21:00:00,40.80422349151186
2023-02-11 22:00:00,49.535966100138324
2023-02-11 23:00:00,55.481287655334086
2023-02-12 00:00:00,65.3277635765968
2023-02-12 01:00:00,65.17839529527315
2023-02-12 02:00:00,81.6869703281707
2023-02-12 03:00:00,82.31120145905784
2023-02-12 04:00:00,96.4770664766592
2023-02-12 05:00:00,85.66183569822412
2023-02-12 06:00:00,98.81981901582625
2023-02-12 07:00:00,90.11732870598524
2023-02-12 08:00:00,82.88367209546068
2023-02-12 09:00:00,78.9637742653255
2023-02-12 10:00:00,73.57826345902903
2023-02-12 11:00:00,70.07540108508566
2023-02-12 12:00:00,62.81417744017771
2023-02-12 13:00:00,49.57692862723143
2023-02-12 14:00:00,45.098227038696294
2023-02-12 15:00:00,49.72814835746249
2023-02-12 16:00:00,42.89695373697084
2023-02-12 17:00:00,33.45384355969827
2023-02-12 18:00:00,30.450017390840998
2023-02-12 19:00:00,31.892381844919232
2023-02-12 20:00:00,37.36682775011899
2023-02-12 21:00:00,33.96283373841063
2023-02-12 22:00:00,44.01311731288384
2023-02-12 23:00:00,44.20250827753567
2023-02-13 00:00:00,62.31611561302587
2023-02-13 01:00:00,71.33055105158907
2023-02-13 02:00:00,72.92406768850311
2023-02-13 03:00:00,89.43313725204675
2023-02-13 04:00:00,80.21193379852086
2023-02-13 05:00:00,82.02590038762315
2023-02-13 06:00:00,91.50225909279986
2023-02-13 07:00:00,94.60326630173293
2023-02-13 08:00:00,94.80040057082259
2023-02-13 09:00:00,79.32878212125166
2023-02-13 10:00:00,80.81340416715618
2023-02-13 11:00:00,68.00202900557316
2023-02-13 12:00:00,59.57686350029675
2023-02-13 13:00:00,57.103728334358316
2023-02-13 14:00:00,48.72161439206739
2023-02-13 15:00:00,31.374835779482382
2023-02-13 16:00:00,41.88193963509623
2023-02-13 17:00:00,38.412681982065095
2023-02-13 18:00:00,27.372186492452354
2023-02-13 19:00:00,33.5112428785148
2023-02-13 20:00:00,37.009388817880286
2023-02-13 21:00:00,40.62016539352294
2023-02-13 22:00:00,42.78847423077291
2023-02-13 23:00:00,49.42731180723274
2023-02-14 00:00:00,60.4322296450433
2023-02-14 01:00:00,74.19821644937156
2023-02-14 02:00:00,78.29800077297159
2023-02-14 03:00:00,79.95013177516562
2023-02-14 04:00:00,90.43925566677481
2023-02-14 05:00:00,75.3450616855217
2023-02-14 06:00:00,96.36382850186052
2023-02-14 07:00:00,80.9092058947814
2023-02-14 08:00:00,84.8085574065179
2023-02-14 09:00:00,76.2648539624661
2023-02-14 10:00:00,69.18659262139573
2023-02-14 11:00:00,74.23870528996827
2023-02-14 12:00:00,58.34149399344034
2023-02-14 13:00:00,54.657948055579155
2023-02-14 14:00:00,45.46539710560346
2023-02-14 15:00:00,41.8820007005197
2023-02-14 16:00:00,35.12334734176835
2023-02-14 17:00:00,25.33726409038516
2023-02-14 18:00:00,35.721334097235705
2023-02-14 19:00:00,29.303442295521467
2023-02-14 20:00:00,26.996328393167516
2023-02-14 21:00:00,37.416220759573385
2023-02-14 22:00:00,53.28379895317101
2023-02-14 23:00:00,57.27653735749148
2023-02-15 00:00:00,59.056739327960585
2023-02-15 01:00:00,66.8282828314836
2023-02-15 02:00:00,74.21182474391343
2023-02-15 03:00:00,92.42694335339989
2023-02-15 04:00:00,88.73043937469053
2023-02-15 05:00:00,91.97798302462725
2023-02-15 06:00:00,96.01141727015921
2023-02-15 07:00:00,91.04172058380462
2023-02-15 08:00:00,85.56555138442953
2023-02-15 09:00:00,81.12145419017119
2023-02-15 10:00:00,75.54199370293051
2023-02-15 11:00:00,68.48846017052709
2023-02-15 12:00:00,64.55814771818534
2023-02-15 13:00:00,53.42515807596105
2023-02-15 14:00:00,49.60320038607783
2023-02-15 15:00:00,39.333213663861635
2023-02-15 16:00:00,35.372413838047
2023-02-15 17:00:00,22.001221788667635
2023-02-15 18:00:00,35.56163837351241
2023-02-15 19:00:00,33.74466759081782
2023-02-15 20:00:00,40.00928843576506
2023-02-15 21:00:00,25.315519673435247
2023-02-15 22:00:00,56.461873523902526
2023-02-15 23:00:00,52.56748050614917
2023-02-16 00:00:00,66.58091408368682
2023-02-16 01:00:00,63.61504171744748
2023-02-16 02:00:00,79.12386952531264
2023-02-16 03:00:00,77.01612561972814
2023-02-16 04:00:00,83.94191731005427
2023-02-16 05:00:00,99.63793155800568
2023-02-16 06:00:00,90.14658799618326
2023-02-16 07:00:00,91.17493915457084
2023-02-16 08:00:00,91.45110076697713
2023-02-16 09:00:00,84.82161287545956
2023-02-16 10:00:00,76.8920945257178
2023-02-16 11:00:00,70.7393763654064
2023-02-16 12:00:00,73.17707792619247
2023-02-16 13:00:00,53.117334661757255
2023-02-16 14:00:00,47.18549523357534
2023-02-16 15:00:00,45.230068544441856
2023-02-16 16:00:00,40.74686755125679
2023-02-16 17:00:00,38.1673767391298
2023-02-16 18:00:00,34.41365111014592
2023-02-16 19:00:00,26.53720064767528
2023-02-16 20:00:00,43.42639554797195
2023-02-16 21:00:00,34.30506959930979
2023-02-16 22:00:00,47.773177326194975
2023-02-16 23:00:00,49.73404939682762
2023-02-17 00:00:00,60.95930826703363
2023-02-17 01:00:00,70.69838340459356
2023-02-17 02:00:00,77.90678607725059
2023-02-17 03:00:00,84.6328072067724
2023-02-17 04:00:00,95.36931845882619
2023-02-17 05:00:00,92.5754462962419
2023-02-17 06:00:00,90.11921682354676
2023-02-17 07:00:00,95.14821063011418
2023-02-17 08:00:00,93.28811455815604
2023-02-17 09:00:00,76.44516435991204
2023-02-17 10:00:00,79.36700034924975
2023-02-17 11:00:00,72.6604350646304
2023-02-17 12:00:00,59.91218248320007
2023-02-17 13:00:00,60.523962713482256
2023-02-17 14:00:00,45.66972206483842
2023-02-17 15:00:00,40.84467883176077
2023-02-17 16:00:00,34.59387876504785
2023-02-17 17:00:00,32.5501204492354
2023-02-17 18:00:00,25.978624565523994
2023-02-17 19:00:00,25.2919707983565
2023-02-17 20:00:00,43.47176320259186
2023-02-17 21:00:00,36.04198982281114
2023-02-17 22:00:00,41.54303825271771
2023-02-17 23:00:00,42.97847807890521
2023-02-18 00:00:00,58.32519126155213
2023-02-18 01:00:00,62.67912238603803
2023-02-18 02:00:00,84.750075800682
2023-02-18 03:00:00,87.8122888823099
2023-02-18 04:00:00,84.10001038764403
2023-02-18 05:00:00,101.8099538153934
2023-02-18 06:00:00,96.48882743495797
2023-02-18 07:00:00,88.943617871129
2023-02-18 08:00:00,75.0837335391653
2023-02-18 09:00:00,94.27791629855116
2023-02-18 10:00:00,69.67213766618158
2023-02-18 11:00:00,61.16757761829207
2023-02-18 12:00:00,66.75285216004887
2023-02-18 13:00:00,66.08419067862114
2023-02-18 14:00:00,53.58136409255273
2023-02-18 15:00:00,43.2763421646653
2023-02-18 16:00:00,38.673009594793946
2023-02-18 17:00:00,36.979303005229326
2023-02-18 18:00:00,35.49464294893383
2023-02-18 19:00:00,34.13818233117468
2023-02-18 20:00:00,36.26024340622606
2023-02-18 21:00:00,40.203830924905915
2023-02-18 22:00:00,42.97017705566679
2023-02-18 23:00:00,52.58205326258929
2023-02-19 00:00:00,53.295215929023776
2023-02-19 01:00:00,69.04287321910115
2023-02-19 02:00:00,71.83704446424498
2023-02-19 03:00:00,77.48525684951741
2023-02-19 04:00:00,88.68023286930057
2023-02-19 05:00:00,97.74778622039511
2023-02-19 06:00:00,96.41158303001156
2023-02-19 07:00:00,82.9552717705564
2023-02-19 08:00:00,82.87262143068179
2023-02-19 09:00:00,87.76705937553777
2023-02-19 10:00:00,71.94756303230857
2023-02-19 11:00:00,68.51140560309038
2023-02-19 12:00:00,64.63026049512237
2023-02-19 13:00:00,49.28370637260723
2023-02-19 14:00:00,47.42687753073049
2023-02-19 15:00:00,34.02666908981295
2023-02-19 16:00:00,32.93239966671092
2023-02-19 17:00:00,34.55113488204064
2023-02-19 18:00:00,23.97503133234165
2023-02-19 19:00:00,35.17459890113007
2023-02-19 20:00:00,35.881048891832954
2023-02-19 21:00:00,43.519246336488806
2023-02-19 22:00:00,48.09957067032291
2023-02-19 23:00:00,61.046130796793406
2023-02-20 00:00:00,62.626122513239594
2023-02-20 01:00:00,67.62754364744801
2023-02-20 02:00:00,77.63148751516191
2023-02-20 03:00:00,85.95969358077774
2023-02-20 04:00:00,88.26506246516138
2023-02-20 05:00:00,91.23073324469136
2023-02-20 06:00:00,88.55004156096622
2023-02-20 07:00:00,87.73327020091726
2023-02-20 08:00:00,81.04773575453534
2023-02-20 09:00:00,92.05108715153065
2023-02-20 10:00:00,70.88068382304425
2023-02-20 11:00:00,66.4100453640966
2023-02-20 12:00:00,58.52796367215427
2023-02-20 13:00:00,58.84005053164659
2023-02-20 14:00:00,45.66525160853965
2023-02-20 15:00:00,47.17550692777309
2023-02-20 16:00:00,32.81178476524797
2023-02-20 17:00:00,34.58719602244714
2023-02-20 18:00:00,28.003264733701215
2023-02-20 19:00:00,43.937970850194844
2023-02-20 20:00:00,30.28124579131932
2023-02-20 21:00:00,42.54590011553896
2023-02-20 22:00:00,50.38888440465954
2023-02-20 23:00:00,56.534424134181045
2023-02-21 00:00:00,61.31356170561087
2023-02-21 01:00:00,69.36546785440817
2023-02-21 02:00:00,77.47905735989549
2023-02-21 03:00:00,82.74819342745411
2023-02-21 04:00:00,93.08015769750794
2023-02-21 05:00:00,102.32038979662856
2023-02-21 06:00:00,89.51254107496084
2023-02-21 07:00:00,84.4387598907768
2023-02-21 08:00:00,87.859351871777
2023-02-21 09:00:00,96.441750123868
2023-02-21 10:00:00,73.32162716015259
2023-02-21 11:00:00,78.31015538029544
2023-02-21 12:00:00,70.74850407038312
2023-02-21 13:00:00,51.83748743838503
2023-02-21 14:00:00,50.22491539592672
2023-02-21 15:00:00,49.31877968004636
2023-02-21 16:00:00,34.52359918152935
2023-02-21 17:00:00,32.41432341081649
2023-02-21 18:00:00,29.511595430256783
2023-02-21 19:00:00,28.37844155786341
2023-02-21 20:00:00,33.21285016113652
2023-02-21 21:00:00,35.11709523059208
2023-02-21 22:00:00,47.630417341296095
2023-02-21 23:00:00,50.855562491631375
2023-02-22 00:00:00,63.6489295589525
2023-02-22 01:00:00,62.47509312205819
2023-02-22 02:00:00,79.15440116107166
2023-02-22 03:00:00,87.89084824364073
2023-02-22 04:00:00,78.53208390067579
2023-02-22 05:00:00,93.37805763790993
2023-02-22 06:00:00,98.67834496236647
2023-02-22 07:00:00,85.47956969521631
2023-02-22 08:00:00,96.90362404772212
2023-02-22 09:00:00,85.8782984824271
2023-02-22 10:00:00,74.05494072120827
2023-02-22 11:00:00,70.0757259647872
2023-02-22 12:00:00,65.39163456260846
2023-02-22 13:00:00,55.22545560398604
2023-02-22 14:00:00,50.31377996223274
2023-02-22 15:00:00,36.813428599007295
2023-02-22 16:00:00,37.5060420066475
2023-02-22 17:00:00,26.60365272680312
2023-02-22 18:00:00,32.10386969325649
2023-02-22 19:00:00,29.172687004003627
2023-02-22 20:00:00,33.02158817351825
2023-02-22 21:00:00,47.65726244045509
2023-02-22 22:00:00,53.15655060297075
2023-02-22 23:00:00,57.99111925145984
2023-02-23 00:00:00,57.25843617663693
2023-02-23 01:00:00,68.91252910460169
2023-02-23 02:00:00,83.80548849989474
2023-02-23 03:00:00,84.67178800379638
2023-02-23 04:00:00,100.33740981344121
2023-02-23 05:00:00,93.71436398564374
2023-02-23 06:00:00,93.74024558245016
2023-02-23 07:00:00,90.22219246765957
2023-02-23 08:00:00,89.44846663744448
2023-02-23 09:00:00,83.2608542536946
2023-02-23 10:00:00,81.36054338344235
2023-02-23 11:00:00,75.37808293704929
2023-02-23 12:00:00,58.910052697460756
2023-02-23 13:00:00,48.42926387913572
2023-02-23 14:00:00,38.6789731344835
2023-02-23 15:00:00,44.1967531989661
2023-02-23 16:00:00,31.382404855598065
2023-02-23 17:00:00,23.14777224656578
2023-02-23 18:00:00,34.84289302265482
2023-02-23 19:00:00,46.397222798491796
2023-02-23 20:00:00,36.9088833287673
2023-02-23 21:00:00,45.909250436661864
2023-02-23 22:00:00,48.34914679273814
2023-02-23 23:00:00,54.69098038096762
2023-02-24 00:00:00,67.55538241493802
2023-02-24 01:00:00,69.28319863213183
2023-02-24 02:00:00,79.31696157035925
2023-02-24 03:00:00,85.81169246657646
2023-02-24 04:00:00,85.64030984531716
2023-02-24 05:00:00,96.94798653635479
2023-02-24 06:00:00,92.14520121652295
2023-02-24 07:00:00,88.22904899120802
2023-02-24 08:00:00,91.70331133138541
2023-02-24 09:00:00,79.77086352664138
2023-02-24 10:00:00,78.2009057868456
2023-02-24 11:00:00,70.78897636985596
2023-02-24 12:00:00,68.50947782915733
2023-02-24 13:00:00,57.698919811325
2023-02-24 14:00:00,47.97486520627483
2023-02-24 15:00:00,45.985628060405276
2023-02-24 16:00:00,44.09027563155432
2023-02-24 17:00:00,36.94127674308723
2023-02-24 18:00:00,33.19176309921691
2023-02-24 19:00:00,27.613044049576878
2023-02-24 20:00:00,31.853669571089583
2023-02-24 21:00:00,40.430673042631064
2023-02-24 22:00:00,45.132438989203344
2023-02-24 23:00:00,54.49057213199712
2023-02-25 00:00:00,63.48324962448407
2023-02-25 01:00:00,73.6230351248581
2023-02-25 02:00:00,77.86750610970519
2023-02-25 03:00:00,86.87571165472694
2023-02-25 04:00:00,89.54313418758353
2023-02-25 05:00:00,82.35044195690266
2023-02-25 06:00:00,88.56332303090623
2023-02-25 07:00:00,91.52733701006389
2023-02-25 08:00:00,83.21228839932732
2023-02-25 09:00:00,87.50284708557807
2023-02-25 10:00:00,85.953754161719
2023-02-25 11:00:00,77.16838061156419
2023-02-25 12:00:00,62.25278564534904
2023-02-25 13:00:00,63.01905933117397
2023-02-25 14:00:00,49.08333728601167
2023-02-25 15:00:00,40.4513667088141
2023-02-25 16:00:00,34.31222456876167
2023-02-25 17:00:00,32.87987677888744
2023-02-25 18:00:00,31.43911590729386
2023-02-25 19:00:00,35.26430632320539
2023-02-25 20:00:00,38.222107791715445
2023-02-25 21:00:00,42.21202666517101
2023-02-25 22:00:00,50.60469084873095
2023-02-25 23:00:00,61.61866002085544
2023-02-26 00:00:00,68.1877706772062
2023-02-26 01:00:00,63.79008151082431
2023-02-26 02:00:00,65.69039432549032
2023-02-26 03:00:00,89.35480299179305
2023-02-26 04:00:00,82.62636862145551
2023-02-26 05:00:00,91.34394777920842
2023-02-26 06:00:00,87.6494348697032
2023-02-26 07:00:00,83.47787260077203
2023-02-26 08:00:00,92.20807575455713
2023-02-26 09:00:00,88.53897923711072
2023-02-26 10:00:00,75.6574479963675
2023-02-26 11:00:00,58.35935989235039
2023-02-26 12:00:00,60.82877775873832
2023-02-26 13:00:00,57.76444867393757
2023-02-26 14:00:00,41.18544215612955
2023-02-26 15:00:00,43.293596163300535
2023-02-26 16:00:00,37.54268864060172
2023-02-26 17:00:00,37.528682709333246
2023-02-26 18:00:00,34.21790184207077
2023-02-26 19:00:00,29.78688050692001
2023-02-26 20:00:00,43.64209539478826
2023-02-26 21:00:00,41.644148699268634
2023-02-26 22:00:00,48.52347730245045
2023-02-26 23:00:00,51.23908885155713
2023-02-27 00:00:00,61.46358874404139
2023-02-27 01:00:00,67.030557782942
2023-02-27 02:00:00,77.83526970038241
2023-02-27 03:00:00,93.48174583630795
2023-02-27 04:00:00,82.84125639887637
2023-02-27 05:00:00,84.63996779928797
2023-02-27 06:00:00,101.09585163746803
2023-02-27 07:00:00,91.68115640291296
2023-02-27 08:00:00,86.39539842023393
2023-02-27 09:00:00,90.18272687257712
2023-02-27 10:00:00,75.75192230131734
2023-02-27 11:00:00,80.68461992081023
2023-02-27 12:00:00,67.18962935669602
2023-02-27 13:00:00,53.60587160619695
2023-02-27 14:00:00,59.60654106632827
2023-02-27 15:00:00,39.5882219493861
2023-02-27 16:00:00,41.56971474651355
2023-02-27 17:00:00,36.36868811336044
2023-02-27 18:00:00,40.36870644699399
2023-02-27 19:00:00,42.699781194961886
2023-02-27 20:00:00,38.05925863179601
2023-02-27 21:00:00,38.90970721267212
2023-02-27 22:00:00,51.199860714695134
2023-02-27 23:00:00,52.7568517981636
2023-02-28 00:00:00,73.98693623763141
2023-02-28 01:00:00,72.37724800848956
2023-02-28 02:00:00,77.11339224343989
2023-02-28 03:00:00,86.08660496492031
2023-02-28 04:00:00,83.20513066588434
2023-02-28 05:00:00,88.08970459611824
2023-02-28 06:00:00,99.98206953972213
2023-02-28 07:00:00,89.68330339381504
2023-02-28 08:00:00,84.74620720012415
2023-02-28 09:00:00,87.90646719823363
2023-02-28 10:00:00,84.94852077331423
2023-02-28 11:00:00,75.38933790640151
2023-02-28 12:00:00,69.0202384290294
2023-02-28 13:00:00,52.50145320407714
2023-02-28 14:00:00,41.95094666629209
2023-02-28 15:00:00,50.36346482418069
2023-02-28 16:00:00,36.48583869225666
2023-02-28 17:00:00,33.85806012905291
2023-02-28 18:00:00,40.74097070924529
2023-02-28 19:00:00,37.91337525833075
2023-02-28 20:00:00,40.418676746874894
2023-02-28 21:00:00,53.7418082889092
2023-02-28 22:00:00,45.92240884809828
2023-02-28 23:00:00,61.02462928732969
2023-03-01 00:00:00,64.44506562448649
2023-03-01 01:00:00,73.27753274739153
2023-03-01 02:00:00,86.82234213206254
2023-03-01 03:00:00,87.94238221704462
2023-03-01 04:00:00,92.87224250878067
2023-03-01 05:00:00,98.55031147522122
2023-03-01 06:00:00,92.39523635228558
2023-03-01 07:00:00,89.01172645197717
2023-03-01 08:00:00,84.99671614342813
2023-03-01 09:00:00,75.63142048871765
2023-03-01 10:00:00,89.54103564970141
2023-03-01 11:00:00,66.51852952446674
2023-03-01 12:00:00,63.173731882072104
2023-03-01 13:00:00,55.141362147480464
2023-03-01 14:00:00,50.83703348904442
2023-03-01 15:00:00,47.175482627100195
2023-03-01 16:00:00,42.64160532826554
2023-03-01 17:00:00,32.43683801848362
2023-03-01 18:00:00,33.504391431067944
2023-03-01 19:00:00,36.78512496376966
2023-03-01 20:00:00,37.13578225554879
2023-03-01 21:00:00,51.19352444450328
2023-03-01 22:00:00,51.83487475819117
2023-03-01 23:00:00,60.299817577171964
2023-03-02 00:00:00,67.71440634333749
2023-03-02 01:00:00,78.0419406405029
2023-03-02 02:00:00,80.32510779351786
2023-03-02 03:00:00,79.15904369581683
2023-03-02 04:00:00,92.41920187229539
2023-03-02 05:00:00,90.17099031971291
2023-03-02 06:00:00,91.81691659125123
2023-03-02 07:00:00,96.37959488244783
2023-03-02 08:00:00,96.65217747070182
2023-03-02 09:00:00,85.809561319276
2023-03-02 10:00:00,81.04416506299519
2023-03-02 11:00:00,80.78564607625198
2023-03-02 12:00:00,65.72376589744275
2023-03-02 13:00:00,69.77384421782767
2023-03-02 14:00:00,52.3675482281572
2023-03-02 15:00:00,34.53298276862509
2023-03-02 16:00:00,42.345945991989794
2023-03-02 17:00:00,37.49801713574193
2023-03-02 18:00:00,41.028763770413725
2023-03-02 19:00:00,38.97813196767779
2023-03-02 20:00:00,37.926957966548194
2023-03-02 21:00:00,37.275305382956034
2023-03-02 22:00:00,48.57488371356922
2023-03-02 23:00:00,52.61282637587905
2023-03-03 00:00:00,61.737382750976145
2023-03-03 01:00:00,75.3574633751787
2023-03-03 02:00:00,88.0095225217558
2023-03-03 03:00:00,87.8565610847105
2023-03-03 04:00:00,84.68134680335764
2023-03-03 05:00:00,95.89078812977259
2023-03-03 06:00:00,100.68315743322826
2023-03-03 07:00:00,90.63886026707519
2023-03-03 08:00:00,90.03067628016936
2023-03-03 09:00:00,86.01664440924215
2023-03-03 10:00:00,75.81550843458825
2023-03-03 11:00:00,75.7559735222957
2023-03-03 12:00:00,64.15525925696166
2023-03-03 13:00:00,59.10309086646146
2023-03-03 14:00:00,45.34253911098954
2023-03-03 15:00:00,41.38950506278637
2023-03-03 16:00:00,42.43114467560632
2023-03-03 17:00:00,33.968059450869376
2023-03-03 18:00:00,43.45481925616703
2023-03-03 19:00:00,33.85404428325482
2023-03-03 20:00:00,39.98266151522618
2023-03-03 21:00:00,48.29975072376906
2023-03-03 22:00:00,42.76817133533363
2023-03-03 23:00:00,48.30138458702104
2023-03-04 00:00:00,57.25171842714864
2023-03-04 01:00:00,78.96749187021094
2023-03-04 02:00:00,77.14070927053746
2023-03-04 03:00:00,98.9141998639364
2023-03-04 04:00:00,88.07952412024629
2023-03-04 05:00:00,94.83053130465734
2023-03-04 06:00:00,102.65054976283938
2023-03-04 07:00:00,103.95823922946786
2023-03-04 08:00:00,101.24827999671456
2023-03-04 09:00:00,92.22503458856234
2023-03-04 10:00:00,85.10031262905733
2023-03-04 11:00:00,75.71720609908296
2023-03-04 12:00:00,68.8918053808344
2023-03-04 13:00:00,54.48950006528098
2023-03-04 14:00:00,45.929005582889054
2023-03-04 15:00:00,43.79992427734912
2023-03-04 16:00:00,38.20831477384229
2023-03-04 17:00:00,33.806084964692
2023-03-04 18:00:00,38.54193723728358
2023-03-04 19:00:00,40.86875125418066
2023-03-04 20:00:00,39.54127231792565
2023-03-04 21:00:00,51.26444696967946
2023-03-04 22:00:00,44.39155442933071
2023-03-04 23:00:00,56.37713135052571
2023-03-05 00:00:00,61.53588839698615
2023-03-05 01:00:00,63.561888267709094
2023-03-05 02:00:00,79.72659657078562
2023-03-05 03:00:00,85.75446589368069
2023-03-05 04:00:00,98.70801082974356
2023-03-05 05:00:00,97.30183321144587
2023-03-05 06:00:00,90.05906587835398
2023-03-05 07:00:00,103.43823762034336
2023-03-05 08:00:00,97.28593059115966
2023-03-05 09:00:00,89.33369195294017
2023-03-05 10:00:00,79.0875795057514
2023-03-05 11:00:00,68.19737516945861
2023-03-05 12:00:00,63.37896611964659
2023-03-05 13:00:00,62.9291717454452
2023-03-05 14:00:00,59.68293152967272
2023-03-05 15:00:00,51.77301420576528
2023-03-05 16:00:00,36.85499077753588
2023-03-05 17:00:00,30.714138044882603
2023-03-05 18:00:00,36.004431234556016
2023-03-05 19:00:00,27.490028383513682
2023-03-05 20:00:00,40.95507645739
2023-03-05 21:00:00,43.378783632909354
2023-03-05 22:00:00,48.009817490659415
2023-03-05 23:00:00,49.6119133105897
2023-03-06 00:00:00,67.92800053284812
2023-03-06 01:00:00,70.47106715476586
2023-03-06 02:00:00,74.53041582144712
2023-03-06 03:00:00,72.24189236918839
2023-03-06 04:00:00,91.24318758828026
2023-03-06 05:00:00,103.24903277202054
2023-03-06 06:00:00,103.72629607273936
2023-03-06 07:00:00,92.12229350574123
2023-03-06 08:00:00,88.40970181172432
2023-03-06 09:00:00,89.00707471597144
2023-03-06 10:00:00,75.46807280405969
2023-03-06 11:00:00,74.74353085217398
2023-03-06 12:00:00,69.31040139192254
2023-03-06 13:00:00,63.860094766346435
2023-03-06 14:00:00,49.99922961760048
2023-03-06 15:00:00,43.27842781351875
2023-03-06 16:00:00,35.14932495268477
2023-03-06 17:00:00,32.41782344112852
2023-03-06 18:00:00,34.40760554049236
2023-03-06 19:00:00,38.409052745408665
2023-03-06 20:00:00,44.14716101763287
2023-03-06 21:00:00,40.34090181100051
2023-03-06 22:00:00,58.04344284479767
2023-03-06 23:00:00,56.469810641711845
2023-03-07 00:00:00,65.4931635282567
2023-03-07 01:00:00,69.63851295733568
2023-03-07 02:00:00,68.49879869863625
2023-03-07 03:00:00,91.26343041740142
2023-03-07 04:00:00,95.30498159899528
2023-03-07 05:00:00,93.22113700308059
2023-03-07 06:00:00,95.99495358612435
2023-03-07 07:00:00,97.22747087719236
2023-03-07 08:00:00,83.84803282910082
2023-03-07 09:00:00,84.25794004886531
2023-03-07 10:00:00,84.67132339810935
2023-03-07 11:00:00,67.20312423723102
2023-03-07 12:00:00,67.18778966083289
2023-03-07 13:00:00,51.18251962380684
2023-03-07 14:00:00,53.072149912168435
2023-03-07 15:00:00,44.35858915291663
2023-03-07 16:00:00,31.70357880694035
2023-03-07 17:00:00,42.615921983613845
2023-03-07 18:00:00,32.10704211600976
2023-03-07 19:00:00,32.7609630262557
2023-03-07 20:00:00,40.822083872621015
2023-03-07 21:00:00,50.33998331154777
2023-03-07 22:00:00,45.74089090510752
2023-03-07 23:00:00,58.373827896163924
2023-03-08 00:00:00,67.98408250165281
2023-03-08 01:00:00,77.08009938938989
2023-03-08 02:00:00,81.74220777638652
2023-03-08 03:00:00,85.2480642401791
2023-03-08 04:00:00,87.72281101028919
2023-03-08 05:00:00,95.2984942039038
2023-03-08 06:00:00,90.53930494007197
2023-03-08 07:00:00,80.281022371199
2023-03-08 08:00:00,94.08356113432136
2023-03-08 09:00:00,91.66287764102823
2023-03-08 10:00:00,69.12533782229158
2023-03-08 11:00:00,68.6659178295249
2023-03-08 12:00:00,69.05577130502637
2023-03-08 13:00:00,68.49290599548299
2023-03-08 14:00:00,51.08396853837841
2023-03-08 15:00:00,41.136781858258836
2023-03-08 16:00:00,39.10475568094231
2023-03-08 17:00:00,43.90660730706909
2023-03-08 18:00:00,32.790179104377316
2023-03-08 19:00:00,33.056265178076615
2023-03-08 20:00:00,37.64552027555581
2023-03-08 21:00:00,40.07015352311018
2023-03-08 22:00:00,51.673351579974394
2023-03-08 23:00:00,66.42882093927125
2023-03-09 00:00:00,67.69539636557944
2023-03-09 01:00:00,72.5928038424421
2023-03-09 02:00:00,79.6409436554221
2023-03-09 03:00:00,79.50724939211318
2023-03-09 04:00:00,96.51631099926826
2023-03-09 05:00:00,94.71858880360774
2023-03-09 06:00:00,95.23760043204688
2023-03-09 07:00:00,111.09331262789652
2023-03-09 08:00:00,93.63452665536175
2023-03-09 09:00:00,83.62424818512058
2023-03-09 10:00:00,79.04821201897363
2023-03-09 11:00:00,79.696799899059
2023-03-09 12:00:00,66.76635205268985
2023-03-09 13:00:00,51.254038755338286
2023-03-09 14:00:00,55.81614467287646
2023-03-09 15:00:00,41.676076136709995
2023-03-09 16:00:00,49.625726767554575
2023-03-09 17:00:00,42.672465539901125
2023-03-09 18:00:00,34.02339052170625
2023-03-09 19:00:00,43.69730702000328
2023-03-09 20:00:00,40.63851543910437
2023-03-09 21:00:00,49.34066494001437
2023-03-09 22:00:00,53.723664086472226
2023-03-09 23:00:00,54.31364537196845
2023-03-10 00:00:00,63.10225083841135
2023-03-10 01:00:00,79.24437544098203
2023-03-10 02:00:00,79.66612333946658
2023-03-10 03:00:00,85.54496111938604
2023-03-10 04:00:00,87.56514921678622
2023-03-10 05:00:00,97.4657701166389
2023-03-10 06:00:00,106.69262459621572
2023-03-10 07:00:00,90.03011021740058
2023-03-10 08:00:00,92.50185939689744
2023-03-10 09:00:00,94.6843062126741
2023-03-10 10:00:00,81.02179304377331
2023-03-10 11:00:00,76.45643033432451
2023-03-10 12:00:00,61.128032359265575
2023-03-10 13:00:00,60.82696413296399
2023-03-10 14:00:00,50.52427867497826
2023-03-10 15:00:00,50.18544654280232
2023-03-10 16:00:00,46.436168144290924
2023-03-10 17:00:00,50.46004342142112
2023-03-10 18:00:00,39.39816586606788
2023-03-10 19:00:00,39.161206794238375
2023-03-10 20:00:00,41.51115939435371
2023-03-10 21:00:00,43.55096510034938
2023-03-10 22:00:00,53.23241921730776
2023-03-10 23:00:00,57.3084215962287
2023-03-11 00:00:00,67.40230488134607
2023-03-11 01:00:00,80.92255903111538
2023-03-11 02:00:00,76.54728717360197
2023-03-11 03:00:00,93.5025962412408
2023-03-11 04:00:00,99.16633745023199
2023-03-11 05:00:00,94.99743215371691
2023-03-11 06:00:00,86.01072550495704
2023-03-11 07:00:00,92.56866485319992
2023-03-11 08:00:00,99.10573484633868
2023-03-11 09:00:00,87.74886312410298
2023-03-11 10:00:00,76.66348883852494
2023-03-11 11:00:00,71.91069674693539
2023-03-11 12:00:00,70.88310013252338
2023-03-11 13:00:00,61.65909648793163
2023-03-11 14:00:00,50.50533950415309
2023-03-11 15:00:00,43.66267450533003
2023-03-11 16:00:00,38.78044714124752
2023-03-11 17:00:00,33.14017428883571
2023-03-11 18:00:00,44.81687844734721
2023-03-11 19:00:00,36.16062286527156
2023-03-11 20:00:00,46.865030490594194
2023-03-11 21:00:00,53.16337682401583
2023-03-11 22:00:00,56.771554490738545
2023-03-11 23:00:00,56.867327083332974
2023-03-12 00:00:00,68.81865045168381
2023-03-12 01:00:00,74.45359332112038
2023-03-12 02:00:00,77.30149069634898
2023-03-12 03:00:00,89.66499984420433
2023-03-12 04:00:00,86.92556315773334
2023-03-12 05:00:00,101.76617173097996
2023-03-12 06:00:00,94.53691351350804
2023-03-12 07:00:00,96.85357306803647
2023-03-12 08:00:00,94.27720147126416
2023-03-12 09:00:00,86.80867856707748
2023-03-12 10:00:00,84.83346900737644
2023-03-12 11:00:00,72.30005306996283
2023-03-12 12:00:00,71.27648648728749
2023-03-12 13:00:00,52.43553024569161
2023-03-12 14:00:00,52.57189789773123
2023-03-12 15:00:00,55.431441559695344
2023-03-12 16:00:00,35.97758126343909
2023-03-12 17:00:00,34.60350035870369
2023-03-12 18:00:00,39.54953924829458
2023-03-12 19:00:00,38.91013412102608
2023-03-12 20:00:00,42.77238838283418
2023-03-12 21:00:00,48.24273221514143
2023-03-12 22:00:00,55.193607342808505
2023-03-12 23:00:00,64.81392785670371
2023-03-13 00:00:00,69.08909328464269
2023-03-13 01:00:00,73.60828307998328
2023-03-13 02:00:00,85.42286850601273
2023-03-13 03:00:00,97.78261311007194
2023-03-13 04:00:00,92.39759338162087
2023-03-13 05:00:00,91.19512826531876
2023-03-13 06:00:00,102.63540334643486
2023-03-13 07:00:00,95.48586896890444
2023-03-13 08:00:00,82.2374143834636
2023-03-13 09:00:00,92.58031182134802
2023-03-13 10:00:00,79.46335907023101
2023-03-13 11:00:00,74.46190494155526
2023-03-13 12:00:00,68.81990165284529
2023-03-13 13:00:00,60.357927045821306
2023-03-13 14:00:00,55.727259085694925
2023-03-13 15:00:00,43.799364711553956
2023-03-13 16:00:00,43.7847668773477
2023-03-13 17:00:00,36.93449182340853
2023-03-13 18:00:00,40.91405240443751
2023-03-13 19:00:00,41.32906263139319
2023-03-13 20:00:00,36.58204437624394
2023-03-13 21:00:00,51.46670714527781
2023-03-13 22:00:00,49.580182774428856
2023-03-13 23:00:00,63.54571763833099
2023-03-14 00:00:00,69.11643656700618
2023-03-14 01:00:00,84.24548973705097
2023-03-14 02:00:00,81.18267008814072
2023-03-14 03:00:00,86.77661945500441
2023-03-14 04:00:00,93.20366408409474
2023-03-14 05:00:00,94.79187587450043
2023-03-14 06:00:00,101.33970950971025
2023-03-14 07:00:00,88.24622174648923
2023-03-14 08:00:00,88.07235001780232
2023-03-14 09:00:00,83.24418882770041
2023-03-14 10:00:00,87.13153795986757
2023-03-14 11:00:00,83.70763821598634
2023-03-14 12:00:00,66.8777539073135
2023-03-14 13:00:00,58.80132003097325
2023-03-14 14:00:00,52.7702608155662
2023-03-14 15:00:00,52.02618807744459
2023-03-14 16:00:00,36.822472215514736
2023-03-14 17:00:00,39.664070125002205
2023-03-14 18:00:00,42.33598814891215
2023-03-14 19:00:00,40.99769606102698
2023-03-14 20:00:00,42.44714596946031
2023-03-14 21:00:00,51.28202702723911
2023-03-14 22:00:00,38.98383853500235
2023-03-14 23:00:00,63.13480524457918
2023-03-15 00:00:00,64.24962158436341
2023-03-15 01:00:00,66.14140686879244
2023-03-15 02:00:00,85.09601299762433
2023-03-15 03:00:00,95.63149616140971
2023-03-15 04:00:00,92.85351954039463
2023-03-15 05:00:00,101.31214752468678
2023-03-15 06:00:00,105.64139128994323
2023-03-15 07:00:00,103.14234705659256
2023-03-15 08:00:00,101.7805847603897
2023-03-15 09:00:00,92.53384089095628
2023-03-15 10:00:00,82.99716819450823
2023-03-15 11:00:00,67.38474229358984
2023-03-15 12:00:00,66.40968755935175
2023-03-15 13:00:00,55.669195670342965
2023-03-15 14:00:00,63.51471358748992
2023-03-15 15:00:00,45.5773675022424
2023-03-15 16:00:00,42.3152619203895
2023-03-15 17:00:00,41.46965209153078
2023-03-15 18:00:00,37.91801223186227
2023-03-15 19:00:00,47.20748041348179
2023-03-15 20:00:00,38.62599107779401
2023-03-15 21:00:00,47.489833840589164
2023-03-15 22:00:00,49.02764707151069
2023-03-15 23:00:00,53.38531609082048
2023-03-16 00:00:00,64.70115454547346
2023-03-16 01:00:00,75.34938736783205
2023-03-16 02:00:00,80.63348887741256
2023-03-16 03:00:00,85.5410985362276
2023-03-16 04:00:00,86.74917479517359
2023-03-16 05:00:00,96.37224692552844
2023-03-16 06:00:00,90.29639812984499
2023-03-16 07:00:00,100.60805460712051
2023-03-16 08:00:00,94.23296087820556
2023-03-16 09:00:00,81.77544593827143
2023-03-16 10:00:00,81.31395461475151
2023-03-16 11:00:00,71.87378932512338
2023-03-16 12:00:00,69.47587255209804
2023-03-16 13:00:00,66.82768087704028
2023-03-16 14:00:00,43.52413765177121
2023-03-16 15:00:00,47.271926960141634
2023-03-16 16:00:00,41.13857390863419
2023-03-16 17:00:00,42.30892559358006
2023-03-16 18:00:00,39.005983141188445
2023-03-16 19:00:00,35.212378552633766
2023-03-16 20:00:00,40.38396820813371
2023-03-16 21:00:00,42.77666728038504
2023-03-16 22:00:00,58.360035692993364
2023-03-16 23:00:00,60.331986890283105
2023-03-17 00:00:00,77.50595342876427
2023-03-17 01:00:00,75.47126728400202
2023-03-17 02:00:00,79.47796616544599
2023-03-17 03:00:00,81.6746314725323
2023-03-17 04:00:00,85.00506373225357
2023-03-17 05:00:00,89.10709507364429
2023-03-17 06:00:00,99.39563325505742
2023-03-17 07:00:00,99.59139990482144
2023-03-17 08:00:00,86.15480860337269
2023-03-17 09:00:00,93.77839500597712
2023-03-17 10:00:00,80.6846947415842
2023-03-17 11:00:00,76.60853641300466
2023-03-17 12:00:00,76.18110314127651
2023-03-17 13:00:00,64.84962522625284
2023-03-17 14:00:00,51.797346760471335
2023-03-17 15:00:00,42.480835437327364
2023-03-17 16:00:00,31.420160879821193
2023-03-17 17:00:00,35.5964586151158
2023-03-17 18:00:00,37.12434880586153
2023-03-17 19:00:00,34.27632757557177
2023-03-17 20:00:00,41.562953051004946
2023-03-17 21:00:00,47.38105597919587
2023-03-17 22:00:00,52.09572009095942
2023-03-17 23:00:00,57.21541574280711
2023-03-18 00:00:00,69.08327335983222
2023-03-18 01:00:00,78.22427460092155
2023-03-18 02:00:00,77.80800461278648
2023-03-18 03:00:00,96.53786533432732
2023-03-18 04:00:00,93.76782145211165
2023-03-18 05:00:00,97.36202290339624
2023-03-18 06:00:00,101.84107211628279
2023-03-18 07:00:00,98.45385544498946
2023-03-18 08:00:00,99.06644528309992
2023-03-18 09:00:00,90.97882426160612
2023-03-18 10:00:00,80.27781312679828
2023-03-18 11:00:00,77.92208897910805
2023-03-18 12:00:00,62.641368963396715
2023-03-18 13:00:00,61.14822717580677
2023-03-18 14:00:00,53.213850046778745
2023-03-18 15:00:00,46.136212278041555
2023-03-18 16:00:00,41.77655032927169
2023-03-18 17:00:00,30.02297998383987
2023-03-18 18:00:00,35.676375461295194
2023-03-18 19:00:00,39.9164497170331
2023-03-18 20:00:00,43.258519846453154
2023-03-18 21:00:00,42.098420859774194
2023-03-18 22:00:00,59.78853920432275
2023-03-18 23:00:00,56.374554405851285
2023-03-19 00:00:00,73.32728600263333
2023-03-19 01:00:00,78.39054316243231
2023-03-19 02:00:00,80.26886345078113
2023-03-19 03:00:00,98.59975789864428
2023-03-19 04:00:00,88.53257795475024
2023-03-19 05:00:00,102.10354565672186
2023-03-19 06:00:00,103.54291159021489
2023-03-19 07:00:00,94.17467374328889
2023-03-19 08:00:00,101.5030886138548
2023-03-19 09:00:00,88.53297086260268
2023-03-19 10:00:00,85.02346814640032
2023-03-19 11:00:00,77.65618054693098
2023-03-19 12:00:00,67.92845629264794
2023-03-19 13:00:00,64.8994700127237
2023-03-19 14:00:00,57.58744360276121
2023-03-19 15:00:00,38.6741366982138
2023-03-19 16:00:00,49.18093910085743
2023-03-19 17:00:00,31.35976527114987
2023-03-19 18:00:00,43.822731021708286
2023-03-19 19:00:00,45.32575089546572
2023-03-19 20:00:00,37.24440573538983
2023-03-19 21:00:00,45.4227251246306
2023-03-19 22:00:00,48.171476657570494
2023-03-19 23:00:00,59.870823495479485
2023-03-20 00:00:00,67.1798285790703
2023-03-20 01:00:00,80.39287401442326
2023-03-20 02:00:00,90.29154373059762
2023-03-20 03:00:00,96.94162248954603
2023-03-20 04:00:00,91.92992198064081
2023-03-20 05:00:00,96.70166541994904
2023-03-20 06:00:00,90.36280903889525
2023-03-20 07:00:00,93.73842445619134
2023-03-20 08:00:00,99.60502027902076
2023-03-20 09:00:00,98.10111755333786
2023-03-20 10:00:00,77.64825564060197
2023-03-20 11:00:00,73.63225005731104
2023-03-20 12:00:00,68.70797121520498
2023-03-20 13:00:00,62.48623444102344
2023-03-20 14:00:00,49.811982400392466
2023-03-20 15:00:00,49.777101786725616
2023-03-20 16:00:00,40.530041151112414
2023-03-20 17:00:00,39.83996385693657
2023-03-20 18:00:00,41.631421240018504
2023-03-20 19:00:00,39.96433656038232
2023-03-20 20:00:00,40.75730843383437
2023-03-20 21:00:00,47.168747544773915
2023-03-20 22:00:00,53.49818520397294
2023-03-20 23:00:00,59.335373497513544
2023-03-21 00:00:00,67.66601968666285
2023-03-21 01:00:00,84.7278072055995
2023-03-21 02:00:00,86.78459723970522
2023-03-21 03:00:00,88.72580184545001
2023-03-21 04:00:00,98.46553413608653
2023-03-21 05:00:00,96.31867733989147
2023-03-21 06:00:00,104.8856231879332
2023-03-21 07:00:00,99.85598574966248
2023-03-21 08:00:00,94.48425139351266
2023-03-21 09:00:00,92.50178806464855
2023-03-21 10:00:00,76.20561923965671
2023-03-21 11:00:00,71.2007340085271
2023-03-21 12:00:00,63.11037496800499
2023-03-21 13:00:00,62.040144120744564
2023-03-21 14:00:00,62.762574997426725
2023-03-21 15:00:00,59.05329729536638
2023-03-21 16:00:00,46.3294933936711
2023-03-21 17:00:00,42.65644758605041
2023-03-21 18:00:00,30.134711329236303
2023-03-21 19:00:00,37.458856212657366
2023-03-21 20:00:00,39.24031912692569
2023-03-21 21:00:00,44.85255857314824
2023-03-21 22:00:00,53.3392809070751
2023-03-21 23:00:00,59.064975758437924
2023-03-22 00:00:00,59.30350094811876
2023-03-22 01:00:00,80.71412263366298
2023-03-22 02:00:00,78.85628487130091
2023-03-22 03:00:00,91.6394377561511
2023-03-22 04:00:00,105.59117546228241
2023-03-22 05:00:00,93.63085183074011
2023-03-22 06:00:00,86.60856238626836
2023-03-22 07:00:00,96.81775367927162
2023-03-22 08:00:00,100.76556028852613
2023-03-22 09:00:00,100.29494070670059
2023-03-22 10:00:00,78.15225202773767
2023-03-22 11:00:00,79.55806746925771
2023-03-22 12:00:00,66.99344771610063
2023-03-22 13:00:00,61.03568687540434
2023-03-22 14:00:00,67.561716735087
2023-03-22 15:00:00,40.62194492242791
2023-03-22 16:00:00,44.64793619393965
2023-03-22 17:00:00,42.73069107015546
2023-03-22 18:00:00,44.80893162469673
2023-03-22 19:00:00,40.90214097868265
2023-03-22 20:00:00,44.959490583987076
2023-03-22 21:00:00,46.23855372729441
2023-03-22 22:00:00,55.765634706225505
2023-03-22 23:00:00,59.94946726943588
2023-03-23 00:00:00,72.54785944928072
2023-03-23 01:00:00,75.3665196728565
2023-03-23 02:00:00,86.34550196951031
2023-03-23 03:00:00,90.53688936717121
2023-03-23 04:00:00,101.09101336739306
2023-03-23 05:00:00,98.21080617072964
2023-03-23 06:00:00,90.6348376589656
2023-03-23 07:00:00,104.79738229224232
2023-03-23 08:00:00,90.9721006092205
2023-03-23 09:00:00,87.47437174235156
2023-03-23 10:00:00,81.56169352978284
2023-03-23 11:00:00,84.18676181892982
2023-03-23 12:00:00,58.88162893010807
2023-03-23 13:00:00,77.49417131522395
2023-03-23 14:00:00,59.86028404533117
2023-03-23 15:00:00,49.492991135051135
2023-03-23 16:00:00,43.34476788338567
2023-03-23 17:00:00,42.059995585615866
2023-03-23 18:00:00,42.2256121418967
2023-03-23 19:00:00,43.87830314107786
2023-03-23 20:00:00,46.43726021648434
2023-03-23 21:00:00,48.88469997067915
2023-03-23 22:00:00,53.673307898464245
2023-03-23 23:00:00,61.1490622286564
2023-03-24 00:00:00,68.70545859823471
2023-03-24 01:00:00,83.12342183741103
2023-03-24 02:00:00,87.66778361140314
2023-03-24 03:00:00,76.22126026227546
2023-03-24 04:00:00,98.98026599618154
2023-03-24 05:00:00,99.68145576226533
2023-03-24 06:00:00,99.64645621777052
2023-03-24 07:00:00,96.7851825232272
2023-03-24 08:00:00,101.36132571346315
2023-03-24 09:00:00,95.7208357462116
2023-03-24 10:00:00,80.91561166088431
2023-03-24 11:00:00,79.58983278869903
2023-03-24 12:00:00,64.94171632729235
2023-03-24 13:00:00,55.14733782297995
2023-03-24 14:00:00,51.686413877051635
2023-03-24 15:00:00,52.92876392631718
2023-03-24 16:00:00,48.62486311334786
2023-03-24 17:00:00,43.43765231181421
2023-03-24 18:00:00,43.485478934239985
2023-03-24 19:00:00,43.4731166469022
2023-03-24 20:00:00,40.691829910352006
2023-03-24 21:00:00,50.836409287772156
2023-03-24 22:00:00,58.90204762613873
2023-03-24 23:00:00,65.91688529599121
2023-03-25 00:00:00,75.86456685737069
2023-03-25 01:00:00,81.23609058908039
2023-03-25 02:00:00,86.69724103770912
2023-03-25 03:00:00,96.51395462717853
2023-03-25 04:00:00,95.8081558172871
2023-03-25 05:00:00,94.53840153253357
2023-03-25 06:00:00,99.16466518028119
2023-03-25 07:00:00,95.24326156463954
2023-03-25 08:00:00,92.60487073866148
2023-03-25 09:00:00,90.5006100820202
2023-03-25 10:00:00,81.05790039500015
2023-03-25 11:00:00,76.25476370488177
2023-03-25 12:00:00,60.57192666523051
2023-03-25 13:00:00,63.35189718378993
2023-03-25 14:00:00,55.06602737681314
2023-03-25 15:00:00,44.77135340906288
2023-03-25 16:00:00,47.395466228628074
2023-03-25 17:00:00,45.8000758994607
2023-03-25 18:00:00,32.06220067815513
2023-03-25 19:00:00,37.318601318496164
2023-03-25 20:00:00,40.29352613752995
2023-03-25 21:00:00,44.217281058860074
2023-03-25 22:00:00,59.2873742096585
2023-03-25 23:00:00,61.41629795305869
2023-03-26 00:00:00,68.83742579344718
2023-03-26 01:00:00,67.91525953104069
2023-03-26 02:00:00,88.35709015104679
2023-03-26 03:00:00,85.20691146132856
2023-03-26 04:00:00,96.48042526486373
2023-03-26 05:00:00,100.57465947846298
2023-03-26 06:00:00,107.02329297919326
2023-03-26 07:00:00,92.66367279307642
2023-03-26 08:00:00,81.12320133442958
2023-03-26 09:00:00,92.38245115936672
2023-03-26 10:00:00,94.2625559075548
2023-03-26 11:00:00,84.2293031177715
2023-03-26 12:00:00,71.32829707637322
2023-03-26 13:00:00,60.06724771876562
2023-03-26 14:00:00,59.33561298318618
2023-03-26 15:00:00,44.22906556588195
2023-03-26 16:00:00,46.72102673324747
2023-03-26 17:00:00,43.879576007161226
2023-03-26 18:00:00,45.6410495374944
2023-03-26 19:00:00,55.170525405883346
2023-03-26 20:00:00,46.341317722359946
2023-03-26 21:00:00,46.611978435866455
2023-03-26 22:00:00,55.252128439039225
2023-03-26 23:00:00,53.7800491224765
2023-03-27 00:00:00,66.92643434455431
2023-03-27 01:00:00,76.12815916251161
2023-03-27 02:00:00,82.79955801032712
2023-03-27 03:00:00,92.40497779576408
2023-03-27 04:00:00,92.30866245162076
2023-03-27 05:00:00,105.03292812529419
2023-03-27 06:00:00,100.461035324591
2023-03-27 07:00:00,99.40127318297905
2023-03-27 08:00:00,94.82128853096945
2023-03-27 09:00:00,92.47915685489119
2023-03-27 10:00:00,89.62549132333925
2023-03-27 11:00:00,73.93892027452043
2023-03-27 12:00:00,67.22941755462445
2023-03-27 13:00:00,61.246798503043166
2023-03-27 14:00:00,48.810645382634114
2023-03-27 15:00:00,45.24050726579727
2023-03-27 16:00:00,42.19813351874339
2023-03-27 17:00:00,45.96417111489189
2023-03-27 18:00:00,41.89280664500962
2023-03-27 19:00:00,42.580174768165506
2023-03-27 20:00:00,48.87372769730736
2023-03-27 21:00:00,48.70993762240651
2023-03-27 22:00:00,57.57232424964309
2023-03-27 23:00:00,62.34931988226227
2023-03-28 00:00:00,71.96681174699708
2023-03-28 01:00:00,75.50077806501858
2023-03-28 02:00:00,73.46591420861738
2023-03-28 03:00:00,91.2118076246635
2023-03-28 04:00:00,103.77450279403284
2023-03-28 05:00:00,104.29885179987963
2023-03-28 06:00:00,105.52698742295586
2023-03-28 07:00:00,105.86842839770338
2023-03-28 08:00:00,97.14405006834156
2023-03-28 09:00:00,92.92978197262472
2023-03-28 10:00:00,82.65174052282696
2023-03-28 11:00:00,76.93420707294031
2023-03-28 12:00:00,73.83885574885709
2023-03-28 13:00:00,69.0248508327712
2023-03-28 14:00:00,55.082768621595754
2023-03-28 15:00:00,47.32585024014574
2023-03-28 16:00:00,44.82187768075
2023-03-28 17:00:00,44.838258955974
2023-03-28 18:00:00,33.60072591933229
2023-03-28 19:00:00,30.37132044564143
2023-03-28 20:00:00,42.10655363900926
2023-03-28 21:00:00,43.53323443483224
2023-03-28 22:00:00,53.31929901176153
2023-03-28 23:00:00,62.366527052836766
2023-03-29 00:00:00,68.61375795488323
2023-03-29 01:00:00,85.9169090254296
2023-03-29 02:00:00,87.53372382301059
2023-03-29 03:00:00,93.62557523364869
2023-03-29 04:00:00,100.01179783374982
2023-03-29 05:00:00,94.21360919976854
2023-03-29 06:00:00,106.13555893710134
2023-03-29 07:00:00,99.54895335599517
2023-03-29 08:00:00,100.29316519973906
2023-03-29 09:00:00,86.82391727039642
2023-03-29 10:00:00,78.21120616991892
2023-03-29 11:00:00,82.84401964320134
2023-03-29 12:00:00,72.8820476304896
2023-03-29 13:00:00,58.73517087513689
2023-03-29 14:00:00,51.67168459362783
2023-03-29 15:00:00,55.44397048647711
2023-03-29 16:00:00,39.1121784221307
2023-03-29 17:00:00,50.2855899776084
2023-03-29 18:00:00,36.55689632676066
2023-03-29 19:00:00,45.28418483937025
2023-03-29 20:00:00,43.45614550772193
2023-03-29 21:00:00,52.89273371981428
2023-03-29 22:00:00,53.379429989426555
2023-03-29 23:00:00,62.53146411656203
2023-03-30 00:00:00,71.32459587697966
2023-03-30 01:00:00,73.88363407416789
2023-03-30 02:00:00,89.84412172709904
2023-03-30 03:00:00,89.79713560323859
2023-03-30 04:00:00,95.99776253683241
2023-03-30 05:00:00,95.17602791562965
2023-03-30 06:00:00,88.36833170602345
2023-03-30 07:00:00,99.21263597567179
2023-03-30 08:00:00,109.24383922159788
2023-03-30 09:00:00,96.34622487508777
2023-03-30 10:00:00,86.12369810132783
2023-03-30 11:00:00,77.68011720703547
2023-03-30 12:00:00,71.35232946406292
2023-03-30 13:00:00,66.22102422280112
2023-03-30 14:00:00,50.3559359234547
2023-03-30 15:00:00,55.628405037748074
2023-03-30 16:00:00,48.87614446367389
2023-03-30 17:00:00,45.90315383986754
2023-03-30 18:00:00,43.49237869404863
2023-03-30 19:00:00,42.430308499798116
2023-03-30 20:00:00,48.70354406630064
2023-03-30 21:00:00,53.07586723310901
2023-03-30 22:00:00,54.569796445294784
2023-03-30 23:00:00,60.71741978243837
2023-03-31 00:00:00,71.86928147631035
2023-03-31 01:00:00,86.87967211055056
2023-03-31 02:00:00,80.18446462172835
2023-03-31 03:00:00,85.26557710683386
2023-03-31 04:00:00,98.20456631971648
2023-03-31 05:00:00,100.64221329795214
2023-03-31 06:00:00,102.28670832185205
2023-03-31 07:00:00,101.6275407782153
2023-03-31 08:00:00,96.3047508403596
2023-03-31 09:00:00,100.11252062860612
2023-03-31 10:00:00,78.4554801076178
2023-03-31 11:00:00,75.0920862291762
2023-03-31 12:00:00,70.96372619925468
2023-03-31 13:00:00,55.50948459115486
2023-03-31 14:00:00,55.62072797783912
2023-03-31 15:00:00,58.604147393044265
2023-03-31 16:00:00,45.643670327947795
2023-03-31 17:00:00,43.70572973992145
2023-03-31 18:00:00,35.2391761741371
2023-03-31 19:00:00,39.49041817113061
2023-03-31 20:00:00,43.70325598484652
2023-03-31 21:00:00,48.76822108062049
2023-03-31 22:00:00,62.988218975018185
2023-03-31 23:00:00,66.61388395055117
2023-04-01 00:00:00,66.0427102153146
2023-04-01 01:00:00,80.60709524523402
2023-04-01 02:00:00,89.11110874248418
2023-04-01 03:00:00,98.54394862820193
2023-04-01 04:00:00,105.52346554637543
2023-04-01 05:00:00,95.55230382953255
2023-04-01 06:00:00,97.6057124439483
2023-04-01 07:00:00,94.35988549409902
2023-04-01 08:00:00,96.49066281799905
2023-04-01 09:00:00,95.23499530782783
2023-04-01 10:00:00,91.63667258294643
2023-04-01 11:00:00,79.09481623486545
2023-04-01 12:00:00,70.12076238372634
2023-04-01 13:00:00,64.72421860816672
2023-04-01 14:00:00,52.56428549184993
2023-04-01 15:00:00,60.984490172878495
2023-04-01 16:00:00,37.74093275087631
2023-04-01 17:00:00,43.715928105806825
2023-04-01 18:00:00,51.8980310961482
2023-04-01 19:00:00,42.84622443412782
2023-04-01 20:00:00,44.86904271145841
2023-04-01 21:00:00,48.80956945035147
2023-04-01 22:00:00,55.91804159118675
2023-04-01 23:00:00,70.92967102030758
2023-04-02 00:00:00,60.78069044335159
2023-04-02 01:00:00,87.281739859555
2023-04-02 02:00:00,79.74021423774896
2023-04-02 03:00:00,91.74994178942548
2023-04-02 04:00:00,95.71454001203992
2023-04-02 05:00:00,103.8105411375253
2023-04-02 06:00:00,93.90937824058126
2023-04-02 07:00:00,103.19863811908196
2023-04-02 08:00:00,108.02231022996682
2023-04-02 09:00:00,86.32733341263258
2023-04-02 10:00:00,87.88853083805347
2023-04-02 11:00:00,76.40466046409234
2023-04-02 12:00:00,74.08943603096638
2023-04-02 13:00:00,64.30116753400242
2023-04-02 14:00:00,53.772565454779055
2023-04-02 15:00:00,53.21615798876046
2023-04-02 16:00:00,55.04097843540064
2023-04-02 17:00:00,42.077706252691875
2023-04-02 18:00:00,45.618789710740906
2023-04-02 19:00:00,36.585860421971844
2023-04-02 20:00:00,41.277056002375524
2023-04-02 21:00:00,53.19882795380504
2023-04-02 22:00:00,64.480580142681
2023-04-02 23:00:00,66.0834953908526
2023-04-03 00:00:00,70.5147098473827
2023-04-03 01:00:00,79.85102838019282
2023-04-03 02:00:00,80.84796133015053
2023-04-03 03:00:00,96.34578006737392
2023-04-03 04:00:00,102.51242742514995
2023-04-03 05:00:00,98.84732312450613
2023-04-03 06:00:00,99.78978926120249
2023-04-03 07:00:00,102.45716593693267
2023-04-03 08:00:00,95.95716343332991
2023-04-03 09:00:00,93.05254036246797
2023-04-03 10:00:00,97.67860894583463
2023-04-03 11:00:00,78.71944284934604
2023-04-03 12:00:00,70.40829923989233
2023-04-03 13:00:00,61.20771961874848
2023-04-03 14:00:00,60.94095985750084
2023-04-03 15:00:00,50.11067569831503
2023-04-03 16:00:00,43.012372694860126
2023-04-03 17:00:00,49.87874537269272
2023-04-03 18:00:00,49.35801502256819
2023-04-03 19:00:00,40.29010738263397
2023-04-03 20:00:00,36.96653812966387
2023-04-03 21:00:00,56.11436501358731
2023-04-03 22:00:00,53.8768508712006
2023-04-03 23:00:00,68.49855664273751
2023-04-04 00:00:00,62.46948091143865
2023-04-04 01:00:00,84.55755804457198
2023-04-04 02:00:00,81.28414035359467
2023-04-04 03:00:00,97.21702403092927
2023-04-04 04:00:00,98.41212745271476
2023-04-04 05:00:00,96.57807769168816
2023-04-04 06:00:00,100.3448184353661
2023-04-04 07:00:00,104.7993670734552
2023-04-04 08:00:00,98.9102343791094
2023-04-04 09:00:00,96.54526833795995
2023-04-04 10:00:00,97.3022029225771
2023-04-04 11:00:00,72.37336329452138
2023-04-04 12:00:00,80.52606287484221
2023-04-04 13:00:00,65.20720833454095
2023-04-04 14:00:00,52.96607975838608
2023-04-04 15:00:00,44.60522843570864
2023-04-04 16:00:00,45.55363593258241
2023-04-04 17:00:00,48.12047577095013
2023-04-04 18:00:00,41.86225439811233
2023-04-04 19:00:00,51.08799986256407
2023-04-04 20:00:00,39.283359436208826
2023-04-04 21:00:00,51.256351825174384
2023-04-04 22:00:00,51.27803277793447
2023-04-04 23:00:00,66.6035880600479
2023-04-05 00:00:00,76.99443695048367
2023-04-05 01:00:00,78.23076238466953
2023-04-05 02:00:00,74.55893071686528
2023-04-05 03:00:00,94.79794416957866
2023-04-05 04:00:00,100.76445487219982
2023-04-05 05:00:00,103.60924856348058
2023-04-05 06:00:00,108.79891095911077
2023-04-05 07:00:00,96.25250639042662
2023-04-05 08:00:00,102.02184264078579
2023-04-05 09:00:00,99.82574099798786
2023-04-05 10:00:00,78.76706207996763
2023-04-05 11:00:00,82.03283048267215
2023-04-05 12:00:00,70.15910084496139
2023-04-05 13:00:00,64.5178152814173
2023-04-05 14:00:00,59.43838241769396
2023-04-05 15:00:00,49.06065374383629
2023-04-05 16:00:00,43.36069749065813
2023-04-05 17:00:00,43.92298729876812
2023-04-05 18:00:00,37.30377030568599
2023-04-05 19:00:00,38.343099566902126
2023-04-05 20:00:00,50.17610430124881
2023-04-05 21:00:00,45.812826388610915
2023-04-05 22:00:00,61.11156250454556
2023-04-05 23:00:00,67.33838511119218
2023-04-06 00:00:00,64.17096635604696
2023-04-06 01:00:00,77.18674809139588
2023-04-06 02:00:00,93.79054701523725
2023-04-06 03:00:00,89.13737577989731
2023-04-06 04:00:00,96.49874080198501
2023-04-06 05:00:00,104.1380792549314
2023-04-06 06:00:00,106.77695254641297
2023-04-06 07:00:00,100.59008035844957
2023-04-06 08:00:00,95.87321114007565
2023-04-06 09:00:00,101.21505274409098
2023-04-06 10:00:00,96.59449831898868
2023-04-06 11:00:00,85.56886160698357
2023-04-06 12:00:00,73.3465907128255
2023-04-06 13:00:00,61.124100038721515
2023-04-06 14:00:00,53.78777796721706
2023-04-06 15:00:00,54.34936709073329
2023-04-06 16:00:00,49.07122899090994
2023-04-06 17:00:00,51.0002181760603
2023-04-06 18:00:00,46.232250462680696
2023-04-06 19:00:00,36.49682370252879
2023-04-06 20:00:00,52.27897597508056
2023-04-06 21:00:00,46.80649342783167
2023-04-06 22:00:00,56.100143640237185
2023-04-06 23:00:00,66.51642967818027
2023-04-07 00:00:00,83.01833744891911
2023-04-07 01:00:00,96.36416413310364
2023-04-07 02:00:00,91.09361529568075
2023-04-07 03:00:00,93.36722034199332
2023-04-07 04:00:00,101.73329035593606
2023-04-07 05:00:00,106.50605191804094
2023-04-07 06:00:00,101.49666187221403
2023-04-07 07:00:00,111.06383156823382
2023-04-07 08:00:00,100.2511159094912
2023-04-07 09:00:00,96.83191888105347
2023-04-07 10:00:00,91.46962126027364
2023-04-07 11:00:00,83.02250440614749
2023-04-07 12:00:00,77.3547025023491
2023-04-07 13:00:00,62.319162714192146
2023-04-07 14:00:00,55.38849123027029
2023-04-07 15:00:00,46.47602539954407
2023-04-07 16:00:00,49.41674403956797
2023-04-07 17:00:00,48.126907728888895
2023-04-07 18:00:00,45.50886433075943
2023-04-07 19:00:00,52.6246873780654
2023-04-07 20:00:00,47.231257792322126
2023-04-07 21:00:00,55.38050484236584
2023-04-07 22:00:00,52.80149561930181
2023-04-07 23:00:00,63.569930134552465
2023-04-08 00:00:00,76.75768878782753
2023-04-08 01:00:00,85.30008190679193
2023-04-08 02:00:00,86.83016526167836
2023-04-08 03:00:00,94.16520717630448
2023-04-08 04:00:00,91.71139338012894
2023-04-08 05:00:00,100.52262878463853
2023-04-08 06:00:00,107.79191581759893
2023-04-08 07:00:00,105.2037998692052
2023-04-08 08:00:00,101.84409072044056
2023-04-08 09:00:00,94.83207187150175
2023-04-08 10:00:00,88.41531579313983
2023-04-08 11:00:00,77.85296565570862
2023-04-08 12:00:00,76.89414210101435
2023-04-08 13:00:00,67.75029336887106
2023-04-08 14:00:00,60.880094239965004
2023-04-08 15:00:00,49.5866223510651
2023-04-08 16:00:00,36.692523287110944
2023-04-08 17:00:00,49.95798877009697
2023-04-08 18:00:00,41.06581271995798
2023-04-08 19:00:00,40.17834639111193
2023-04-08 20:00:00,50.966632446036996
2023-04-08 21:00:00,50.31673336480718
2023-04-08 22:00:00,63.79968192023094
2023-04-08 23:00:00,68.83045839480732
2023-04-09 00:00:00,76.93784661600381
2023-04-09 01:00:00,74.46479279707292
2023-04-09 02:00:00,94.59971992693072
2023-04-09 03:00:00,96.06945609176363
2023-04-09 04:00:00,97.69437641730167
2023-04-09 05:00:00,103.26471712538357
2023-04-09 06:00:00,94.69882383550839
2023-04-09 07:00:00,104.6110388460759
2023-04-09 08:00:00,94.43390457262277
2023-04-09 09:00:00,88.05985200637973
2023-04-09 10:00:00,81.00820406891005
2023-04-09 11:00:00,86.9580132280261
2023-04-09 12:00:00,70.49368303153837
2023-04-09 13:00:00,73.55406719650722
2023-04-09 14:00:00,55.98099268474007
2023-04-09 15:00:00,43.92000677643873
2023-04-09 16:00:00,42.11661568672419
2023-04-09 17:00:00,50.89128331136335
2023-04-09 18:00:00,42.920509110316665
2023-04-09 19:00:00,41.99078872887525
2023-04-09 20:00:00,48.53932901573065
2023-04-09 21:00:00,55.02571024524009
2023-04-09 22:00:00,64.32699407951252
2023-04-09 23:00:00,73.22792479638785
2023-04-10 00:00:00,71.96115677105534
2023-04-10 01:00:00,74.90433292266478
2023-04-10 02:00:00,86.71267419438178
2023-04-10 03:00:00,96.30460596851074
2023-04-10 04:00:00,94.9619674824793
2023-04-10 05:00:00,98.00202021419692
2023-04-10 06:00:00,105.53893940774942
2023-04-10 07:00:00,102.56451303082045
2023-04-10 08:00:00,99.9847470905914
2023-04-10 09:00:00,91.27072676209511
2023-04-10 10:00:00,87.70799642897121
2023-04-10 11:00:00,77.01340563173557
2023-04-10 12:00:00,78.3309920556269
2023-04-10 13:00:00,71.3016753205441
2023-04-10 14:00:00,49.66906068880871
2023-04-10 15:00:00,48.049242263441876
2023-04-10 16:00:00,40.456591611017416
2023-04-10 17:00:00,41.70210553929345
2023-04-10 18:00:00,43.52281015104819
2023-04-10 19:00:00,37.72399911283544
2023-04-10 20:00:00,43.36993882083982
2023-04-10 21:00:00,47.73700970399442
2023-04-10 22:00:00,60.01633664699438
2023-04-10 23:00:00,66.57215033210386
2023-04-11 00:00:00,70.39131223331384
2023-04-11 01:00:00,82.65867571377133
2023-04-11 02:00:00,86.28659957706127
2023-04-11 03:00:00,93.88492788396557
2023-04-11 04:00:00,108.3880225650264
2023-04-11 05:00:00,109.7300800476237
2023-04-11 06:00:00,97.56209381536202
2023-04-11 07:00:00,107.19643687806787
2023-04-11 08:00:00,104.11774488599174
2023-04-11 09:00:00,89.56188699183282
2023-04-11 10:00:00,93.19388821877493
2023-04-11 11:00:00,89.5642309451405
2023-04-11 12:00:00,68.50727596877813
2023-04-11 13:00:00,61.777914541854656
2023-04-11 14:00:00,64.22830733421725
2023-04-11 15:00:00,54.29427311853262
2023-04-11 16:00:00,50.936619262665744
2023-04-11 17:00:00,46.8951712933306
2023-04-11 18:00:00,46.13347960464072
2023-04-11 19:00:00,38.57986456977251
2023-04-11 20:00:00,53.4558264195733
2023-04-11 21:00:00,58.84474652654032
2023-04-11 22:00:00,58.07304627965896
2023-04-11 23:00:00,66.24804389785595
2023-04-12 00:00:00,66.58446248722086
2023-04-12 01:00:00,84.58584513316288
2023-04-12 02:00:00,92.12028720857072
2023-04-12 03:00:00,95.17224835059884
2023-04-12 04:00:00,105.88252891288593
2023-04-12 05:00:00,101.5973886337721
2023-04-12 06:00:00,107.123029629468
2023-04-12 07:00:00,98.18945309521159
2023-04-12 08:00:00,100.1830013591629
2023-04-12 09:00:00,94.67143214608218
2023-04-12 10:00:00,90.46653961020588
2023-04-12 11:00:00,80.26693670891154
2023-04-12 12:00:00,73.70263702164252
2023-04-12 13:00:00,70.73566450413084
2023-04-12 14:00:00,57.196178813809205
2023-04-12 15:00:00,45.143911060711446
2023-04-12 16:00:00,57.16715740749386
2023-04-12 17:00:00,52.339495604780716
2023-04-12 18:00:00,37.95868652447191
2023-04-12 19:00:00,48.90076423755373
2023-04-12 20:00:00,45.94436403370903
2023-04-12 21:00:00,54.554232641058704
2023-04-12 22:00:00,60.931120645066
2023-04-12 23:00:00,65.53338964534304
2023-04-13 00:00:00,70.56117167206685
2023-04-13 01:00:00,78.80186609149179
2023-04-13 02:00:00,84.91904042259321
2023-04-13 03:00:00,91.56409239444513
2023-04-13 04:00:00,100.16487066328631
2023-04-13 05:00:00,99.92897484311789
2023-04-13 06:00:00,107.95026032856309
2023-04-13 07:00:00,110.96400556535195
2023-04-13 08:00:00,97.6404959066825
2023-04-13 09:00:00,96.9802259382737
2023-04-13 10:00:00,92.07842555151642
2023-04-13 11:00:00,84.71458270767204
2023-04-13 12:00:00,74.97977633958193
2023-04-13 13:00:00,70.55884073872254
2023-04-13 14:00:00,62.031244763404146
2023-04-13 15:00:00,47.2284844527688
2023-04-13 16:00:00,53.00501820841344
2023-04-13 17:00:00,50.108679397661284
2023-04-13 18:00:00,40.84356947910709
2023-04-13 19:00:00,45.8819143885656
2023-04-13 20:00:00,52.115882850520755
2023-04-13 21:00:00,52.43022746650614
2023-04-13 22:00:00,65.06489023883098
2023-04-13 23:00:00,78.76479112002082
2023-04-14 00:00:00,70.79006983682326
2023-04-14 01:00:00,75.58934833730689
2023-04-14 02:00:00,91.25909297802325
2023-04-14 03:00:00,99.5710159612276
2023-04-14 04:00:00,99.58643024430893
2023-04-14 05:00:00,111.01407810527664
2023-04-14 06:00:00,98.08697100138376
2023-04-14 07:00:00,107.23236790383054
2023-04-14 08:00:00,97.75145800973857
2023-04-14 09:00:00,104.62009296663376
2023-04-14 10:00:00,99.78257676584289
2023-04-14 11:00:00,78.76128841415957
2023-04-14 12:00:00,72.09221432045584
2023-04-14 13:00:00,71.38336808182356
2023-04-14 14:00:00,57.92434675105384
2023-04-14 15:00:00,53.42974047474215
2023-04-14 16:00:00,49.02617998917945
2023-04-14 17:00:00,36.313859430339456
2023-04-14 18:00:00,44.830811269528816
2023-04-14 19:00:00,42.48358634100655
2023-04-14 20:00:00,46.47362377446794
2023-04-14 21:00:00,60.934956581746555
2023-04-14 22:00:00,53.657465528604085
2023-04-14 23:00:00,71.25145458066326
2023-04-15 00:00:00,73.56518534833849
2023-04-15 01:00:00,81.33577051059595
2023-04-15 02:00:00,93.93185948025983
2023-04-15 03:00:00,97.9034599084409
2023-04-15 04:00:00,103.83382709963008
2023-04-15 05:00:00,108.82869809133561
2023-04-15 06:00:00,103.36345808408338
2023-04-15 07:00:00,100.94659111613304
2023-04-15 08:00:00,95.59500948074437
2023-04-15 09:00:00,92.13615078570295
2023-04-15 10:00:00,104.80547212654355
2023-04-15 11:00:00,89.05796925676084
2023-04-15 12:00:00,68.32462816895928
2023-04-15 13:00:00,60.71313886320733
2023-04-15 14:00:00,62.509330308594436
2023-04-15 15:00:00,56.633120551293636
2023-04-15 16:00:00,51.88365706305455
2023-04-15 17:00:00,44.87744624355941
2023-04-15 18:00:00,44.5127286999855
2023-04-15 19:00:00,47.811622832124044
2023-04-15 20:00:00,49.60870291793313
2023-04-15 21:00:00,42.86029470066677
2023-04-15 22:00:00,59.03100184712384
2023-04-15 23:00:00,63.1683964756212
2023-04-16 00:00:00,76.07605709454285
2023-04-16 01:00:00,97.90086636609156
2023-04-16 02:00:00,92.05740832737222
2023-04-16 03:00:00,94.87555500473398
2023-04-16 04:00:00,105.82976962341837
2023-04-16 05:00:00,106.64121422471807
2023-04-16 06:00:00,107.36047245225922
2023-04-16 07:00:00,107.2820277547503
2023-04-16 08:00:00,111.5434799376814
2023-04-16 09:00:00,90.84876125896864
2023-04-16 10:00:00,92.66816038405774
2023-04-16 11:00:00,78.44266570316655
2023-04-16 12:00:00,78.09756323171126
2023-04-16 13:00:00,62.971996089495335
2023-04-16 14:00:00,58.25316593197711
2023-04-16 15:00:00,52.66134699321473
2023-04-16 16:00:00,54.25832148318989
2023-04-16 17:00:00,50.98449743104014
2023-04-16 18:00:00,39.15141311776807
2023-04-16 19:00:00,46.68689576632721
2023-04-16 20:00:00,45.87133861272029
2023-04-16 21:00:00,47.90427201102731
2023-04-16 22:00:00,59.3349147478774
2023-04-16 23:00:00,66.12301470464305
2023-04-17 00:00:00,87.57358243172726
2023-04-17 01:00:00,85.37937047987737
2023-04-17 02:00:00,83.57191249622896
2023-04-17 03:00:00,93.8593334147408
2023-04-17 04:00:00,106.5676785906788
2023-04-17 05:00:00,114.90998865302147
2023-04-17 06:00:00,97.5700834388102
2023-04-17 07:00:00,95.0881528629769
2023-04-17 08:00:00,110.85558799039292
2023-04-17 09:00:00,98.69127432245077
2023-04-17 10:00:00,86.19853634061921
2023-04-17 11:00:00,85.98771678368706
2023-04-17 12:00:00,62.38126130491629
2023-04-17 13:00:00,67.82230617991223
2023-04-17 14:00:00,62.219105864215564
2023-04-17 15:00:00,58.998147262093866
2023-04-17 16:00:00,44.549758125003976
2023-04-17 17:00:00,47.06066101834503
2023-04-17 18:00:00,40.992876869702066
2023-04-17 19:00:00,47.92914398969939
2023-04-17 20:00:00,45.18250627465242
2023-04-17 21:00:00,52.396292368602424
2023-04-17 22:00:00,55.680923026047545
2023-04-17 23:00:00,71.1611098560398
2023-04-18 00:00:00,79.97225558328232
2023-04-18 01:00:00,82.28146850328949
2023-04-18 02:00:00,90.89118997479972
2023-04-18 03:00:00,89.68024636242735
2023-04-18 04:00:00,100.20237887349924
2023-04-18 05:00:00,104.45675170346296
2023-04-18 06:00:00,118.84396545514988
2023-04-18 07:00:00,99.16793965980146
2023-04-18 08:00:00,109.06164830729654
2023-04-18 09:00:00,101.96749730292574
2023-04-18 10:00:00,92.18318202245227
2023-04-18 11:00:00,92.34767377405117
2023-04-18 12:00:00,77.66052736303563
2023-04-18 13:00:00,69.99122462526671
2023-04-18 14:00:00,60.55439673491297
2023-04-18 15:00:00,60.734640976495896
2023-04-18 16:00:00,55.3415840555214
2023-04-18 17:00:00,43.743838773847344
2023-04-18 18:00:00,39.26376402700616
2023-04-18 19:00:00,45.87732202434935
2023-04-18 20:00:00,45.89904506447897
2023-04-18 21:00:00,54.35917369132629
2023-04-18 22:00:00,67.08719067341883
2023-04-18 23:00:00,65.85892037149024
2023-04-19 00:00:00,75.70588309344048
2023-04-19 01:00:00,83.9846850271179
2023-04-19 02:00:00,95.18215441102544
2023-04-19 03:00:00,85.92875676567158
2023-04-19 04:00:00,98.90726063970637
2023-04-19 05:00:00,106.00419325006975
2023-04-19 06:00:00,111.98039478213431
2023-04-19 07:00:00,102.50826255114141
2023-04-19 08:00:00,92.59799858332529
2023-04-19 09:00:00,100.32176066542785
2023-04-19 10:00:00,87.84318805587105
2023-04-19 11:00:00,77.84623805762432
2023-04-19 12:00:00,72.91827305143585
2023-04-19 13:00:00,67.36280185864514
2023-04-19 14:00:00,58.036276677310205
2023-04-19 15:00:00,43.82896627890787
2023-04-19 16:00:00,54.58456887090298
2023-04-19 17:00:00,53.48660041772218
2023-04-19 18:00:00,49.35760995669753
2023-04-19 19:00:00,41.44379685920426
2023-04-19 20:00:00,49.1317802167293
2023-04-19 21:00:00,54.88418998825533
2023-04-19 22:00:00,64.13397194780713
2023-04-19 23:00:00,71.72713109051396
2023-04-20 00:00:00,72.48913100610864
2023-04-20 01:00:00,84.34454913514311
2023-04-20 02:00:00,93.46640202307468
2023-04-20 03:00:00,104.68231504632799
2023-04-20 04:00:00,105.70329481265615
2023-04-20 05:00:00,109.13305822554983
2023-04-20 06:00:00,106.6391331396468
2023-04-20 07:00:00,112.26007051468926
2023-04-20 08:00:00,104.26957609333247
2023-04-20 09:00:00,93.15776388472977
2023-04-20 10:00:00,98.27684985062572
2023-04-20 11:00:00,87.5240877157719
2023-04-20 12:00:00,74.06477989435679
2023-04-20 13:00:00,66.12796380993208
2023-04-20 14:00:00,62.782877725705625
2023-04-20 15:00:00,57.412720540741596
2023-04-20 16:00:00,51.32569921462367
2023-04-20 17:00:00,48.90876857854228
2023-04-20 18:00:00,54.8397868728819
2023-04-20 19:00:00,52.72994097250174
2023-04-20 20:00:00,51.33241584279168
2023-04-20 21:00:00,59.863349468239576
2023-04-20 22:00:00,56.21738048236227
2023-04-20 23:00:00,70.61506389666027
2023-04-21 00:00:00,85.44653174866261
2023-04-21 01:00:00,83.08434187611282
2023-04-21 02:00:00,87.18183035690248
2023-04-21 03:00:00,94.38275899263078
2023-04-21 04:00:00,96.97259692682195
2023-04-21 05:00:00,101.50396524803355
2023-04-21 06:00:00,104.60745950704987
2023-04-21 07:00:00,98.41993969277958
2023-04-21 08:00:00,102.53885378328162
2023-04-21 09:00:00,102.2145893045289
2023-04-21 10:00:00,86.9612190992657
2023-04-21 11:00:00,91.87099097128622
2023-04-21 12:00:00,79.07396044264124
2023-04-21 13:00:00,73.91833157504593
2023-04-21 14:00:00,58.25082723073874
2023-04-21 15:00:00,59.60942269973721
2023-04-21 16:00:00,45.119568384489696
2023-04-21 17:00:00,52.043462715511446
2023-04-21 18:00:00,47.439196698967656
2023-04-21 19:00:00,50.37848131125193
2023-04-21 20:00:00,44.74126485834198
2023-04-21 21:00:00,50.92144735302109
2023-04-21 22:00:00,64.60614109126338
2023-04-21 23:00:00,64.12368862580131
2023-04-22 00:00:00,78.95603146049542
2023-04-22 01:00:00,77.57888232077282
2023-04-22 02:00:00,95.90087106333364
2023-04-22 03:00:00,91.7205868617555
2023-04-22 04:00:00,105.42226180192951
2023-04-22 05:00:00,108.7959294569019
2023-04-22 06:00:00,103.21614090785212
2023-04-22 07:00:00,108.59790762409571
2023-04-22 08:00:00,104.0029734302
2023-04-22 09:00:00,95.24899415463484
2023-04-22 10:00:00,86.69722657961985
2023-04-22 11:00:00,74.7014428947151
2023-04-22 12:00:00,78.50825023649897
2023-04-22 13:00:00,61.18141479011269
2023-04-22 14:00:00,62.25672099720653
2023-04-22 15:00:00,54.259555483993346
2023-04-22 16:00:00,54.214951763659265
2023-04-22 17:00:00,46.32199771387887
2023-04-22 18:00:00,45.17276106826454
2023-04-22 19:00:00,51.51157873276932
2023-04-22 20:00:00,52.53452803188651
2023-04-22 21:00:00,57.217576350315134
2023-04-22 22:00:00,64.20633794904147
2023-04-22 23:00:00,61.42756803088945
2023-04-23 00:00:00,80.66394339993408
2023-04-23 01:00:00,87.71691532314475
2023-04-23 02:00:00,86.8165843571143
2023-04-23 03:00:00,96.90280106722416
2023-04-23 04:00:00,102.70422567539511
2023-04-23 05:00:00,105.23529086666306
2023-04-23 06:00:00,108.60929983284267
2023-04-23 07:00:00,113.08460869782904
2023-04-23 08:00:00,108.34959575189839
2023-04-23 09:00:00,91.62210746843954
2023-04-23 10:00:00,95.09034995153168
2023-04-23 11:00:00,91.39923795075238
2023-04-23 12:00:00,78.93404260344374
2023-04-23 13:00:00,74.70033077285672
2023-04-23 14:00:00,72.08135222850437
2023-04-23 15:00:00,60.93534429493995
2023-04-23 16:00:00,52.30578086467555
2023-04-23 17:00:00,53.29766758175124
2023-04-23 18:00:00,47.78443916548446
2023-04-23 19:00:00,48.21174042775246
2023-04-23 20:00:00,49.34216670789692
2023-04-23 21:00:00,63.69386335856373
2023-04-23 22:00:00,58.00785667029123
2023-04-23 23:00:00,77.00726727031493
2023-04-24 00:00:00,79.61932061870039
2023-04-24 01:00:00,77.8980404790631
2023-04-24 02:00:00,93.97824646495629
2023-04-24 03:00:00,87.86307089733903
2023-04-24 04:00:00,106.26830219768812
2023-04-24 05:00:00,110.57393220361651
2023-04-24 06:00:00,104.21822022173974
2023-04-24 07:00:00,106.78551326845032
2023-04-24 08:00:00,112.95154928228429
2023-04-24 09:00:00,95.89446991428734
2023-04-24 10:00:00,86.92546206471604
2023-04-24 11:00:00,92.40288836539224
2023-04-24 12:00:00,87.05293595265577
2023-04-24 13:00:00,69.50390700616346
2023-04-24 14:00:00,67.3173151770429
2023-04-24 15:00:00,62.764176142057494
2023-04-24 16:00:00,47.58681672377701
2023-04-24 17:00:00,45.885696034489186
2023-04-24 18:00:00,53.454372565773674
2023-04-24 19:00:00,56.75729660487006
2023-04-24 20:00:00,54.15364218733875
2023-04-24 21:00:00,51.71772479689488
2023-04-24 22:00:00,72.27530555849494
2023-04-24 23:00:00,66.9305741578639
2023-04-25 00:00:00,75.68431109414063
2023-04-25 01:00:00,86.84626052552358
2023-04-25 02:00:00,100.15080210357543
2023-04-25 03:00:00,102.87308331835538
2023-04-25 04:00:00,105.45508961534217
2023-04-25 05:00:00,108.70421743926192
2023-04-25 06:00:00,107.63757334321733
2023-04-25 07:00:00,109.19847236126424
2023-04-25 08:00:00,90.77296172506168
2023-04-25 09:00:00,97.1801661402485
2023-04-25 10:00:00,93.66660967458647
2023-04-25 11:00:00,79.47950093497904
2023-04-25 12:00:00,79.41161658905682
2023-04-25 13:00:00,68.70307254199423
2023-04-25 14:00:00,71.27737849157911
2023-04-25 15:00:00,64.16189519048025
2023-04-25 16:00:00,49.21021004087673
2023-04-25 17:00:00,47.79803665349433
2023-04-25 18:00:00,47.170262171958036
2023-04-25 19:00:00,46.31392783053012
2023-04-25 20:00:00,52.55436280660558
2023-04-25 21:00:00,52.56538621996433
2023-04-25 22:00:00,56.92692332531248
2023-04-25 23:00:00,72.93898476642444
2023-04-26 00:00:00,80.7476479211097
2023-04-26 01:00:00,81.3529925547716
2023-04-26 02:00:00,97.09677715381106
2023-04-26 03:00:00,95.68531478976956
2023-04-26 04:00:00,104.8865883037222
2023-04-26 05:00:00,110.72949485173439
2023-04-26 06:00:00,107.49193717648143
2023-04-26 07:00:00,108.92147934937842
2023-04-26 08:00:00,101.07861389409565
2023-04-26 09:00:00,97.92087051845746
2023-04-26 10:00:00,91.67070284559847
2023-04-26 11:00:00,81.74167962037272
2023-04-26 12:00:00,76.83612918442417
2023-04-26 13:00:00,62.22233715260673
2023-04-26 14:00:00,60.28423126429171
2023-04-26 15:00:00,55.11241909755565
2023-04-26 16:00:00,50.49833912398926
2023-04-26 17:00:00,47.58473798197408
2023-04-26 18:00:00,47.47117900069936
2023-04-26 19:00:00,51.209432801757494
2023-04-26 20:00:00,56.19182325712894
2023-04-26 21:00:00,53.3479704301629
2023-04-26 22:00:00,56.80399572305383
2023-04-26 23:00:00,64.85520658570697
2023-04-27 00:00:00,75.40398539402196
2023-04-27 01:00:00,83.85496476399167
2023-04-27 02:00:00,89.01001966901315
2023-04-27 03:00:00,92.60262011434631
2023-04-27 04:00:00,101.58015797616272
2023-04-27 05:00:00,107.77490788924091
2023-04-27 06:00:00,110.87514732917784
2023-04-27 07:00:00,104.10065952313042
2023-04-27 08:00:00,101.83577300281668
2023-04-27 09:00:00,94.50971189135946
2023-04-27 10:00:00,92.7828041481298
2023-04-27 11:00:00,81.47242818212376
2023-04-27 12:00:00,80.82563906620632
2023-04-27 13:00:00,61.27609618725554
2023-04-27 14:00:00,61.18185163773752
2023-04-27 15:00:00,58.28233326036076
2023-04-27 16:00:00,52.93841046808071
2023-04-27 17:00:00,62.49739353123063
2023-04-27 18:00:00,49.769000122839536
2023-04-27 19:00:00,44.03195222711784
2023-04-27 20:00:00,51.58191665102234
2023-04-27 21:00:00,47.95556489706911
2023-04-27 22:00:00,62.65700125351519
2023-04-27 23:00:00,66.14014836191807
2023-04-28 00:00:00,82.65695137780017
2023-04-28 01:00:00,83.10686998009922
2023-04-28 02:00:00,92.51617042102365
2023-04-28 03:00:00,96.14541422857329
2023-04-28 04:00:00,112.79501887279831
2023-04-28 05:00:00,105.50156095808222
2023-04-28 06:00:00,117.302785217396
2023-04-28 07:00:00,111.19853359926353
2023-04-28 08:00:00,106.55109575021108
2023-04-28 09:00:00,101.22686917218647
2023-04-28 10:00:00,95.14898649108254
2023-04-28 11:00:00,76.31620845634711
2023-04-28 12:00:00,76.80558302924719
2023-04-28 13:00:00,74.67121850284502
2023-04-28 14:00:00,62.97551408263282
2023-04-28 15:00:00,49.990847330387055
2023-04-28 16:00:00,51.997215633579465
2023-04-28 17:00:00,57.79275279260577
2023-04-28 18:00:00,54.494458577673605
2023-04-28 19:00:00,48.982205164498446
2023-04-28 20:00:00,57.056484271756105
2023-04-28 21:00:00,55.24426146256307
2023-04-28 22:00:00,54.78064206586484
2023-04-28 23:00:00,65.92309870627676
2023-04-29 00:00:00,86.1344438425431
2023-04-29 01:00:00,84.72460594392646
2023-04-29 02:00:00,92.12308010312424
2023-04-29 03:00:00,98.06401245422046
2023-04-29 04:00:00,113.86144506139807
2023-04-29 05:00:00,115.47756936548281
2023-04-29 06:00:00,119.47390116724067
2023-04-29 07:00:00,106.5725487366721
2023-04-29 08:00:00,105.85888455726996
2023-04-29 09:00:00,92.03999068849295
2023-04-29 10:00:00,100.80467213059026
2023-04-29 11:00:00,80.35567359673611
2023-04-29 12:00:00,79.52387781881477
2023-04-29 13:00:00,65.19891600876312
2023-04-29 14:00:00,60.51566586630747
2023-04-29 15:00:00,53.07048440915446
2023-04-29 16:00:00,49.45986158308805
2023-04-29 17:00:00,46.8166116955827
2023-04-29 18:00:00,45.75865602537461
2023-04-29 19:00:00,53.69889477022909
2023-04-29 20:00:00,47.01492392115446
2023-04-29 21:00:00,58.4195036994722
2023-04-29 22:00:00,69.62979576152861
2023-04-29 23:00:00,68.21944682435362
2023-04-30 00:00:00,74.97040554626005
2023-04-30 01:00:00,85.18194822717439
2023-04-30 02:00:00,99.47862604180231
2023-04-30 03:00:00,100.7737415903636
2023-04-30 04:00:00,101.92469064049641
2023-04-30 05:00:00,110.00715804461164
2023-04-30 06:00:00,103.10853925081788
2023-04-30 07:00:00,111.01457234088726
2023-04-30 08:00:00,106.66379865204195
2023-04-30 09:00:00,98.32416107990053
2023-04-30 10:00:00,89.46707100776624
2023-04-30 11:00:00,82.00116674165913
2023-04-30 12:00:00,81.35408668173181
2023-04-30 13:00:00,77.07033115936999
2023-04-30 14:00:00,60.51346126485459
2023-04-30 15:00:00,59.788730082160846
2023-04-30 16:00:00,42.30410279345711
2023-04-30 17:00:00,46.82913655804265
2023-04-30 18:00:00,48.584705335645495
2023-04-30 19:00:00,45.22380812641911
2023-04-30 20:00:00,48.096706012518766
2023-04-30 21:00:00,54.21789878205797
2023-04-30 22:00:00,65.24096364162918
2023-04-30 23:00:00,70.0887835548914
2023-05-01 00:00:00,67.60884383337596
2023-05-01 01:00:00,75.97107058989968
2023-05-01 02:00:00,90.78567411071528
2023-05-01 03:00:00,102.3316363658617
2023-05-01 04:00:00,91.08323789990621
2023-05-01 05:00:00,105.329123907914
2023-05-01 06:00:00,106.2287607174129
2023-05-01 07:00:00,114.78946367971405
2023-05-01 08:00:00,102.9356530549708
2023-05-01 09:00:00,102.01814835930246
2023-05-01 10:00:00,94.60628570043734
2023-05-01 11:00:00,76.02173895404104
2023-05-01 12:00:00,82.76103608315819
2023-05-01 13:00:00,72.24241117420344
2023-05-01 14:00:00,66.48134319837501
2023-05-01 15:00:00,77.3679850965855
2023-05-01 16:00:00,42.55867318897484
2023-05-01 17:00:00,58.615708460133476
2023-05-01 18:00:00,47.54276240299823
2023-05-01 19:00:00,51.44886973334226
2023-05-01 20:00:00,52.7916766599602
2023-05-01 21:00:00,55.67561489741173
2023-05-01 22:00:00,61.17083535880592
2023-05-01 23:00:00,72.912972324791
2023-05-02 00:00:00,71.45413151664178
2023-05-02 01:00:00,90.56746719068323
2023-05-02 02:00:00,91.97902797557137
2023-05-02 03:00:00,94.63285674039409
2023-05-02 04:00:00,102.81069782355469
2023-05-02 05:00:00,114.35352087298484
2023-05-02 06:00:00,106.42332456491889
2023-05-02 07:00:00,109.88004287972096
2023-05-02 08:00:00,101.44598073495638
2023-05-02 09:00:00,104.13281268521396
2023-05-02 10:00:00,97.56753869395159
2023-05-02 11:00:00,96.15761551955643
2023-05-02 12:00:00,78.28218027250749
2023-05-02 13:00:00,74.74870267071545
2023-05-02 14:00:00,64.6703376976944
2023-05-02 15:00:00,64.4561554737194
2023-05-02 16:00:00,49.62507594842275
2023-05-02 17:00:00,53.957251775715385
2023-05-02 18:00:00,48.24651351941659
2023-05-02 19:00:00,49.93128432578545
2023-05-02 20:00:00,53.71800030870796
2023-05-02 21:00:00,59.297998546537286
2023-05-02 22:00:00,63.678854784392314
2023-05-02 23:00:00,72.57899456277465
2023-05-03 00:00:00,87.17059028781046
2023-05-03 01:00:00,91.98181978114987
2023-05-03 02:00:00,98.64577296248453
2023-05-03 03:00:00,98.2455058054785
2023-05-03 04:00:00,100.85455797239011
2023-05-03 05:00:00,113.08427757986058
2023-05-03 06:00:00,113.72023396264898
2023-05-03 07:00:00,115.69112816742705
2023-05-03 08:00:00,102.32085898368622
2023-05-03 09:00:00,99.4354601587946
2023-05-03 10:00:00,86.18257918737396
2023-05-03 11:00:00,85.19221582277392
2023-05-03 12:00:00,84.38285255289804
2023-05-03 13:00:00,69.31295175078226
2023-05-03 14:00:00,67.62239897600436
2023-05-03 15:00:00,57.26428103441574
2023-05-03 16:00:00,55.07952302757623
2023-05-03 17:00:00,44.733768262249924
2023-05-03 18:00:00,49.886047248169504
2023-05-03 19:00:00,35.536545356824156
2023-05-03 20:00:00,52.56475709565755
2023-05-03 21:00:00,50.12443034582533
2023-05-03 22:00:00,70.52997258273265
2023-05-03 23:00:00,75.63246541074724
2023-05-04 00:00:00,81.85335490982929
2023-05-04 01:00:00,94.89960248887334
2023-05-04 02:00:00,89.79541739587233
2023-05-04 03:00:00,109.50001942517277
2023-05-04 04:00:00,110.20171993483504
2023-05-04 05:00:00,107.36499835257693
2023-05-04 06:00:00,115.25810073591472
2023-05-04 07:00:00,103.03630722661326
2023-05-04 08:00:00,101.45819130589604
2023-05-04 09:00:00,97.78025481939828
2023-05-04 10:00:00,91.97511145968161
2023-05-04 11:00:00,82.11178313927435
2023-05-04 12:00:00,85.75541533547465
2023-05-04 13:00:00,70.59115664507802
2023-05-04 14:00:00,66.4225248417852
2023-05-04 15:00:00,55.60503973233685
2023-05-04 16:00:00,44.59622138372446
2023-05-04 17:00:00,52.06251200328466
2023-05-04 18:00:00,40.13872512290112
2023-05-04 19:00:00,50.38905498090026
2023-05-04 20:00:00,46.897662692301395
2023-05-04 21:00:00,68.45317656055703
2023-05-04 22:00:00,69.29681361087458
2023-05-04 23:00:00,72.51419760328147
2023-05-05 00:00:00,86.07853338827158
2023-05-05 01:00:00,83.30299146574384
2023-05-05 02:00:00,97.49739689334939
2023-05-05 03:00:00,102.0022556041905
2023-05-05 04:00:00,107.10086252020113
2023-05-05 05:00:00,115.14954228920621
2023-05-05 06:00:00,113.482460513899
2023-05-05 07:00:00,110.25139310279759
2023-05-05 08:00:00,97.54632493239154
2023-05-05 09:00:00,96.26297195919993
2023-05-05 10:00:00,94.24645533202069
2023-05-05 11:00:00,88.1014332244628
2023-05-05 12:00:00,74.22898137663246
2023-05-05 13:00:00,84.1838120248166
2023-05-05 14:00:00,72.48197027626924
2023-05-05 15:00:00,61.70738816636572
2023-05-05 16:00:00,54.299422192884386
2023-05-05 17:00:00,49.89118036182284
2023-05-05 18:00:00,45.18040769988882
2023-05-05 19:00:00,51.35962780392175
2023-05-05 20:00:00,55.26800058718058
2023-05-05 21:00:00,52.54799368699682
2023-05-05 22:00:00,66.65088208622194
2023-05-05 23:00:00,71.4491334027997
2023-05-06 00:00:00,70.46096221061063
2023-05-06 01:00:00,83.47264629917768
2023-05-06 02:00:00,92.95197233289308
2023-05-06 03:00:00,110.68164172229743
2023-05-06 04:00:00,108.80352773620126
2023-05-06 05:00:00,102.35036694317185
2023-05-06 06:00:00,112.49018144708819
2023-05-06 07:00:00,101.31125484397995
2023-05-06 08:00:00,111.47421738296869
2023-05-06 09:00:00,98.94758017650831
2023-05-06 10:00:00,94.63181905630695
2023-05-06 11:00:00,94.50355459078783
2023-05-06 12:00:00,73.68418215707807
2023-05-06 13:00:00,65.37983772136016
2023-05-06 14:00:00,62.222003368268936
2023-05-06 15:00:00,64.12869081950275
2023-05-06 16:00:00,46.58250750908348
2023-05-06 17:00:00,37.03144722077504
2023-05-06 18:00:00,47.924205707955004
2023-05-06 19:00:00,53.97092921088276
2023-05-06 20:00:00,60.22054663515894
2023-05-06 21:00:00,56.68098975397508
2023-05-06 22:00:00,63.16286696441985
2023-05-06 23:00:00,78.23493231820156
2023-05-07 00:00:00,70.89129150152324
2023-05-07 01:00:00,86.07196747716281
2023-05-07 02:00:00,96.21211944962309
2023-05-07 03:00:00,103.72929704202119
2023-05-07 04:00:00,103.71172864757773
2023-05-07 05:00:00,109.43997984720123
2023-05-07 06:00:00,97.85836323293505
2023-05-07 07:00:00,105.99653272700358
2023-05-07 08:00:00,108.568305676306
2023-05-07 09:00:00,96.63173326432477
2023-05-07 10:00:00,95.63492110794841
2023-05-07 11:00:00,90.34893385708769
2023-05-07 12:00:00,78.64725399571114
2023-05-07 13:00:00,73.4577475019086
2023-05-07 14:00:00,60.56633717357942
2023-05-07 15:00:00,58.14374016592398
2023-05-07 16:00:00,57.47031873441243
2023-05-07 17:00:00,52.21709001617022
2023-05-07 18:00:00,47.48734365218032
2023-05-07 19:00:00,52.57330723278107
2023-05-07 20:00:00,58.032286839649274
2023-05-07 21:00:00,48.987090171516634
2023-05-07 22:00:00,71.25537032477878
2023-05-07 23:00:00,71.02415495352014
2023-05-08 00:00:00,82.60744966619745
2023-05-08 01:00:00,94.24080597130008
2023-05-08 02:00:00,88.64163151384786
2023-05-08 03:00:00,98.17599842345783
2023-05-08 04:00:00,105.058018634155
2023-05-08 05:00:00,105.58900718304885
2023-05-08 06:00:00,119.21468287918404
2023-05-08 07:00:00,105.24391431953812
2023-05-08 08:00:00,103.76302821609966
2023-05-08 09:00:00,102.80514859361108
2023-05-08 10:00:00,89.56925236961757
2023-05-08 11:00:00,86.37616779429679
2023-05-08 12:00:00,82.1872663062515
2023-05-08 13:00:00,71.1811266250138
2023-05-08 14:00:00,65.15306570550035
2023-05-08 15:00:00,56.770136002160406
2023-05-08 16:00:00,47.086886340564504
2023-05-08 17:00:00,53.28019126802442
2023-05-08 18:00:00,59.4346653582362
2023-05-08 19:00:00,51.784233365245015
2023-05-08 20:00:00,55.8255584727053
2023-05-08 21:00:00,62.94041033998787
2023-05-08 22:00:00,59.35334751726524
2023-05-08 23:00:00,81.4580019375696
2023-05-09 00:00:00,81.73164398211307
2023-05-09 01:00:00,96.65385584852216
2023-05-09 02:00:00,92.07483502237969
2023-05-09 03:00:00,111.05351304838423
2023-05-09 04:00:00,110.61653958370542
2023-05-09 05:00:00,112.51297521793349
2023-05-09 06:00:00,111.95012227176574
2023-05-09 07:00:00,108.52513169830002
2023-05-09 08:00:00,112.78342040590196
2023-05-09 09:00:00,102.7250027848393
2023-05-09 10:00:00,85.98465148206577
2023-05-09 11:00:00,83.00863904454044
2023-05-09 12:00:00,79.91077123903753
2023-05-09 13:00:00,74.63542356275148
2023-05-09 14:00:00,65.57705755550411
2023-05-09 15:00:00,65.75165051337345
2023-05-09 16:00:00,45.143728566273836
2023-05-09 17:00:00,52.63016489385419
2023-05-09 18:00:00,41.810103873064236
2023-05-09 19:00:00,55.73078668874937
2023-05-09 20:00:00,54.46694431425552
2023-05-09 21:00:00,61.8148464245237
2023-05-09 22:00:00,61.62058519704935
2023-05-09 23:00:00,79.58275330521299
2023-05-10 00:00:00,86.16862332029608
2023-05-10 01:00:00,91.65229286813214
2023-05-10 02:00:00,95.33241376568188
2023-05-10 03:00:00,105.1024898620703
2023-05-10 04:00:00,103.44629927359613
2023-05-10 05:00:00,114.26555308377597
2023-05-10 06:00:00,119.2674044716196
2023-05-10 07:00:00,115.36082758856837
2023-05-10 08:00:00,103.37274976449758
2023-05-10 09:00:00,104.07029002196262
2023-05-10 10:00:00,89.59429228120591
2023-05-10 11:00:00,91.69652290895445
2023-05-10 12:00:00,83.33301706431462
2023-05-10 13:00:00,63.9763469492668
2023-05-10 14:00:00,60.2910807804394
2023-05-10 15:00:00,58.48110208068434
2023-05-10 16:00:00,53.63493915076315
2023-05-10 17:00:00,46.104840534233645
2023-05-10 18:00:00,53.08489364676092
2023-05-10 19:00:00,53.429593256030046
2023-05-10 20:00:00,54.207892226574316
2023-05-10 21:00:00,56.17783906361084
2023-05-10 22:00:00,71.4235356320834
2023-05-10 23:00:00,81.7024642123618
2023-05-11 00:00:00,78.78219258076508
2023-05-11 01:00:00,85.91373676730126
2023-05-11 02:00:00,98.67603832705849
2023-05-11 03:00:00,100.65305653686167
2023-05-11 04:00:00,106.52377611021811
2023-05-11 05:00:00,113.92604054729472
2023-05-11 06:00:00,101.71321956246354
2023-05-11 07:00:00,116.83928641293595
2023-05-11 08:00:00,107.62416473517996
2023-05-11 09:00:00,100.44573771278426
2023-05-11 10:00:00,95.8538292288954
2023-05-11 11:00:00,88.88671812817928
2023-05-11 12:00:00,72.66399348277793
2023-05-11 13:00:00,81.04011978419113
2023-05-11 14:00:00,66.5466281613519
2023-05-11 15:00:00,62.351807216640516
2023-05-11 16:00:00,60.13698673933782
2023-05-11 17:00:00,47.28641292352722
2023-05-11 18:00:00,53.74735949517614
2023-05-11 19:00:00,51.07401975683423
2023-05-11 20:00:00,59.65309176254906
2023-05-11 21:00:00,49.56065946264472
2023-05-11 22:00:00,65.92452849879072
2023-05-11 23:00:00,70.65132536800319
2023-05-12 00:00:00,83.60131475317131
2023-05-12 01:00:00,91.56479228991574
2023-05-12 02:00:00,92.92187052589078
2023-05-12 03:00:00,99.12233411471351
2023-05-12 04:00:00,106.9074352707456
2023-05-12 05:00:00,105.98456365209603
2023-05-12 06:00:00,115.70991847726063
2023-05-12 07:00:00,108.64173878643467
2023-05-12 08:00:00,92.96582101692707
2023-05-12 09:00:00,100.869093152489
2023-05-12 10:00:00,91.34728089578041
2023-05-12 11:00:00,81.15819227577259
2023-05-12 12:00:00,75.37286680888694
2023-05-12 13:00:00,74.35247100608713
2023-05-12 14:00:00,73.22320414124349
2023-05-12 15:00:00,61.94271893372899
2023-05-12 16:00:00,52.58672094538923
2023-05-12 17:00:00,54.91174618718152
2023-05-12 18:00:00,49.32454844890505
2023-05-12 19:00:00,49.179223365511426
2023-05-12 20:00:00,49.88742454530135
2023-05-12 21:00:00,51.67765253064315
2023-05-12 22:00:00,64.71038146720223
2023-05-12 23:00:00,74.69569609652632
2023-05-13 00:00:00,81.19688164992543
2023-05-13 01:00:00,87.37473671333733
2023-05-13 02:00:00,91.97126969651349
2023-05-13 03:00:00,105.96443439402054
2023-05-13 04:00:00,101.1151025138007
2023-05-13 05:00:00,114.58791435788929
2023-05-13 06:00:00,106.72891490536638
2023-05-13 07:00:00,106.96559860190777
2023-05-13 08:00:00,100.40683616045553
2023-05-13 09:00:00,100.4761927011679
2023-05-13 10:00:00,101.65656229239072
2023-05-13 11:00:00,92.13271179529443
2023-05-13 12:00:00,86.69211056014403
2023-05-13 13:00:00,76.6561413765959
2023-05-13 14:00:00,61.30165085734809
2023-05-13 15:00:00,58.962850442766765
2023-05-13 16:00:00,51.95824224087923
2023-05-13 17:00:00,59.525099731524264
2023-05-13 18:00:00,45.87605676786844
2023-05-13 19:00:00,57.36071365827342
2023-05-13 20:00:00,60.36400723700979
2023-05-13 21:00:00,69.82489757298413
2023-05-13 22:00:00,64.85156703685436
2023-05-13 23:00:00,77.70703944482256
2023-05-14 00:00:00,93.32825918269344
2023-05-14 01:00:00,86.60636296840501
2023-05-14 02:00:00,89.26479876233799
2023-05-14 03:00:00,93.76315326605882
2023-05-14 04:00:00,111.50432225783824
2023-05-14 05:00:00,101.53202374837882
2023-05-14 06:00:00,110.11840473531039
2023-05-14 07:00:00,113.15434072386702
2023-05-14 08:00:00,108.90663979768208
2023-05-14 09:00:00,105.35042775651739
2023-05-14 10:00:00,98.13144927900568
2023-05-14 11:00:00,96.18890041964553
2023-05-14 12:00:00,77.2784180963071
2023-05-14 13:00:00,70.90045295463086
2023-05-14 14:00:00,63.19670277364638
2023-05-14 15:00:00,65.00775562371805
2023-05-14 16:00:00,60.60123082844389
2023-05-14 17:00:00,55.36835180792089
2023-05-14 18:00:00,58.01746833444964
2023-05-14 19:00:00,47.24202087444579
2023-05-14 20:00:00,64.47535844422302
2023-05-14 21:00:00,68.53298967296212
2023-05-14 22:00:00,70.81810998622707
2023-05-14 23:00:00,83.29442319077971
2023-05-15 00:00:00,73.87688396160972
2023-05-15 01:00:00,87.31233067176291
2023-05-15 02:00:00,93.50348269658652
2023-05-15 03:00:00,107.01060005438148
2023-05-15 04:00:00,102.93005841552224
2023-05-15 05:00:00,114.97525053535902
2023-05-15 06:00:00,119.07268071998357
2023-05-15 07:00:00,114.68378928909151
2023-05-15 08:00:00,109.63951723184204
2023-05-15 09:00:00,98.52383673109325
2023-05-15 10:00:00,93.02574516937513
2023-05-15 11:00:00,96.28266587955923
2023-05-15 12:00:00,86.17674501952499
2023-05-15 13:00:00,74.33033105003973
2023-05-15 14:00:00,65.21045227117159
2023-05-15 15:00:00,50.96775719884858
2023-05-15 16:00:00,50.984975793044995
2023-05-15 17:00:00,62.909320647026234
2023-05-15 18:00:00,45.93772214498767
2023-05-15 19:00:00,54.31962431743293
2023-05-15 20:00:00,61.41645775244129
2023-05-15 21:00:00,54.88218322439132
2023-05-15 22:00:00,68.30355237390616
2023-05-15 23:00:00,79.31500633447706
2023-05-16 00:00:00,82.46249660953418
2023-05-16 01:00:00,104.51658663140608
2023-05-16 02:00:00,89.0770037056077
2023-05-16 03:00:00,108.93684608501611
2023-05-16 04:00:00,107.55675342655033
2023-05-16 05:00:00,115.28737556285567
2023-05-16 06:00:00,114.66653575849624
2023-05-16 07:00:00,107.78199380312256
2023-05-16 08:00:00,109.60574407582986
2023-05-16 09:00:00,94.41369617860602
2023-05-16 10:00:00,100.51623750285653
2023-05-16 11:00:00,91.76536368303243
2023-05-16 12:00:00,85.7133008432179
2023-05-16 13:00:00,80.05602027236054
2023-05-16 14:00:00,69.37809920105016
2023-05-16 15:00:00,62.07724366339488
2023-05-16 16:00:00,52.17389620315936
2023-05-16 17:00:00,50.031121393083424
2023-05-16 18:00:00,58.513673100886656
2023-05-16 19:00:00,60.79390223985725
2023-05-16 20:00:00,55.42868570490641
2023-05-16 21:00:00,61.62681030067111
2023-05-16 22:00:00,63.09692812502839
2023-05-16 23:00:00,80.7292128732604
2023-05-17 00:00:00,85.96708411845619
2023-05-17 01:00:00,100.12065853539364
2023-05-17 02:00:00,93.26838461410236
2023-05-17 03:00:00,101.99316394050517
2023-05-17 04:00:00,109.81799172616017
2023-05-17 05:00:00,114.90022247730009
2023-05-17 06:00:00,111.62166181226183
2023-05-17 07:00:00,107.32296933640335
2023-05-17 08:00:00,113.10779975815133
2023-05-17 09:00:00,107.54888024832582
2023-05-17 10:00:00,93.15862949718445
2023-05-17 11:00:00,97.29178535860463
2023-05-17 12:00:00,88.61099354598264
2023-05-17 13:00:00,75.67691113316437
2023-05-17 14:00:00,68.17798931187941
2023-05-17 15:00:00,64.3470854199859
2023-05-17 16:00:00,52.510722535186545
2023-05-17 17:00:00,53.982382607148374
2023-05-17 18:00:00,42.058082276954096
2023-05-17 19:00:00,58.23450343884275
2023-05-17 20:00:00,49.05177177425536
2023-05-17 21:00:00,69.15389570654686
2023-05-17 22:00:00,66.20939953016736
2023-05-17 23:00:00,74.04709373726666
2023-05-18 00:00:00,79.74133046957752
2023-05-18 01:00:00,89.2143769834672
2023-05-18 02:00:00,104.99265672573772
2023-05-18 03:00:00,91.6841601529204
2023-05-18 04:00:00,115.28558904397293
2023-05-18 05:00:00,113.5978921941805
2023-05-18 06:00:00,106.90489176071392
2023-05-18 07:00:00,106.55121282342671
2023-05-18 08:00:00,117.32272724957484
2023-05-18 09:00:00,99.4556690358847
2023-05-18 10:00:00,92.21324744702088
2023-05-18 11:00:00,96.44114406489813
2023-05-18 12:00:00,84.69276438142982
2023-05-18 13:00:00,70.55580076424404
2023-05-18 14:00:00,69.10312487702583
2023-05-18 15:00:00,56.68803314620304
2023-05-18 16:00:00,62.563344878579485
2023-05-18 17:00:00,59.37908003569379
2023-05-18 18:00:00,55.72003099410972
2023-05-18 19:00:00,55.90053051756211
2023-05-18 20:00:00,65.9051785108029
2023-05-18 21:00:00,61.875228201344946
2023-05-18 22:00:00,62.19062937289505
2023-05-18 23:00:00,77.59279821108673
2023-05-19 00:00:00,93.55023524768157
2023-05-19 01:00:00,85.8207738871444
2023-05-19 02:00:00,96.33268616653001
2023-05-19 03:00:00,106.44543362610261
2023-05-19 04:00:00,108.87123786850469
2023-05-19 05:00:00,107.23625688678433
2023-05-19 06:00:00,118.78928928115236
2023-05-19 07:00:00,123.76797839875847
2023-05-19 08:00:00,110.16141940865367
2023-05-19 09:00:00,99.9028619869164
2023-05-19 10:00:00,90.4751973747309
2023-05-19 11:00:00,92.28445125918431
2023-05-19 12:00:00,88.75938671658221
2023-05-19 13:00:00,77.86126737940357
2023-05-19 14:00:00,68.24798079540606
2023-05-19 15:00:00,59.11043830545594
2023-05-19 16:00:00,51.83841972287634
2023-05-19 17:00:00,58.48598184295271
2023-05-19 18:00:00,57.868858106927924
2023-05-19 19:00:00,46.60357627787407
2023-05-19 20:00:00,65.28843277737083
2023-05-19 21:00:00,64.98715266887336
2023-05-19 22:00:00,75.33797322572747
2023-05-19 23:00:00,68.87478990449571
2023-05-20 00:00:00,76.53087922292157
2023-05-20 01:00:00,90.38972480423985
2023-05-20 02:00:00,100.89392213447535
2023-05-20 03:00:00,113.58500755023212
2023-05-20 04:00:00,112.911156682607
2023-05-20 05:00:00,111.17436840461147
2023-05-20 06:00:00,108.28815396167055
2023-05-20 07:00:00,118.5577776522681
2023-05-20 08:00:00,104.59723498477918
2023-05-20 09:00:00,112.8055462094609
2023-05-20 10:00:00,97.03807675196926
2023-05-20 11:00:00,99.18748171616497
2023-05-20 12:00:00,86.87465645029795
2023-05-20 13:00:00,75.0404511997117
2023-05-20 14:00:00,65.90301814086732
2023-05-20 15:00:00,60.59225717767494
2023-05-20 16:00:00,59.680821348343294
2023-05-20 17:00:00,54.938007692417045
2023-05-20 18:00:00,50.57094295965647
2023-05-20 19:00:00,53.744068159740294
2023-05-20 20:00:00,57.972123035061145
2023-05-20 21:00:00,51.713126092328835
2023-05-20 22:00:00,70.87084057394142
2023-05-20 23:00:00,70.92682252333994
2023-05-21 00:00:00,77.8333379839728
2023-05-21 01:00:00,82.93784961752216
2023-05-21 02:00:00,89.65053751065936
2023-05-21 03:00:00,98.06596592003298
2023-05-21 04:00:00,106.07565732538028
2023-05-21 05:00:00,122.39407047630516
2023-05-21 06:00:00,111.03060162052398
2023-05-21 07:00:00,113.53652532001267
2023-05-21 08:00:00,111.66316904606643
2023-05-21 09:00:00,105.55852936667657
2023-05-21 10:00:00,98.31278269636944
2023-05-21 11:00:00,85.49810253508014
2023-05-21 12:00:00,90.97463774139484
2023-05-21 13:00:00,85.00141186511733
2023-05-21 14:00:00,60.326706529388034
2023-05-21 15:00:00,57.41665360997148
2023-05-21 16:00:00,56.3801861745824
2023-05-21 17:00:00,49.96953623677679
2023-05-21 18:00:00,56.30982776727933
2023-05-21 19:00:00,51.170864199294336
2023-05-21 20:00:00,68.64451822549978
2023-05-21 21:00:00,68.54953953612043
2023-05-21 22:00:00,69.88287015316139
2023-05-21 23:00:00,81.20035996352529
2023-05-22 00:00:00,89.36950212178402
2023-05-22 01:00:00,88.79483391278386
2023-05-22 02:00:00,94.77891377728842
2023-05-22 03:00:00,105.47391875044464
2023-05-22 04:00:00,114.16894273602384
2023-05-22 05:00:00,113.56307678193838
2023-05-22 06:00:00,106.01501758904502
2023-05-22 07:00:00,108.87365256891847
2023-05-22 08:00:00,109.5308977955615
2023-05-22 09:00:00,104.76487541396624
2023-05-22 10:00:00,108.80271088394899
2023-05-22 11:00:00,84.78463164108199
2023-05-22 12:00:00,86.48794620918223
2023-05-22 13:00:00,83.65099418856668
2023-05-22 14:00:00,80.33724872711306
2023-05-22 15:00:00,60.75480944848403
2023-05-22 16:00:00,60.47638515006875
2023-05-22 17:00:00,57.881026997322024
2023-05-22 18:00:00,54.99740865776646
2023-05-22 19:00:00,54.557999205131594
2023-05-22 20:00:00,60.23911483396668
2023-05-22 21:00:00,50.17556613830597
2023-05-22 22:00:00,72.47034745030996
2023-05-22 23:00:00,76.93631816523255
2023-05-23 00:00:00,82.96762551610891
2023-05-23 01:00:00,102.08888233167224
2023-05-23 02:00:00,95.72532990604789
2023-05-23 03:00:00,103.30782349026838
2023-05-23 04:00:00,120.05852862455575
2023-05-23 05:00:00,108.94746826442272
2023-05-23 06:00:00,111.3894235853173
2023-05-23 07:00:00,112.39264767151771
2023-05-23 08:00:00,114.34443452417976
2023-05-23 09:00:00,106.42221597236481
2023-05-23 10:00:00,92.71687326423921
2023-05-23 11:00:00,89.29372853744165
2023-05-23 12:00:00,81.16322783393903
2023-05-23 13:00:00,76.05932342080733
2023-05-23 14:00:00,71.34921829315174
2023-05-23 15:00:00,65.10782534384417
2023-05-23 16:00:00,49.37917911622607
2023-05-23 17:00:00,60.59193014913237
2023-05-23 18:00:00,55.522844229983114
2023-05-23 19:00:00,62.21488544929749
2023-05-23 20:00:00,60.52022952291948
2023-05-23 21:00:00,68.58341135308035
2023-05-23 22:00:00,71.63272655724984
2023-05-23 23:00:00,83.27655742793912
2023-05-24 00:00:00,86.93125318008849
2023-05-24 01:00:00,91.60499512085931
2023-05-24 02:00:00,110.70217360223154
2023-05-24 03:00:00,110.00838904699495
2023-05-24 04:00:00,113.20948421855553
2023-05-24 05:00:00,106.96625270598017
2023-05-24 06:00:00,107.9384619126823
2023-05-24 07:00:00,114.83135219938228
2023-05-24 08:00:00,111.10836810237525
2023-05-24 09:00:00,102.5525906105547
2023-05-24 10:00:00,100.12491349806137
2023-05-24 11:00:00,100.13770599329291
2023-05-24 12:00:00,87.91701237275564
2023-05-24 13:00:00,70.9803860981628
2023-05-24 14:00:00,68.90245586428547
2023-05-24 15:00:00,59.23196416014195
2023-05-24 16:00:00,56.560738304423886
2023-05-24 17:00:00,53.44414688317916
2023-05-24 18:00:00,52.111772086979975
2023-05-24 19:00:00,49.25654835146081
2023-05-24 20:00:00,57.90096447887485
2023-05-24 21:00:00,60.51375838016694
2023-05-24 22:00:00,54.892756549990246
2023-05-24 23:00:00,87.05028876942978
2023-05-25 00:00:00,90.0038482710823
2023-05-25 01:00:00,90.45306772844822
2023-05-25 02:00:00,99.67409524870253
2023-05-25 03:00:00,99.94493169900962
2023-05-25 04:00:00,119.05937650258748
2023-05-25 05:00:00,123.07421826253723
2023-05-25 06:00:00,115.40346864123262
2023-05-25 07:00:00,118.72542800959901
2023-05-25 08:00:00,111.49719600820228
2023-05-25 09:00:00,99.17957624121709
2023-05-25 10:00:00,97.60088315518335
2023-05-25 11:00:00,93.09421118693864
2023-05-25 12:00:00,82.40726140628415
2023-05-25 13:00:00,75.83216225974864
2023-05-25 14:00:00,69.24300221245518
2023-05-25 15:00:00,63.09240407507549
2023-05-25 16:00:00,59.00053033895614
2023-05-25 17:00:00,50.449199879345414
2023-05-25 18:00:00,51.15491925436032
2023-05-25 19:00:00,49.349303882827776
2023-05-25 20:00:00,63.66831563489817
2023-05-25 21:00:00,53.028561855199
2023-05-25 22:00:00,75.54795171658272
2023-05-25 23:00:00,83.95717563323834
2023-05-26 00:00:00,83.2890970650852
2023-05-26 01:00:00,79.55888591393938
2023-05-26 02:00:00,98.01344719016548
2023-05-26 03:00:00,105.72228262915046
2023-05-26 04:00:00,105.76777101388825
2023-05-26 05:00:00,111.25168281963028
2023-05-26 06:00:00,122.51097599431675
2023-05-26 07:00:00,117.17241060018029
2023-05-26 08:00:00,106.23794154164419
2023-05-26 09:00:00,98.11520758762003
2023-05-26 10:00:00,98.26491341195334
2023-05-26 11:00:00,91.607287456324
2023-05-26 12:00:00,87.4009959368152
2023-05-26 13:00:00,74.48884508408615
2023-05-26 14:00:00,72.49749787681061
2023-05-26 15:00:00,73.41256676470682
2023-05-26 16:00:00,63.05674299868865
2023-05-26 17:00:00,55.751782674673834
2023-05-26 18:00:00,54.06424764473353
2023-05-26 19:00:00,54.2288595404281
2023-05-26 20:00:00,64.92244244872587
2023-05-26 21:00:00,60.660229334646054
2023-05-26 22:00:00,70.24611354500038
2023-05-26 23:00:00,77.52141815632893
2023-05-27 00:00:00,82.53107903594339
2023-05-27 01:00:00,85.95224361365145
2023-05-27 02:00:00,101.67487251808676
2023-05-27 03:00:00,105.9781835763196
2023-05-27 04:00:00,113.56196446071536
2023-05-27 05:00:00,111.39977325647638
2023-05-27 06:00:00,121.20410649406523
2023-05-27 07:00:00,109.70390588261341
2023-05-27 08:00:00,119.66096353362278
2023-05-27 09:00:00,97.60502088645633
2023-05-27 10:00:00,102.31385032278426
2023-05-27 11:00:00,95.29172476570663
2023-05-27 12:00:00,81.18221466029826
2023-05-27 13:00:00,79.52739833623012
2023-05-27 14:00:00,76.57759334880268
2023-05-27 15:00:00,52.89270236763339
2023-05-27 16:00:00,61.73296192392004
2023-05-27 17:00:00,43.765871109678365
2023-05-27 18:00:00,50.39167598238396
2023-05-27 19:00:00,64.39805703583201
2023-05-27 20:00:00,56.35032771950627
2023-05-27 21:00:00,58.167396742359664
2023-05-27 22:00:00,69.2703113550765
2023-05-27 23:00:00,87.84496033774064
2023-05-28 00:00:00,76.12158876396687
2023-05-28 01:00:00,87.7980217948779
2023-05-28 02:00:00,107.78715841589894
2023-05-28 03:00:00,115.81171515328472
2023-05-28 04:00:00,110.78360599208077
2023-05-28 05:00:00,108.11251127603794
2023-05-28 06:00:00,125.8192175090458
2023-05-28 07:00:00,122.2999867474179
2023-05-28 08:00:00,114.7354970523448
2023-05-28 09:00:00,102.5211916909086
2023-05-28 10:00:00,100.13485329581313
2023-05-28 11:00:00,92.35277094785327
2023-05-28 12:00:00,87.05425652307781
2023-05-28 13:00:00,84.90043583758238
2023-05-28 14:00:00,74.8170852056865
2023-05-28 15:00:00,58.82991617948279
2023-05-28 16:00:00,66.34172013656568
2023-05-28 17:00:00,58.037885911393815
2023-05-28 18:00:00,58.89532897929458
2023-05-28 19:00:00,63.82492950772101
2023-05-28 20:00:00,53.94133663890016
2023-05-28 21:00:00,64.09766867086935
2023-05-28 22:00:00,67.84272724320327
2023-05-28 23:00:00,69.90613152009497
2023-05-29 00:00:00,87.25354988802437
2023-05-29 01:00:00,105.8523541109994
2023-05-29 02:00:00,91.33961127746852
2023-05-29 03:00:00,106.60180038034827
2023-05-29 04:00:00,114.74347678890572
2023-05-29 05:00:00,115.1631657969528
2023-05-29 06:00:00,115.0143597374213
2023-05-29 07:00:00,108.07169297144297
2023-05-29 08:00:00,112.74469582823477
2023-05-29 09:00:00,103.03938355051893
2023-05-29 10:00:00,89.67039147510815
2023-05-29 11:00:00,99.36753245564341
2023-05-29 12:00:00,90.43192909921076
2023-05-29 13:00:00,78.14373353118171
2023-05-29 14:00:00,71.8053734410315
2023-05-29 15:00:00,69.82838662798244
2023-05-29 16:00:00,60.820936170357015
2023-05-29 17:00:00,61.232312985134776
2023-05-29 18:00:00,54.21258899563075
2023-05-29 19:00:00,63.29214390419668
2023-05-29 20:00:00,61.34316651612931
2023-05-29 21:00:00,65.48705628243299
2023-05-29 22:00:00,64.38969455643863
2023-05-29 23:00:00,79.42020791843348
2023-05-30 00:00:00,81.60022541252344
2023-05-30 01:00:00,90.34315772043091
2023-05-30 02:00:00,96.70312185841908
2023-05-30 03:00:00,101.67202877609901
2023-05-30 04:00:00,122.40461912861804
2023-05-30 05:00:00,121.4444700986146
2023-05-30 06:00:00,125.4218375107213
2023-05-30 07:00:00,108.69329969089443
2023-05-30 08:00:00,112.17703086308873
2023-05-30 09:00:00,100.59566530957613
2023-05-30 10:00:00,97.38152561401321
2023-05-30 11:00:00,89.0439364359958
2023-05-30 12:00:00,92.07792003220902
2023-05-30 13:00:00,76.14428025641814
2023-05-30 14:00:00,76.24189666847069
2023-05-30 15:00:00,67.71740101234526
2023-05-30 16:00:00,71.45743164699087
2023-05-30 17:00:00,49.55500409562975
2023-05-30 18:00:00,62.236166198933994
2023-05-30 19:00:00,62.7044295633313
2023-05-30 20:00:00,55.112343696332104
2023-05-30 21:00:00,69.79246324676895
2023-05-30 22:00:00,72.66072481512937
2023-05-30 23:00:00,77.08804734715397
2023-05-31 00:00:00,81.88032256513847
2023-05-31 01:00:00,90.17902409583012
2023-05-31 02:00:00,111.26906047892876
2023-05-31 03:00:00,107.24661753038451
2023-05-31 04:00:00,115.93141212118849
2023-05-31 05:00:00,111.07327788033378
2023-05-31 06:00:00,112.16073526889181
2023-05-31 07:00:00,120.45769883492214
2023-05-31 08:00:00,105.31288105577522
2023-05-31 09:00:00,105.22713459607314
2023-05-31 10:00:00,101.27013705536321
2023-05-31 11:00:00,94.43143436227628
2023-05-31 12:00:00,85.22453357492107
2023-05-31 13:00:00,80.34452755240389
2023-05-31 14:00:00,74.60427877908725
2023-05-31 15:00:00,68.60998429170219
2023-05-31 16:00:00,55.250218843128124
2023-05-31 17:00:00,55.771449721684554
2023-05-31 18:00:00,62.153814309384686
2023-05-31 19:00:00,61.685461149197735
2023-05-31 20:00:00,53.35494062905992
2023-05-31 21:00:00,66.75419606616371
2023-05-31 22:00:00,61.32887375312362
2023-05-31 23:00:00,78.70010315722551
2023-06-01 00:00:00,95.72883508373111
2023-06-01 01:00:00,89.27510776673049
2023-06-01 02:00:00,97.08838477254066
2023-06-01 03:00:00,111.30335234345851
2023-06-01 04:00:00,104.54675453748436
2023-06-01 05:00:00,112.10399963924706
2023-06-01 06:00:00,119.28220568790877
2023-06-01 07:00:00,112.11634555022557
2023-06-01 08:00:00,111.12091217748005
2023-06-01 09:00:00,111.2641319871727
2023-06-01 10:00:00,103.44773041768246
2023-06-01 11:00:00,95.44866333455366
2023-06-01 12:00:00,84.6643886036489
2023-06-01 13:00:00,80.45573422327297
2023-06-01 14:00:00,70.76133659950294
2023-06-01 15:00:00,67.46582461403251
2023-06-01 16:00:00,57.93457776087768
2023-06-01 17:00:00,56.51938033943013
2023-06-01 18:00:00,51.470211037239935
2023-06-01 19:00:00,57.277187161296155
2023-06-01 20:00:00,56.4042335683224
2023-06-01 21:00:00,59.666564313592275
2023-06-01 22:00:00,72.75330573927701
2023-06-01 23:00:00,79.76912752621465
2023-06-02 00:00:00,90.39436867474004
2023-06-02 01:00:00,92.0989435051993
2023-06-02 02:00:00,103.54026423418178
2023-06-02 03:00:00,110.4771912969645
2023-06-02 04:00:00,114.72463115269194
2023-06-02 05:00:00,111.37950637466051
2023-06-02 06:00:00,117.28681741135594
2023-06-02 07:00:00,117.34847626894606
2023-06-02 08:00:00,112.57665444807326
2023-06-02 09:00:00,97.35081514374015
2023-06-02 10:00:00,102.38244811986762
2023-06-02 11:00:00,105.41722655006348
2023-06-02 12:00:00,84.79980365621823
2023-06-02 13:00:00,75.2050431576489
2023-06-02 14:00:00,73.4867427985563
2023-06-02 15:00:00,66.9786876167369
2023-06-02 16:00:00,66.62291371354998
2023-06-02 17:00:00,51.38288443178443
2023-06-02 18:00:00,60.316901262874964
2023-06-02 19:00:00,60.64433551758537
2023-06-02 20:00:00,59.98850520176356
2023-06-02 21:00:00,67.17023315401265
2023-06-02 22:00:00,76.84728740798833
2023-06-02 23:00:00,83.30700554706468
2023-06-03 00:00:00,81.0049034396313
2023-06-03 01:00:00,98.5953622868516
2023-06-03 02:00:00,101.41655697483782
2023-06-03 03:00:00,108.32757392567089
2023-06-03 04:00:00,113.1067470685404
2023-06-03 05:00:00,114.99655984468063
2023-06-03 06:00:00,122.73853748553533
2023-06-03 07:00:00,115.34918498942596
2023-06-03 08:00:00,107.18303147161633
2023-06-03 09:00:00,106.0555541557498
2023-06-03 10:00:00,102.71347358405316
2023-06-03 11:00:00,100.74064527456314
2023-06-03 12:00:00,89.85547342474456
2023-06-03 13:00:00,74.83275225318764
2023-06-03 14:00:00,84.2859495833973
2023-06-03 15:00:00,66.9806731192944
2023-06-03 16:00:00,67.2761915764633
2023-06-03 17:00:00,57.15365304344201
2023-06-03 18:00:00,59.56679622352725
2023-06-03 19:00:00,62.129567733919906
2023-06-03 20:00:00,67.03021144523726
2023-06-03 21:00:00,71.00363809129244
2023-06-03 22:00:00,76.30098500036384
2023-06-03 23:00:00,77.60999499095455
2023-06-04 00:00:00,84.10126979021899
2023-06-04 01:00:00,96.39760890469452
2023-06-04 02:00:00,106.64564036170222
2023-06-04 03:00:00,107.08959993171223
2023-06-04 04:00:00,118.30662194210525
2023-06-04 05:00:00,123.25085851610264
2023-06-04 06:00:00,112.43839540463291
2023-06-04 07:00:00,111.82317126969168
2023-06-04 08:00:00,112.31888681900749
2023-06-04 09:00:00,109.80126677654248
2023-06-04 10:00:00,99.43716493116608
2023-06-04 11:00:00,101.59558474741094
2023-06-04 12:00:00,89.2003343075967
2023-06-04 13:00:00,79.52266388813048
2023-06-04 14:00:00,64.9204523806578
2023-06-04 15:00:00,59.317717482267426
2023-06-04 16:00:00,62.54428413787587
2023-06-04 17:00:00,47.48924708055327
2023-06-04 18:00:00,62.20318704822036
2023-06-04 19:00:00,57.38145598946611
2023-06-04 20:00:00,77.39470273443932
2023-06-04 21:00:00,77.49637781748383
2023-06-04 22:00:00,71.27275465376376
2023-06-04 23:00:00,78.8937436342646
2023-06-05 00:00:00,92.1779075700088
2023-06-05 01:00:00,103.49043440266311
2023-06-05 02:00:00,94.02985471281919
2023-06-05 03:00:00,99.5113261088238
2023-06-05 04:00:00,110.1105880857611
2023-06-05 05:00:00,119.1414627045409
2023-06-05 06:00:00,119.74436795253797
2023-06-05 07:00:00,121.59663206359164
2023-06-05 08:00:00,107.26227447170626
2023-06-05 09:00:00,96.92248412075257
2023-06-05 10:00:00,106.5900709765126
2023-06-05 11:00:00,90.93358998825296
2023-06-05 12:00:00,77.22756067805848
2023-06-05 13:00:00,80.290747376721
2023-06-05 14:00:00,76.30587844109439
2023-06-05 15:00:00,65.52651090379662
2023-06-05 16:00:00,59.089995955556425
2023-06-05 17:00:00,57.59541405059896
2023-06-05 18:00:00,55.52708618799609
2023-06-05 19:00:00,51.6719896516267
2023-06-05 20:00:00,57.84583450151487
2023-06-05 21:00:00,68.80319608946948
2023-06-05 22:00:00,74.02839270688033
2023-06-05 23:00:00,80.50572767675794
2023-06-06 00:00:00,82.46425759073111
2023-06-06 01:00:00,94.30705554239726
2023-06-06 02:00:00,91.57467476778739
2023-06-06 03:00:00,109.5755867550213
2023-06-06 04:00:00,120.60505065260051
2023-06-06 05:00:00,109.09711412846089
2023-06-06 06:00:00,114.57036163341122
2023-06-06 07:00:00,118.1333086822223
2023-06-06 08:00:00,119.76497528567226
2023-06-06 09:00:00,106.50208035409666
2023-06-06 10:00:00,99.07874835367298
2023-06-06 11:00:00,85.46995564099606
2023-06-06 12:00:00,88.07719064653945
2023-06-06 13:00:00,90.01580884764344
2023-06-06 14:00:00,73.96679230982494
2023-06-06 15:00:00,66.26540166848731
2023-06-06 16:00:00,63.22964944030242
2023-06-06 17:00:00,58.57676519158477
2023-06-06 18:00:00,53.554928138699346
2023-06-06 19:00:00,62.7686247897159
2023-06-06 20:00:00,62.78804550202378
2023-06-06 21:00:00,66.52486282407064
2023-06-06 22:00:00,67.78316986360898
2023-06-06 23:00:00,86.42296830659701
2023-06-07 00:00:00,91.00351372666633
2023-06-07 01:00:00,92.68996716623515
2023-06-07 02:00:00,107.70912426840783
2023-06-07 03:00:00,106.43534924367029
2023-06-07 04:00:00,109.79074465097716
2023-06-07 05:00:00,112.9092592012707
2023-06-07 06:00:00,108.88465723455955
2023-06-07 07:00:00,119.08548669076373
2023-06-07 08:00:00,104.58503772184172
2023-06-07 09:00:00,102.84098427926905
2023-06-07 10:00:00,92.4020599546074
2023-06-07 11:00:00,95.12422288911934
2023-06-07 12:00:00,87.04839769864361
2023-06-07 13:00:00,78.41194758099354
2023-06-07 14:00:00,67.60711152664925
2023-06-07 15:00:00,60.755627797220725
2023-06-07 16:00:00,64.18108720419897
2023-06-07 17:00:00,56.119465552786394
2023-06-07 18:00:00,59.44179160768072
2023-06-07 19:00:00,54.46598178070609
2023-06-07 20:00:00,62.8045516003218
2023-06-07 21:00:00,73.19318675098465
2023-06-07 22:00:00,75.83082900196358
2023-06-07 23:00:00,78.08335955584019
2023-06-08 00:00:00,89.20599485177635
2023-06-08 01:00:00,94.49124548042327
2023-06-08 02:00:00,102.97940092347417
2023-06-08 03:00:00,107.53514817485333
2023-06-08 04:00:00,113.11908608410508
2023-06-08 05:00:00,118.00824155404196
2023-06-08 06:00:00,113.01320650209026
2023-06-08 07:00:00,111.8883806537221
2023-06-08 08:00:00,107.03804934437773
2023-06-08 09:00:00,101.22184791307735
2023-06-08 10:00:00,96.9335865389012
2023-06-08 11:00:00,96.59188388709836
2023-06-08 12:00:00,83.57606242254079
2023-06-08 13:00:00,82.85350096808146
2023-06-08 14:00:00,73.23356874376255
2023-06-08 15:00:00,57.01427549721652
2023-06-08 16:00:00,65.37411580757659
2023-06-08 17:00:00,63.166218439286666
2023-06-08 18:00:00,53.13068662582573
2023-06-08 19:00:00,61.23318292580288
2023-06-08 20:00:00,57.85674669942178
2023-06-08 21:00:00,67.40514844814312
2023-06-08 22:00:00,66.81750796522428
2023-06-08 23:00:00,71.4198963842491
2023-06-09 00:00:00,86.24591405193465
2023-06-09 01:00:00,95.31592662170284
2023-06-09 02:00:00,101.19160153192401
2023-06-09 03:00:00,103.48305064448259
2023-06-09 04:00:00,112.18126680287602
2023-06-09 05:00:00,118.53424855157549
2023-06-09 06:00:00,117.99553484938731
2023-06-09 07:00:00,118.12027994166823
2023-06-09 08:00:00,110.87018611126294
2023-06-09 09:00:00,115.32179300917959
2023-06-09 10:00:00,97.37913331722729
2023-06-09 11:00:00,98.47237283850865
2023-06-09 12:00:00,94.18945546480066
2023-06-09 13:00:00,82.92996911067108
2023-06-09 14:00:00,72.2873788646791
2023-06-09 15:00:00,64.45531133108994
2023-06-09 16:00:00,67.51967614169803
2023-06-09 17:00:00,52.23735058501991
2023-06-09 18:00:00,53.48937869810179
2023-06-09 19:00:00,57.38443638386827
2023-06-09 20:00:00,68.56750667402572
2023-06-09 21:00:00,69.05563474460789
2023-06-09 22:00:00,68.53977120744732
2023-06-09 23:00:00,79.07389012000012
2023-06-10 00:00:00,85.32838427951394
2023-06-10 01:00:00,92.62562639190541
2023-06-10 02:00:00,108.31444779278333
2023-06-10 03:00:00,102.78448778927739
2023-06-10 04:00:00,122.46466639220495
2023-06-10 05:00:00,121.56892323959563
2023-06-10 06:00:00,123.9143083530185
2023-06-10 07:00:00,115.13307722854603
2023-06-10 08:00:00,113.71105851813888
2023-06-10 09:00:00,102.53744436297328
2023-06-10 10:00:00,100.87668796466478
2023-06-10 11:00:00,98.74284559129143
2023-06-10 12:00:00,95.00031530890848
2023-06-10 13:00:00,75.22964456291497
2023-06-10 14:00:00,71.71247031507451
2023-06-10 15:00:00,66.58030046324028
2023-06-10 16:00:00,55.60029187550465
2023-06-10 17:00:00,62.54897142012045
2023-06-10 18:00:00,54.96004834128695
2023-06-10 19:00:00,58.63527345544247
2023-06-10 20:00:00,60.35949102690773
2023-06-10 21:00:00,63.45010403580458
2023-06-10 22:00:00,73.58477507259815
2023-06-10 23:00:00,79.7873807540806
2023-06-11 00:00:00,86.78071058860485
2023-06-11 01:00:00,92.77226324467404
2023-06-11 02:00:00,105.25762335391363
2023-06-11 03:00:00,118.15128977805831
2023-06-11 04:00:00,115.3601982777267
2023-06-11 05:00:00,122.64836586322711
2023-06-11 06:00:00,111.74889037423269
2023-06-11 07:00:00,118.47658198514135
2023-06-11 08:00:00,109.21392051867771
2023-06-11 09:00:00,102.55857879793535
2023-06-11 10:00:00,100.04314296270712
2023-06-11 11:00:00,102.47406802514416
2023-06-11 12:00:00,93.51007914335038
2023-06-11 13:00:00,82.22045225719656
2023-06-11 14:00:00,66.1164972005488
2023-06-11 15:00:00,66.59539330746607
2023-06-11 16:00:00,64.32773793097608
2023-06-11 17:00:00,60.70990635922161
2023-06-11 18:00:00,49.60103208259627
2023-06-11 19:00:00,55.400635971228944
2023-06-11 20:00:00,62.53884906572322
2023-06-11 21:00:00,70.31825111198843
2023-06-11 22:00:00,62.87936089449768
2023-06-11 23:00:00,80.2948087695241
2023-06-12 00:00:00,89.5952438493957
2023-06-12 01:00:00,100.9026312956562
2023-06-12 02:00:00,107.36428792118548
2023-06-12 03:00:00,113.03606002963804
2023-06-12 04:00:00,110.90105958002276
2023-06-12 05:00:00,108.36776410305565
2023-06-12 06:00:00,116.974736214693
2023-06-12 07:00:00,122.93593391471458
2023-06-12 08:00:00,121.90803475115723
2023-06-12 09:00:00,113.73594894708665
2023-06-12 10:00:00,106.12670411400859
2023-06-12 11:00:00,98.65276959500676
2023-06-12 12:00:00,86.21940626619548
2023-06-12 13:00:00,80.59512717916037
2023-06-12 14:00:00,82.36534762913362
2023-06-12 15:00:00,63.10400653544442
2023-06-12 16:00:00,71.13313184001697
2023-06-12 17:00:00,58.46208443886761
2023-06-12 18:00:00,65.6871605454754
2023-06-12 19:00:00,53.058150163839564
2023-06-12 20:00:00,66.02875889228972
2023-06-12 21:00:00,64.19294588466393
2023-06-12 22:00:00,67.02366404037888
2023-06-12 23:00:00,82.43809885898078
2023-06-13 00:00:00,94.16735894297672
2023-06-13 01:00:00,92.66986416010373
2023-06-13 02:00:00,96.64492019770869
2023-06-13 03:00:00,109.90397961392121
2023-06-13 04:00:00,114.7035854696462
2023-06-13 05:00:00,120.8893729264454
2023-06-13 06:00:00,123.92797285682245
2023-06-13 07:00:00,117.87069888230948
2023-06-13 08:00:00,124.458278687505
2023-06-13 09:00:00,111.54437715827466
2023-06-13 10:00:00,102.48786746996302
2023-06-13 11:00:00,88.93673455756671
2023-06-13 12:00:00,87.9267023984192
2023-06-13 13:00:00,79.80349391987014
2023-06-13 14:00:00,79.06152398140988
2023-06-13 15:00:00,70.36921468473612
2023-06-13 16:00:00,57.40239227830326
2023-06-13 17:00:00,61.17349714338326
2023-06-13 18:00:00,62.65765585864527
2023-06-13 19:00:00,67.97238200826625
2023-06-13 20:00:00,67.77675772353815
2023-06-13 21:00:00,71.92102983596138
2023-06-13 22:00:00,74.64042997307507
2023-06-13 23:00:00,83.52698867403939
2023-06-14 00:00:00,95.60752450352703
2023-06-14 01:00:00,90.47068436567893
2023-06-14 02:00:00,102.63280336391536
2023-06-14 03:00:00,106.74035969181432
2023-06-14 04:00:00,117.27652770716242
2023-06-14 05:00:00,124.53888566692493
2023-06-14 06:00:00,116.43512856639464
2023-06-14 07:00:00,106.45625295132494
2023-06-14 08:00:00,113.35965838841166
2023-06-14 09:00:00,115.23057209568569
2023-06-14 10:00:00,107.14814951475338
2023-06-14 11:00:00,99.37550259212775
2023-06-14 12:00:00,88.08003349062827
2023-06-14 13:00:00,75.3302749658275
2023-06-14 14:00:00,77.07647160811952
2023-06-14 15:00:00,64.12538751423399
2023-06-14 16:00:00,74.45972155336895
2023-06-14 17:00:00,63.404761253100816
2023-06-14 18:00:00,56.636758487230246
2023-06-14 19:00:00,57.515298974385544
2023-06-14 20:00:00,63.11451685339619
2023-06-14 21:00:00,67.15928695429477
2023-06-14 22:00:00,80.16416887764845
2023-06-14 23:00:00,82.75750949564176
2023-06-15 00:00:00,85.94184130545977
2023-06-15 01:00:00,106.82677477885548
2023-06-15 02:00:00,104.86654165760069
2023-06-15 03:00:00,114.68740181543954
2023-06-15 04:00:00,112.57962957630767
2023-06-15 05:00:00,120.44335292739517
2023-06-15 06:00:00,121.21554995571597
2023-06-15 07:00:00,109.19952832819152
2023-06-15 08:00:00,125.73713766583754
2023-06-15 09:00:00,117.35642574021185
2023-06-15 10:00:00,102.7140234192687
2023-06-15 11:00:00,91.96322265079623
2023-06-15 12:00:00,91.45780806901908
2023-06-15 13:00:00,82.39891714399903
2023-06-15 14:00:00,76.51834474281979
2023-06-15 15:00:00,69.49468354537319
2023-06-15 16:00:00,66.31044283299661
2023-06-15 17:00:00,68.02875370828744
2023-06-15 18:00:00,62.620516025643234
2023-06-15 19:00:00,55.563947716777044
2023-06-15 20:00:00,70.63205215002948
2023-06-15 21:00:00,76.7998693818445
2023-06-15 22:00:00,90.58028367255854
2023-06-15 23:00:00,76.44795848072948
2023-06-16 00:00:00,91.05441006574632
2023-06-16 01:00:00,87.204077837131
2023-06-16 02:00:00,107.62574578189506
2023-06-16 03:00:00,108.34220194476075
2023-06-16 04:00:00,125.47799108765932
2023-06-16 05:00:00,114.99469993857772
2023-06-16 06:00:00,111.45408481016369
2023-06-16 07:00:00,116.53145608515986
2023-06-16 08:00:00,106.02332325744898
2023-06-16 09:00:00,114.8987007081313
2023-06-16 10:00:00,94.6145847687176
2023-06-16 11:00:00,97.85685925899193
2023-06-16 12:00:00,79.57094090072098
2023-06-16 13:00:00,80.60393962424448
2023-06-16 14:00:00,83.19689077902098
2023-06-16 15:00:00,70.58003602158219
2023-06-16 16:00:00,59.70176986164264
2023-06-16 17:00:00,60.876207766633144
2023-06-16 18:00:00,60.11008436022224
2023-06-16 19:00:00,63.41537694054538
2023-06-16 20:00:00,57.22494607006276
2023-06-16 21:00:00,71.79963293363927
2023-06-16 22:00:00,61.5380418419837
2023-06-16 23:00:00,79.15600588510121
2023-06-17 00:00:00,87.6386307877434
2023-06-17 01:00:00,101.02120548343149
2023-06-17 02:00:00,105.2131542633828
2023-06-17 03:00:00,104.29538816631272
2023-06-17 04:00:00,111.17579648444575
2023-06-17 05:00:00,120.10117483640927
2023-06-17 06:00:00,119.74466329067722
2023-06-17 07:00:00,116.23215424049388
2023-06-17 08:00:00,113.73659316597167
2023-06-17 09:00:00,114.86404342139649
2023-06-17 10:00:00,102.59153713565368
2023-06-17 11:00:00,97.51411513293138
2023-06-17 12:00:00,101.04968294040533
2023-06-17 13:00:00,75.32701546250212
2023-06-17 14:00:00,65.96078634213148
2023-06-17 15:00:00,72.93474488839671
2023-06-17 16:00:00,60.86602257999713
2023-06-17 17:00:00,59.68103757261564
2023-06-17 18:00:00,56.35421810934443
2023-06-17 19:00:00,59.99322450749062
2023-06-17 20:00:00,72.29192844694826
2023-06-17 21:00:00,73.08743885749274
2023-06-17 22:00:00,79.6111175594319
2023-06-17 23:00:00,75.46429336796301
2023-06-18 00:00:00,84.56423131723614
2023-06-18 01:00:00,83.89917805564755
2023-06-18 02:00:00,101.29309589458413
2023-06-18 03:00:00,116.34671936752198
2023-06-18 04:00:00,118.92549469227576
2023-06-18 05:00:00,118.24020847391145
2023-06-18 06:00:00,120.26849858140973
2023-06-18 07:00:00,115.92334707579576
2023-06-18 08:00:00,117.40455652554422
2023-06-18 09:00:00,115.45259483299873
2023-06-18 10:00:00,97.34056606294794
2023-06-18 11:00:00,99.69280979226411
2023-06-18 12:00:00,95.10217435477661
2023-06-18 13:00:00,80.60992720211208
2023-06-18 14:00:00,78.96350306060236
2023-06-18 15:00:00,83.33006878676689
2023-06-18 16:00:00,63.9775239215335
2023-06-18 17:00:00,63.47876046135376
2023-06-18 18:00:00,56.809714581693044
2023-06-18 19:00:00,62.438481024338266
2023-06-18 20:00:00,66.84059601137776
2023-06-18 21:00:00,70.2910082657524
2023-06-18 22:00:00,70.44152340145807
2023-06-18 23:00:00,83.81723750354628
2023-06-19 00:00:00,97.87097969358801
2023-06-19 01:00:00,100.57775017564668
2023-06-19 02:00:00,110.38993594535654
2023-06-19 03:00:00,110.61814358553491
2023-06-19 04:00:00,120.33026331065213
2023-06-19 05:00:00,120.98411397975453
2023-06-19 06:00:00,115.86544635156385
2023-06-19 07:00:00,121.20037981266731
2023-06-19 08:00:00,111.66227879633067
2023-06-19 09:00:00,108.69880206117216
2023-06-19 10:00:00,106.60664153646275
2023-06-19 11:00:00,99.92079271997862
2023-06-19 12:00:00,84.73383767461826
2023-06-19 13:00:00,88.19535750283735
2023-06-19 14:00:00,78.56003139150235
2023-06-19 15:00:00,65.97315438635017
2023-06-19 16:00:00,57.05131390422241
2023-06-19 17:00:00,61.02770231592192
2023-06-19 18:00:00,58.5102814306942
2023-06-19 19:00:00,62.33792749659296
2023-06-19 20:00:00,62.963654580688086
2023-06-19 21:00:00,59.51951226067621
2023-06-19 22:00:00,73.83826530849011
2023-06-19 23:00:00,81.49733309158341
2023-06-20 00:00:00,93.96830512386948
2023-06-20 01:00:00,95.08357298001818
2023-06-20 02:00:00,114.21337336686553
2023-06-20 03:00:00,102.48500068233399
2023-06-20 04:00:00,123.37659960254638
2023-06-20 05:00:00,118.7061799342812
2023-06-20 06:00:00,125.15792436171778
2023-06-20 07:00:00,120.24678220896503
2023-06-20 08:00:00,122.55853979366329
2023-06-20 09:00:00,110.16639361283251
2023-06-20 10:00:00,100.40689787411236
2023-06-20 11:00:00,105.77709278943394
2023-06-20 12:00:00,90.35259677058704
2023-06-20 13:00:00,84.27322101504464
2023-06-20 14:00:00,82.11375957022452
2023-06-20 15:00:00,64.57702035393287
2023-06-20 16:00:00,67.9566923746649
2023-06-20 17:00:00,59.042751429013016
2023-06-20 18:00:00,60.319153221778144
2023-06-20 19:00:00,62.37362003824913
2023-06-20 20:00:00,57.51812857923091
2023-06-20 21:00:00,65.9026113502986
2023-06-20 22:00:00,82.77536446206693
2023-06-20 23:00:00,87.69638458984834
2023-06-21 00:00:00,90.72680211336235
2023-06-21 01:00:00,100.03018864563727
2023-06-21 02:00:00,104.58878747181393
2023-06-21 03:00:00,119.06612036473705
2023-06-21 04:00:00,116.05899922456211
2023-06-21 05:00:00,121.2269852493458
2023-06-21 06:00:00,126.83015072071032
2023-06-21 07:00:00,116.20091736444375
2023-06-21 08:00:00,124.89470803601732
2023-06-21 09:00:00,104.69089638688017
2023-06-21 10:00:00,114.28821065556599
2023-06-21 11:00:00,97.05119343331279
2023-06-21 12:00:00,89.94650626087879
2023-06-21 13:00:00,73.9553777910095
2023-06-21 14:00:00,73.90602641311266
2023-06-21 15:00:00,64.77776390927109
2023-06-21 16:00:00,62.181006159598155
2023-06-21 17:00:00,61.54567038238501
2023-06-21 18:00:00,66.00895807236452
2023-06-21 19:00:00,63.29024196833064
2023-06-21 20:00:00,66.79762115347084
2023-06-21 21:00:00,64.55919962017734
2023-06-21 22:00:00,71.85622955198703
2023-06-21 23:00:00,92.49905373868029
2023-06-22 00:00:00,87.60399482618165
2023-06-22 01:00:00,107.33561261335865
2023-06-22 02:00:00,105.08469400559724
2023-06-22 03:00:00,112.5346431163142
2023-06-22 04:00:00,122.65258791468226
2023-06-22 05:00:00,126.66723689836468
2023-06-22 06:00:00,120.78593719860457
2023-06-22 07:00:00,118.386559521064
2023-06-22 08:00:00,117.06115987092213
2023-06-22 09:00:00,114.27299107675807
2023-06-22 10:00:00,110.83651843435133
2023-06-22 11:00:00,99.17572064805063
2023-06-22 12:00:00,94.49443149011479
2023-06-22 13:00:00,91.83722730827955
2023-06-22 14:00:00,78.32654806132558
2023-06-22 15:00:00,71.77506084442986
2023-06-22 16:00:00,57.86468376101892
2023-06-22 17:00:00,49.31857452718249
2023-06-22 18:00:00,63.40187864615084
2023-06-22 19:00:00,62.018104054922986
2023-06-22 20:00:00,62.92532451189466
2023-06-22 21:00:00,71.4944475853316
2023-06-22 22:00:00,76.19798135401557
2023-06-22 23:00:00,89.3843299000926
2023-06-23 00:00:00,91.95055434129213
2023-06-23 01:00:00,95.5599549277273
2023-06-23 02:00:00,111.49083119479155
2023-06-23 03:00:00,111.67754806086522
2023-06-23 04:00:00,120.17344553189383
2023-06-23 05:00:00,118.16072125770724
2023-06-23 06:00:00,118.33086557251282
2023-06-23 07:00:00,120.98861593960034
2023-06-23 08:00:00,117.64490533125195
2023-06-23 09:00:00,115.22233861243211
2023-06-23 10:00:00,105.27677123345438
2023-06-23 11:00:00,90.21277243422193
2023-06-23 12:00:00,89.47613058205773
2023-06-23 13:00:00,87.85452098264454
2023-06-23 14:00:00,75.17311960378672
2023-06-23 15:00:00,69.22487955183368
2023-06-23 16:00:00,70.63112041599585
2023-06-23 17:00:00,59.15235907503336
2023-06-23 18:00:00,53.98598390878551
2023-06-23 19:00:00,61.9290696136997
2023-06-23 20:00:00,63.31836813022094
2023-06-23 21:00:00,65.68556496563798
2023-06-23 22:00:00,75.86310772050611
2023-06-23 23:00:00,86.4429568831564
2023-06-24 00:00:00,91.7135571921575
2023-06-24 01:00:00,101.06947671650212
2023-06-24 02:00:00,115.84703849257755
2023-06-24 03:00:00,111.28880912780795
2023-06-24 04:00:00,119.17250528675532
2023-06-24 05:00:00,118.24170797567714
2023-06-24 06:00:00,117.58820140056513
2023-06-24 07:00:00,117.88323652158317
2023-06-24 08:00:00,115.4269692559254
2023-06-24 09:00:00,114.86058242333404
2023-06-24 10:00:00,118.60537893350156
2023-06-24 11:00:00,96.05435417170193
2023-06-24 12:00:00,89.796873471923
2023-06-24 13:00:00,83.80981358136984
2023-06-24 14:00:00,78.87899424355153
2023-06-24 15:00:00,72.01455062417597
2023-06-24 16:00:00,72.35971685620707
2023-06-24 17:00:00,50.8202648586521
2023-06-24 18:00:00,50.005350649021636
2023-06-24 19:00:00,60.492834351276265
2023-06-24 20:00:00,71.46573882418625
2023-06-24 21:00:00,62.92855640637579
2023-06-24 22:00:00,61.94183830153021
2023-06-24 23:00:00,87.0813256780179
2023-06-25 00:00:00,93.21828611850951
2023-06-25 01:00:00,94.32352931907974
2023-06-25 02:00:00,102.09230199639525
2023-06-25 03:00:00,108.39448483742193
2023-06-25 04:00:00,118.57343870090135
2023-06-25 05:00:00,117.89619840775585
2023-06-25 06:00:00,124.5303195948776
2023-06-25 07:00:00,106.77464147415024
2023-06-25 08:00:00,113.77650278789515
2023-06-25 09:00:00,107.67293363104362
2023-06-25 10:00:00,105.81829660814176
2023-06-25 11:00:00,97.18433256062448
2023-06-25 12:00:00,96.1092188994798
2023-06-25 13:00:00,75.06874478862643
2023-06-25 14:00:00,77.3674573816512
2023-06-25 15:00:00,73.72847868046586
2023-06-25 16:00:00,75.46247506927658
2023-06-25 17:00:00,60.78339535586094
2023-06-25 18:00:00,63.80229302176259
2023-06-25 19:00:00,54.19291124851678
2023-06-25 20:00:00,54.25945686489885
2023-06-25 21:00:00,75.22066844331182
2023-06-25 22:00:00,77.19219853175808
2023-06-25 23:00:00,90.35799209591335
2023-06-26 00:00:00,85.37298555515336
2023-06-26 01:00:00,102.61408205072003
2023-06-26 02:00:00,116.60408920271857
2023-06-26 03:00:00,115.58173147738117
2023-06-26 04:00:00,119.64366964148657
2023-06-26 05:00:00,121.31055519279423
2023-06-26 06:00:00,114.44559271437045
2023-06-26 07:00:00,128.06563946722412
2023-06-26 08:00:00,115.24647391450915
2023-06-26 09:00:00,116.06561971751441
2023-06-26 10:00:00,99.52482846714263
2023-06-26 11:00:00,94.21727303053689
2023-06-26 12:00:00,99.5354369961128
2023-06-26 13:00:00,82.86891720213812
2023-06-26 14:00:00,84.64637738021663
2023-06-26 15:00:00,70.78564326911038
2023-06-26 16:00:00,57.209749021677844
2023-06-26 17:00:00,67.89256320998709
2023-06-26 18:00:00,59.470538411221966
2023-06-26 19:00:00,66.9456692789119
2023-06-26 20:00:00,66.58529222416747
2023-06-26 21:00:00,63.52120542468852
2023-06-26 22:00:00,78.28147382685073
2023-06-26 23:00:00,95.6865443576912
2023-06-27 00:00:00,94.94493229256695
2023-06-27 01:00:00,99.96698258804834
2023-06-27 02:00:00,112.87671700978325
2023-06-27 03:00:00,114.77654576160995
2023-06-27 04:00:00,119.5484332648484
2023-06-27 05:00:00,116.04964892787504
2023-06-27 06:00:00,123.70924012894798
2023-06-27 07:00:00,126.70499187075725
2023-06-27 08:00:00,114.36045135303469
2023-06-27 09:00:00,120.90568254182968
2023-06-27 10:00:00,107.12146987927383
2023-06-27 11:00:00,95.91572379538371
2023-06-27 12:00:00,97.5881603846035
2023-06-27 13:00:00,83.4114574682366
2023-06-27 14:00:00,81.4175744374291
2023-06-27 15:00:00,69.95800340311074
2023-06-27 16:00:00,66.36010716881793
2023-06-27 17:00:00,66.1400262330001
2023-06-27 18:00:00,64.11448528795003
2023-06-27 19:00:00,53.71456630906958
2023-06-27 20:00:00,61.09301918599478
2023-06-27 21:00:00,76.12384648835648
2023-06-27 22:00:00,77.03931705548958
2023-06-27 23:00:00,82.32677213306289
2023-06-28 00:00:00,85.92712992371345
2023-06-28 01:00:00,95.09588974669579
2023-06-28 02:00:00,97.63100680018849
2023-06-28 03:00:00,113.45679984208627
2023-06-28 04:00:00,115.74857421062545
2023-06-28 05:00:00,116.91483533374559
2023-06-28 06:00:00,122.43938287416023
2023-06-28 07:00:00,123.58762794293638
2023-06-28 08:00:00,129.24675177458144
2023-06-28 09:00:00,106.46378633778417
2023-06-28 10:00:00,113.61690521650263
2023-06-28 11:00:00,105.46007915815241
2023-06-28 12:00:00,88.94453630311942
2023-06-28 13:00:00,86.10160841985216
2023-06-28 14:00:00,75.57183375331695
2023-06-28 15:00:00,72.58523946649757
2023-06-28 16:00:00,74.44489295349054
2023-06-28 17:00:00,66.94025637448539
2023-06-28 18:00:00,65.4430418661672
2023-06-28 19:00:00,61.7806786115549
2023-06-28 20:00:00,59.51895456184474
2023-06-28 21:00:00,70.6744555116999
2023-06-28 22:00:00,83.97304077431633
2023-06-28 23:00:00,77.5495893639777
2023-06-29 00:00:00,87.6845531591167
2023-06-29 01:00:00,101.36591003424472
2023-06-29 02:00:00,103.05672607576133
2023-06-29 03:00:00,110.24058620001742
2023-06-29 04:00:00,116.86276920489287
2023-06-29 05:00:00,115.15968776772122
2023-06-29 06:00:00,118.14939076891817
2023-06-29 07:00:00,125.5249143726094
2023-06-29 08:00:00,112.48391320238063
2023-06-29 09:00:00,106.27384276312168
2023-06-29 10:00:00,104.9098751023311
2023-06-29 11:00:00,104.49434886562689
2023-06-29 12:00:00,92.09539096001912
2023-06-29 13:00:00,83.00252325635114
2023-06-29 14:00:00,78.32179398757772
2023-06-29 15:00:00,63.16825940010608
2023-06-29 16:00:00,69.61276615534325
2023-06-29 17:00:00,66.06940036834544
2023-06-29 18:00:00,61.093457629521396
2023-06-29 19:00:00,69.20184777031002
2023-06-29 20:00:00,61.541757391700905
2023-06-29 21:00:00,77.59634153066933
2023-06-29 22:00:00,78.95246832797837
2023-06-29 23:00:00,83.74266569752787
2023-06-30 00:00:00,93.10063182315798
2023-06-30 01:00:00,100.43824752401906
2023-06-30 02:00:00,114.32141448208567
2023-06-30 03:00:00,109.05980779824279
2023-06-30 04:00:00,115.40816591780046
2023-06-30 05:00:00,127.40928924903422
2023-06-30 06:00:00,120.28232532408069
2023-06-30 07:00:00,126.750440175331
2023-06-30 08:00:00,127.75794202857591
2023-06-30 09:00:00,112.49422830088817
2023-06-30 10:00:00,111.70681163287767
2023-06-30 11:00:00,95.306109946379
2023-06-30 12:00:00,97.09366649034325
2023-06-30 13:00:00,86.56254857685707
2023-06-30 14:00:00,80.70519141080132
2023-06-30 15:00:00,68.90893620422781
2023-06-30 16:00:00,59.07382080863257
2023-06-30 17:00:00,66.90848553507666
2023-06-30 18:00:00,53.062984237602734
2023-06-30 19:00:00,62.825472750115104
2023-06-30 20:00:00,72.12514721856562
2023-06-30 21:00:00,73.15628524376622
2023-06-30 22:00:00,88.1617132239447
2023-06-30 23:00:00,90.79097440983357
2023-07-01 00:00:00,90.17050805837101
2023-07-01 01:00:00,101.35113825233034
2023-07-01 02:00:00,108.22314648728025
2023-07-01 03:00:00,106.77231961886193
2023-07-01 04:00:00,114.75876753111136
2023-07-01 05:00:00,119.66397025377235
2023-07-01 06:00:00,113.31889748572031
2023-07-01 07:00:00,122.72524212992964
2023-07-01 08:00:00,118.25540289026749
2023-07-01 09:00:00,106.37873392903892
2023-07-01 10:00:00,110.56106432638836
2023-07-01 11:00:00,104.89393507653372
2023-07-01 12:00:00,94.69517239432248
2023-07-01 13:00:00,84.18508777087902
2023-07-01 14:00:00,81.53721075876008
2023-07-01 15:00:00,75.7778983667887
2023-07-01 16:00:00,69.15625573506719
2023-07-01 17:00:00,60.509163959153746
2023-07-01 18:00:00,65.0030038275559
2023-07-01 19:00:00,70.629628465455
2023-07-01 20:00:00,64.67609259340679
2023-07-01 21:00:00,82.92649326006273
2023-07-01 22:00:00,76.03184533007406
2023-07-01 23:00:00,86.06746371362475
2023-07-02 00:00:00,90.31757201996656
2023-07-02 01:00:00,102.57092553267381
2023-07-02 02:00:00,99.9888915368196
2023-07-02 03:00:00,112.19299444151333
2023-07-02 04:00:00,114.24015611178996
2023-07-02 05:00:00,123.38446652813295
2023-07-02 06:00:00,128.71223687754454
2023-07-02 07:00:00,125.95780572424611
2023-07-02 08:00:00,107.88246530923854
2023-07-02 09:00:00,125.19355170023667
2023-07-02 10:00:00,110.2563997031066
2023-07-02 11:00:00,97.67207565060794
2023-07-02 12:00:00,94.5856395949602
2023-07-02 13:00:00,86.92637775943797
2023-07-02 14:00:00,75.48575641524354
2023-07-02 15:00:00,73.6063799011161
2023-07-02 16:00:00,64.82187644836412
2023-07-02 17:00:00,62.850415247877606
2023-07-02 18:00:00,60.428604321224576
2023-07-02 19:00:00,57.72886876262916
2023-07-02 20:00:00,68.62842023754204
2023-07-02 21:00:00,75.60329374698662
2023-07-02 22:00:00,81.47441798038228
2023-07-02 23:00:00,90.24505491009963
2023-07-03 00:00:00,95.54170105007194
2023-07-03 01:00:00,99.03094386198738
2023-07-03 02:00:00,113.13831932215724
2023-07-03 03:00:00,108.37561573638679
2023-07-03 04:00:00,115.43740520097006
2023-07-03 05:00:00,118.12677443155509
2023-07-03 06:00:00,129.38028029569656
2023-07-03 07:00:00,127.68171735937214
2023-07-03 08:00:00,122.41728829875831
2023-07-03 09:00:00,120.58285276165668
2023-07-03 10:00:00,104.62358608794288
2023-07-03 11:00:00,103.53754695238506
2023-07-03 12:00:00,93.4141278580835
2023-07-03 13:00:00,90.5198391663497
2023-07-03 14:00:00,78.48387883724094
2023-07-03 15:00:00,70.93208212235095
2023-07-03 16:00:00,70.80378047927435
2023-07-03 17:00:00,69.49307104728405
2023-07-03 18:00:00,60.758274025765985
2023-07-03 19:00:00,64.82684685456539
2023-07-03 20:00:00,62.84703471825995
2023-07-03 21:00:00,60.42649147693496
2023-07-03 22:00:00,80.14229815706851
2023-07-03 23:00:00,89.42995542819598
2023-07-04 00:00:00,95.47033404543058
2023-07-04 01:00:00,92.18676276430604
2023-07-04 02:00:00,107.42575284961838
2023-07-04 03:00:00,104.3114646353406
2023-07-04 04:00:00,127.02926765180307
2023-07-04 05:00:00,117.75750187808073
2023-07-04 06:00:00,130.4970180472995
2023-07-04 07:00:00,127.93712300709267
2023-07-04 08:00:00,115.71781035085334
2023-07-04 09:00:00,109.79927867925943
2023-07-04 10:00:00,111.01185108193506
2023-07-04 11:00:00,97.81295116715884
2023-07-04 12:00:00,94.79242321079101
2023-07-04 13:00:00,84.11129069289116
2023-07-04 14:00:00,70.39420792767432
2023-07-04 15:00:00,61.94445646878434
2023-07-04 16:00:00,69.47265912893931
2023-07-04 17:00:00,62.54443647967492
2023-07-04 18:00:00,61.57455091542934
2023-07-04 19:00:00,68.85154440679604
2023-07-04 20:00:00,74.2464492696267
2023-07-04 21:00:00,71.79407295759498
2023-07-04 22:00:00,77.67700646545
2023-07-04 23:00:00,89.12614381249162
2023-07-05 00:00:00,87.61532215150524
2023-07-05 01:00:00,103.29033662680915
2023-07-05 02:00:00,112.17942985911095
2023-07-05 03:00:00,119.0443544776837
2023-07-05 04:00:00,110.7369986010195
2023-07-05 05:00:00,119.62099843962805
2023-07-05 06:00:00,120.06868373588267
2023-07-05 07:00:00,123.94720956071815
2023-07-05 08:00:00,122.8644850123739
2023-07-05 09:00:00,123.18675547282854
2023-07-05 10:00:00,107.02517259815765
2023-07-05 11:00:00,99.78670886152875
2023-07-05 12:00:00,100.26836009439435
2023-07-05 13:00:00,88.2483133395779
2023-07-05 14:00:00,85.8782575559429
2023-07-05 15:00:00,74.78043657945145
2023-07-05 16:00:00,62.79365479290029
2023-07-05 17:00:00,58.92658343743918
2023-07-05 18:00:00,56.82243875470535
2023-07-05 19:00:00,68.9224843851193
2023-07-05 20:00:00,74.5622220019026
2023-07-05 21:00:00,82.64360727133548
2023-07-05 22:00:00,83.83552666161494
2023-07-05 23:00:00,92.6796215345965
2023-07-06 00:00:00,91.73991833672723
2023-07-06 01:00:00,96.63249226935733
2023-07-06 02:00:00,113.9103966620874
2023-07-06 03:00:00,117.9716071967921
2023-07-06 04:00:00,121.19798398523595
2023-07-06 05:00:00,125.60463219183576
2023-07-06 06:00:00,126.31592741229103
2023-07-06 07:00:00,130.10685908794008
2023-07-06 08:00:00,127.17569003761909
2023-07-06 09:00:00,118.66430519729599
2023-07-06 10:00:00,113.96901436281914
2023-07-06 11:00:00,105.08488411519932
2023-07-06 12:00:00,92.45415133982817
2023-07-06 13:00:00,90.7882520214927
2023-07-06 14:00:00,72.80752465570139
2023-07-06 15:00:00,78.84625432588696
2023-07-06 16:00:00,62.84662318763679
2023-07-06 17:00:00,67.26124164530205
2023-07-06 18:00:00,60.5942302078692
2023-07-06 19:00:00,68.61917012670067
2023-07-06 20:00:00,68.6896117568277
2023-07-06 21:00:00,65.66301677358645
2023-07-06 22:00:00,81.96349815509058
2023-07-06 23:00:00,84.2158247627574
2023-07-07 00:00:00,99.28573360406867
2023-07-07 01:00:00,102.66119979674804
2023-07-07 02:00:00,111.87710492693925
2023-07-07 03:00:00,111.33535866051858
2023-07-07 04:00:00,117.95410095639436
2023-07-07 05:00:00,121.61458160816699
2023-07-07 06:00:00,129.2235124012128
2023-07-07 07:00:00,132.31466022769987
2023-07-07 08:00:00,116.91490335482027
2023-07-07 09:00:00,121.56744415888792
2023-07-07 10:00:00,99.13161291137064
2023-07-07 11:00:00,96.78362434761462
2023-07-07 12:00:00,90.20610771906803
2023-07-07 13:00:00,80.48288519972401
2023-07-07 14:00:00,72.10205805106627
2023-07-07 15:00:00,75.88179112509216
2023-07-07 16:00:00,67.98889939782798
2023-07-07 17:00:00,67.9692521993541
2023-07-07 18:00:00,68.51236343060756
2023-07-07 19:00:00,67.42031017718926
2023-07-07 20:00:00,72.38805376721878
2023-07-07 21:00:00,73.5291351331913
2023-07-07 22:00:00,74.1650330584689
2023-07-07 23:00:00,92.63449955103088
2023-07-08 00:00:00,92.17443933608871
2023-07-08 01:00:00,98.21658985926324
2023-07-08 02:00:00,109.25041062097652
2023-07-08 03:00:00,111.79914883911162
2023-07-08 04:00:00,119.0536102035871
2023-07-08 05:00:00,125.86804439648958
2023-07-08 06:00:00,126.92170869623064
2023-07-08 07:00:00,119.67862445654445
2023-07-08 08:00:00,118.74223524879123
2023-07-08 09:00:00,121.79486845944638
2023-07-08 10:00:00,112.7020005886694
2023-07-08 11:00:00,113.36989654981942
2023-07-08 12:00:00,101.14064086871021
2023-07-08 13:00:00,93.20689398972794
2023-07-08 14:00:00,73.32065724771981
2023-07-08 15:00:00,77.87609832257075
2023-07-08 16:00:00,69.03370387798306
2023-07-08 17:00:00,63.557316193637476
2023-07-08 18:00:00,66.14007670266265
2023-07-08 19:00:00,71.0582828843856
2023-07-08 20:00:00,71.84339584148765
2023-07-08 21:00:00,69.7244275576919
2023-07-08 22:00:00,84.05229456796016
2023-07-08 23:00:00,84.39749093653988
2023-07-09 00:00:00,96.44341559482196
2023-07-09 01:00:00,101.61782101568906
2023-07-09 02:00:00,109.28566874131982
2023-07-09 03:00:00,120.4344183108011
2023-07-09 04:00:00,116.17979351445103
2023-07-09 05:00:00,134.11375016005675
2023-07-09 06:00:00,116.31456965352751
2023-07-09 07:00:00,121.4194363723985
2023-07-09 08:00:00,123.27182156324056
2023-07-09 09:00:00,119.58477426777701
2023-07-09 10:00:00,109.95762139714174
2023-07-09 11:00:00,102.9476178380696
2023-07-09 12:00:00,97.53275042664129
2023-07-09 13:00:00,86.57008125963388
2023-07-09 14:00:00,87.46590628967391
2023-07-09 15:00:00,78.4935421355621
2023-07-09 16:00:00,73.90335964149611
2023-07-09 17:00:00,61.7214415944768
2023-07-09 18:00:00,65.14305787797147
2023-07-09 19:00:00,65.0698954677245
2023-07-09 20:00:00,64.55123100801895
2023-07-09 21:00:00,76.15761748413058
2023-07-09 22:00:00,77.8917712110974
2023-07-09 23:00:00,91.10244779617686
2023-07-10 00:00:00,90.24904218552822
2023-07-10 01:00:00,111.96977441728322
2023-07-10 02:00:00,106.13833670703708
2023-07-10 03:00:00,117.93971512159544
2023-07-10 04:00:00,125.58005866547396
2023-07-10 05:00:00,121.77457263767134
2023-07-10 06:00:00,129.92234321716475
2023-07-10 07:00:00,118.50185679967085
2023-07-10 08:00:00,128.9213506094484
2023-07-10 09:00:00,116.97394976042487
2023-07-10 10:00:00,107.71794296015644
2023-07-10 11:00:00,101.97866249094078
2023-07-10 12:00:00,99.76459634696063
2023-07-10 13:00:00,85.04315218767731
2023-07-10 14:00:00,76.99321155288605
2023-07-10 15:00:00,73.42911357648585
2023-07-10 16:00:00,63.89442732261841
2023-07-10 17:00:00,75.89494475103638
2023-07-10 18:00:00,62.94802704392639
2023-07-10 19:00:00,70.97030914222988
2023-07-10 20:00:00,70.8665883047048
2023-07-10 21:00:00,69.67412631199144
2023-07-10 22:00:00,80.79022645393819
2023-07-10 23:00:00,91.98544254347877
2023-07-11 00:00:00,94.8986933245677
2023-07-11 01:00:00,109.58013608232862
2023-07-11 02:00:00,115.96757696390615
2023-07-11 03:00:00,121.67777770888927
2023-07-11 04:00:00,119.56247825216832
2023-07-11 05:00:00,119.4685625497643
2023-07-11 06:00:00,122.83206197318603
2023-07-11 07:00:00,125.86897949200672
2023-07-11 08:00:00,124.62969568119429
2023-07-11 09:00:00,106.28534641179431
2023-07-11 10:00:00,110.89943399194264
2023-07-11 11:00:00,104.50501747969449
2023-07-11 12:00:00,94.57227871842674
2023-07-11 13:00:00,94.66179784200293
2023-07-11 14:00:00,83.08890037125485
2023-07-11 15:00:00,81.3277561048095
2023-07-11 16:00:00,68.93943528471742
2023-07-11 17:00:00,71.71961267386385
2023-07-11 18:00:00,74.1953319726376
2023-07-11 19:00:00,73.610692457691
2023-07-11 20:00:00,64.59852991932196
2023-07-11 21:00:00,73.56841617669376
2023-07-11 22:00:00,79.3341764727464
2023-07-11 23:00:00,90.75170132230605
2023-07-12 00:00:00,99.51176777507126
2023-07-12 01:00:00,99.66010798294417
2023-07-12 02:00:00,111.43919256958687
2023-07-12 03:00:00,107.22356677481167
2023-07-12 04:00:00,129.31048714254243
2023-07-12 05:00:00,122.54590358528812
2023-07-12 06:00:00,126.41931969922248
2023-07-12 07:00:00,123.57952621873119
2023-07-12 08:00:00,127.87089998859992
2023-07-12 09:00:00,103.19567122861011
2023-07-12 10:00:00,111.09694828837239
2023-07-12 11:00:00,103.4254775655907
2023-07-12 12:00:00,93.93181806203991
2023-07-12 13:00:00,97.07656137510232
2023-07-12 14:00:00,76.7833527057222
2023-07-12 15:00:00,78.87577745058377
2023-07-12 16:00:00,72.04050182999931
2023-07-12 17:00:00,73.5798214740052
2023-07-12 18:00:00,62.92405457611246
2023-07-12 19:00:00,63.62738071570874
2023-07-12 20:00:00,75.77958742385229
2023-07-12 21:00:00,77.20340310605091
2023-07-12 22:00:00,73.57531326661693
2023-07-12 23:00:00,85.84890357460745
2023-07-13 00:00:00,98.25191326923826
2023-07-13 01:00:00,108.28339246080519
2023-07-13 02:00:00,107.94384673403094
2023-07-13 03:00:00,102.99192348651204
2023-07-13 04:00:00,124.95687804221781
2023-07-13 05:00:00,119.24617133895154
2023-07-13 06:00:00,116.29330600938793
2023-07-13 07:00:00,111.20614516375274
2023-07-13 08:00:00,126.45066641452188
2023-07-13 09:00:00,118.26629068762227
2023-07-13 10:00:00,110.29171809644124
2023-07-13 11:00:00,111.13969316788703
2023-07-13 12:00:00,99.62662341512116
2023-07-13 13:00:00,96.76692886053436
2023-07-13 14:00:00,74.49632263916665
2023-07-13 15:00:00,75.0840434446361
2023-07-13 16:00:00,62.41567101172575
2023-07-13 17:00:00,66.36531355205047
2023-07-13 18:00:00,65.25692073116662
2023-07-13 19:00:00,70.66529339764271
2023-07-13 20:00:00,70.76705729217447
2023-07-13 21:00:00,78.43383225580432
2023-07-13 22:00:00,85.05720066569464
2023-07-13 23:00:00,99.56007203383888
2023-07-14 00:00:00,94.98351672356668
2023-07-14 01:00:00,99.62945784973971
2023-07-14 02:00:00,112.81041807658309
2023-07-14 03:00:00,113.79180329989855
2023-07-14 04:00:00,129.990565955715
2023-07-14 05:00:00,124.17168459394507
2023-07-14 06:00:00,123.79211816063005
2023-07-14 07:00:00,123.25119618291625
2023-07-14 08:00:00,126.21284923089168
2023-07-14 09:00:00,117.07446851944049
2023-07-14 10:00:00,108.45166589935116
2023-07-14 11:00:00,112.7613309411981
2023-07-14 12:00:00,92.39915079669086
2023-07-14 13:00:00,89.10325901709038
2023-07-14 14:00:00,84.96153075805333
2023-07-14 15:00:00,67.34012101231619
2023-07-14 16:00:00,73.14054039349917
2023-07-14 17:00:00,62.47668683392572
2023-07-14 18:00:00,70.85391390417001
2023-07-14 19:00:00,62.958970151732316
2023-07-14 20:00:00,74.24308304571235
2023-07-14 21:00:00,81.08596189587303
2023-07-14 22:00:00,86.08718262816363
2023-07-14 23:00:00,90.28201188811305
2023-07-15 00:00:00,95.64349528534817
2023-07-15 01:00:00,101.69247347140336
2023-07-15 02:00:00,119.17517345408602
2023-07-15 03:00:00,114.54572733475759
2023-07-15 04:00:00,117.63543174568201
2023-07-15 05:00:00,129.15461946383522
2023-07-15 06:00:00,122.87931598406752
2023-07-15 07:00:00,121.09745730134138
2023-07-15 08:00:00,115.64274080268498
2023-07-15 09:00:00,115.68865423829577
2023-07-15 10:00:00,111.48642488052116
2023-07-15 11:00:00,105.89002999137797
2023-07-15 12:00:00,101.67653122149768
2023-07-15 13:00:00,91.799918265255
2023-07-15 14:00:00,80.98563890223683
2023-07-15 15:00:00,74.74581818250823
2023-07-15 16:00:00,73.53002523104239
2023-07-15 17:00:00,74.35507602597099
2023-07-15 18:00:00,67.61157099741601
2023-07-15 19:00:00,65.666570940275
2023-07-15 20:00:00,66.0549078810366
2023-07-15 21:00:00,68.57077024234269
2023-07-15 22:00:00,85.35134836021666
2023-07-15 23:00:00,92.15532126511971
2023-07-16 00:00:00,99.92681762553613
2023-07-16 01:00:00,104.17127412131008
2023-07-16 02:00:00,119.0946737294587
2023-07-16 03:00:00,115.86261096267125
2023-07-16 04:00:00,127.8371082995677
2023-07-16 05:00:00,125.87406031372497
2023-07-16 06:00:00,124.0582461766033
2023-07-16 07:00:00,129.050426325261
2023-07-16 08:00:00,125.1489427069541
2023-07-16 09:00:00,120.12806723193344
2023-07-16 10:00:00,112.54639211027927
2023-07-16 11:00:00,104.72510594449095
2023-07-16 12:00:00,109.1018599643531
2023-07-16 13:00:00,95.32671187290751
2023-07-16 14:00:00,85.79413447493087
2023-07-16 15:00:00,76.5357923554194
2023-07-16 16:00:00,76.25502388945013
2023-07-16 17:00:00,70.82219909328556
2023-07-16 18:00:00,67.35102376387017
2023-07-16 19:00:00,66.73440358499728
2023-07-16 20:00:00,70.85465119815397
2023-07-16 21:00:00,60.184667885013084
2023-07-16 22:00:00,83.31300419648669
2023-07-16 23:00:00,87.0630482463695
2023-07-17 00:00:00,105.24334999140977
2023-07-17 01:00:00,105.1512917071351
2023-07-17 02:00:00,106.35518290232457
2023-07-17 03:00:00,118.2738026649543
2023-07-17 04:00:00,118.07015668821884
2023-07-17 05:00:00,128.67481186723305
2023-07-17 06:00:00,128.79473682169743
2023-07-17 07:00:00,131.11697294421367
2023-07-17 08:00:00,119.38635315506163
2023-07-17 09:00:00,118.75324391673517
2023-07-17 10:00:00,105.55489102287157
2023-07-17 11:00:00,108.66204526269931
2023-07-17 12:00:00,99.99435590220216
2023-07-17 13:00:00,92.12445375206514
2023-07-17 14:00:00,82.42809515678265
2023-07-17 15:00:00,78.2906610183517
2023-07-17 16:00:00,79.48093342801009
2023-07-17 17:00:00,67.0467539261184
2023-07-17 18:00:00,68.15322591855043
2023-07-17 19:00:00,63.06159371542141
2023-07-17 20:00:00,67.15793307847544
2023-07-17 21:00:00,76.76586302986944
2023-07-17 22:00:00,88.01966773350746
2023-07-17 23:00:00,88.4640245256628
2023-07-18 00:00:00,96.34041735344091
2023-07-18 01:00:00,103.26014513055382
2023-07-18 02:00:00,109.86621664577721
2023-07-18 03:00:00,120.23806071413856
2023-07-18 04:00:00,116.05447388763781
2023-07-18 05:00:00,132.95247267200597
2023-07-18 06:00:00,124.2528885093527
2023-07-18 07:00:00,130.17729221586322
2023-07-18 08:00:00,117.23076912656539
2023-07-18 09:00:00,122.16740408833083
2023-07-18 10:00:00,115.9797230390719
2023-07-18 11:00:00,107.31558171310584
2023-07-18 12:00:00,92.66785739100324
2023-07-18 13:00:00,91.13316959491829
2023-07-18 14:00:00,76.74471907633249
2023-07-18 15:00:00,75.19298028892247
2023-07-18 16:00:00,76.84630339124406
2023-07-18 17:00:00,72.69573484668234
2023-07-18 18:00:00,67.77591471270217
2023-07-18 19:00:00,63.85819233171231
2023-07-18 20:00:00,74.96717644733774
2023-07-18 21:00:00,76.61370275289258
2023-07-18 22:00:00,71.13842200884525
2023-07-18 23:00:00,93.89857777850922
2023-07-19 00:00:00,97.63883583064559
2023-07-19 01:00:00,111.54682759299044
2023-07-19 02:00:00,107.30364740578423
2023-07-19 03:00:00,103.11968436961396
2023-07-19 04:00:00,125.17618140526004
2023-07-19 05:00:00,128.24559317208204
2023-07-19 06:00:00,119.36664186196774
2023-07-19 07:00:00,121.91527705933964
2023-07-19 08:00:00,137.5968508321346
2023-07-19 09:00:00,117.53515036482635
2023-07-19 10:00:00,116.51479488188103
2023-07-19 11:00:00,102.38127221623506
2023-07-19 12:00:00,87.42848550573707
2023-07-19 13:00:00,89.274137412949
2023-07-19 14:00:00,81.57197719856855
2023-07-19 15:00:00,74.69740537106199
2023-07-19 16:00:00,71.36603370893579
2023-07-19 17:00:00,70.27356656955698
2023-07-19 18:00:00,67.18941524373096
2023-07-19 19:00:00,62.65219437159131
2023-07-19 20:00:00,74.41016184427615
2023-07-19 21:00:00,67.00993778778987
2023-07-19 22:00:00,72.7282127135758
2023-07-19 23:00:00,93.92133112042727
2023-07-20 00:00:00,100.53510136067702
2023-07-20 01:00:00,105.48759452770427
2023-07-20 02:00:00,106.04275747622235
2023-07-20 03:00:00,115.70364873222798
2023-07-20 04:00:00,122.70702837509785
2023-07-20 05:00:00,119.04830494580145
2023-07-20 06:00:00,124.36485670988384
2023-07-20 07:00:00,130.30942647955627
2023-07-20 08:00:00,131.19728893497808
2023-07-20 09:00:00,117.20602967230789
2023-07-20 10:00:00,116.88244177158103
2023-07-20 11:00:00,96.30427100014028
2023-07-20 12:00:00,101.41725620557156
2023-07-20 13:00:00,86.34568657328516
2023-07-20 14:00:00,84.67672808353949
2023-07-20 15:00:00,75.69803447320574
2023-07-20 16:00:00,78.78130793538726
2023-07-20 17:00:00,64.82004696962939
2023-07-20 18:00:00,71.31803148780917
2023-07-20 19:00:00,67.81468789484528
2023-07-20 20:00:00,71.4277104964178
2023-07-20 21:00:00,76.07752709860549
2023-07-20 22:00:00,78.99163447752568
2023-07-20 23:00:00,90.39493381739202
2023-07-21 00:00:00,97.92675888939047
2023-07-21 01:00:00,107.22077259510746
2023-07-21 02:00:00,113.68252572846143
2023-07-21 03:00:00,123.47317618365423
2023-07-21 04:00:00,128.87830519377033
2023-07-21 05:00:00,122.01465817953283
2023-07-21 06:00:00,132.64386250295388
2023-07-21 07:00:00,121.35609265312375
2023-07-21 08:00:00,127.24004155422442
2023-07-21 09:00:00,122.64189735911063
2023-07-21 10:00:00,103.78341554168856
2023-07-21 11:00:00,106.57946758572527
2023-07-21 12:00:00,96.01751943319573
2023-07-21 13:00:00,86.81160235725291
2023-07-21 14:00:00,90.13426165349522
2023-07-21 15:00:00,73.90840086121766
2023-07-21 16:00:00,68.38735324087814
2023-07-21 17:00:00,69.81069991135283
2023-07-21 18:00:00,71.84794873149208
2023-07-21 19:00:00,68.74398228127716
2023-07-21 20:00:00,78.29109061481205
2023-07-21 21:00:00,79.89167487422152
2023-07-21 22:00:00,72.56894340134446
2023-07-21 23:00:00,88.05809382938972
2023-07-22 00:00:00,95.67078950324044
2023-07-22 01:00:00,108.65137612022032
2023-07-22 02:00:00,100.37591471812601
2023-07-22 03:00:00,132.46825197918602
2023-07-22 04:00:00,127.15589258800419
2023-07-22 05:00:00,128.25215880826013
2023-07-22 06:00:00,134.44783858209573
2023-07-22 07:00:00,139.24604505273632
2023-07-22 08:00:00,128.89449533647468
2023-07-22 09:00:00,124.52726891795483
2023-07-22 10:00:00,114.23345012232356
2023-07-22 11:00:00,105.64694258624411
2023-07-22 12:00:00,96.22102277998029
2023-07-22 13:00:00,86.71486868835109
2023-07-22 14:00:00,80.18492950150328
2023-07-22 15:00:00,70.66401674269031
2023-07-22 16:00:00,72.27988063304362
2023-07-22 17:00:00,61.24888732519737
2023-07-22 18:00:00,69.61458262071855
2023-07-22 19:00:00,69.51057217111591
2023-07-22 20:00:00,73.43391437839891
2023-07-22 21:00:00,74.86613871430548
2023-07-22 22:00:00,99.08430185089765
2023-07-22 23:00:00,97.74600814782569
2023-07-23 00:00:00,92.49728749957468
2023-07-23 01:00:00,107.65891179020707
2023-07-23 02:00:00,110.69996928531529
2023-07-23 03:00:00,114.8908048020599
2023-07-23 04:00:00,118.04040175791313
2023-07-23 05:00:00,129.90885824246777
2023-07-23 06:00:00,125.37309882465213
2023-07-23 07:00:00,132.6069049087976
2023-07-23 08:00:00,129.7496731861852
2023-07-23 09:00:00,126.89277536165444
2023-07-23 10:00:00,109.55806616963169
2023-07-23 11:00:00,108.97139940653952
2023-07-23 12:00:00,102.00227108321012
2023-07-23 13:00:00,88.71453777140462
2023-07-23 14:00:00,80.00114021303693
2023-07-23 15:00:00,85.70439989328554
2023-07-23 16:00:00,74.03671726512933
2023-07-23 17:00:00,73.09206396488638
2023-07-23 18:00:00,64.78961994086036
2023-07-23 19:00:00,63.83580287871648
2023-07-23 20:00:00,70.0919890140046
2023-07-23 21:00:00,77.09668962745017
2023-07-23 22:00:00,78.61889996591373
2023-07-23 23:00:00,91.13620460367159
2023-07-24 00:00:00,90.51747405965514
2023-07-24 01:00:00,101.13433424072917
2023-07-24 02:00:00,117.33455624137983
2023-07-24 03:00:00,123.222156036986
2023-07-24 04:00:00,123.02137828659818
2023-07-24 05:00:00,122.89895324328656
2023-07-24 06:00:00,123.88298224236996
2023-07-24 07:00:00,126.14143355896695
2023-07-24 08:00:00,128.24335457175974
2023-07-24 09:00:00,124.90443189231928
2023-07-24 10:00:00,111.57734132259291
2023-07-24 11:00:00,101.0671092231496
2023-07-24 12:00:00,100.41921818933092
2023-07-24 13:00:00,87.20775379379583
2023-07-24 14:00:00,81.50873680569586
2023-07-24 15:00:00,84.52317701659132
2023-07-24 16:00:00,77.2748150292948
2023-07-24 17:00:00,70.94209677258513
2023-07-24 18:00:00,62.78040499443639
2023-07-24 19:00:00,71.22920804868058
2023-07-24 20:00:00,78.49252434040247
2023-07-24 21:00:00,76.07862823557684
2023-07-24 22:00:00,90.93557044993348
2023-07-24 23:00:00,97.88915509451391
2023-07-25 00:00:00,107.51866416071437
2023-07-25 01:00:00,108.50078698572808
2023-07-25 02:00:00,117.15695849903085
2023-07-25 03:00:00,127.51413987725151
2023-07-25 04:00:00,127.45773179887705
2023-07-25 05:00:00,125.72160424972009
2023-07-25 06:00:00,127.01728581736069
2023-07-25 07:00:00,129.44054955754063
2023-07-25 08:00:00,118.80795500380253
2023-07-25 09:00:00,119.78690885877717
2023-07-25 10:00:00,119.7827355911487
2023-07-25 11:00:00,96.11830209725431
2023-07-25 12:00:00,106.99241050897248
2023-07-25 13:00:00,97.17729974044148
2023-07-25 14:00:00,82.04117692085005
2023-07-25 15:00:00,80.85375070376081
2023-07-25 16:00:00,73.39497652100133
2023-07-25 17:00:00,76.54217705352146
2023-07-25 18:00:00,74.2934157138497
2023-07-25 19:00:00,63.41187159541208
2023-07-25 20:00:00,76.3555499537888
2023-07-25 21:00:00,77.16865729618785
2023-07-25 22:00:00,84.83416285258984
2023-07-25 23:00:00,88.02456914207318
2023-07-26 00:00:00,108.18068534560054
2023-07-26 01:00:00,112.41488045259018
2023-07-26 02:00:00,110.7611441801354
2023-07-26 03:00:00,114.01015040104444
2023-07-26 04:00:00,123.53239895864262
2023-07-26 05:00:00,130.64028801912752
2023-07-26 06:00:00,130.7010292197311
2023-07-26 07:00:00,134.7534389125133
2023-07-26 08:00:00,129.45036072443824
2023-07-26 09:00:00,125.5910485643631
2023-07-26 10:00:00,116.17427700305608
2023-07-26 11:00:00,100.36807770201982
2023-07-26 12:00:00,98.58150734426606
2023-07-26 13:00:00,97.10587734646964
2023-07-26 14:00:00,84.32238535737977
2023-07-26 15:00:00,80.89224840752578
2023-07-26 16:00:00,72.02549631023594
2023-07-26 17:00:00,65.48316596861898
2023-07-26 18:00:00,69.00327967976945
2023-07-26 19:00:00,72.19746242649198
2023-07-26 20:00:00,70.38079928915697
2023-07-26 21:00:00,77.25824034012027
2023-07-26 22:00:00,79.9626837900689
2023-07-26 23:00:00,97.50165323474212
2023-07-27 00:00:00,98.20772121206237
2023-07-27 01:00:00,114.718349078701
2023-07-27 02:00:00,122.34373925270424
2023-07-27 03:00:00,120.51797361198643
2023-07-27 04:00:00,120.65851845079477
2023-07-27 05:00:00,118.27828540000591
2023-07-27 06:00:00,122.37981463486605
2023-07-27 07:00:00,121.85860066417897
2023-07-27 08:00:00,132.63311025084178
2023-07-27 09:00:00,121.56232637173375
2023-07-27 10:00:00,116.72802262045847
2023-07-27 11:00:00,96.45246630839976
2023-07-27 12:00:00,93.81016785391489
2023-07-27 13:00:00,96.48082752915839
2023-07-27 14:00:00,86.25387056191647
2023-07-27 15:00:00,77.88077017097469
2023-07-27 16:00:00,76.68344967946754
2023-07-27 17:00:00,79.05121424200745
2023-07-27 18:00:00,68.75478768231474
2023-07-27 19:00:00,71.23907422461714
2023-07-27 20:00:00,74.8622224801238
2023-07-27 21:00:00,90.63734474077313
2023-07-27 22:00:00,74.4032186779031
2023-07-27 23:00:00,95.56154372086505
2023-07-28 00:00:00,99.34598875619976
2023-07-28 01:00:00,110.52842998399694
2023-07-28 02:00:00,111.6531372300255
2023-07-28 03:00:00,120.91837828130244
2023-07-28 04:00:00,129.4978150108621
2023-07-28 05:00:00,144.51232579388986
2023-07-28 06:00:00,134.02018094701037
2023-07-28 07:00:00,124.72744679851988
2023-07-28 08:00:00,123.86196370342108
2023-07-28 09:00:00,118.95613289367539
2023-07-28 10:00:00,106.04178413685494
2023-07-28 11:00:00,106.14412039456882
2023-07-28 12:00:00,103.70414540911058
2023-07-28 13:00:00,85.9142680515436
2023-07-28 14:00:00,90.30241325525117
2023-07-28 15:00:00,81.29567066982483
2023-07-28 16:00:00,70.42807127661206
2023-07-28 17:00:00,70.4045770246393
2023-07-28 18:00:00,78.09160903820516
2023-07-28 19:00:00,74.7999642788577
2023-07-28 20:00:00,74.1831561609577
2023-07-28 21:00:00,77.72837997959778
2023-07-28 22:00:00,85.52304535225596
2023-07-28 23:00:00,89.82661085720888
2023-07-29 00:00:00,89.63625247140618
2023-07-29 01:00:00,118.14546090574908
2023-07-29 02:00:00,115.95662499599557
2023-07-29 03:00:00,123.39393976120691
2023-07-29 04:00:00,125.89122336414634
2023-07-29 05:00:00,125.51219078504933
2023-07-29 06:00:00,129.29037759525613
2023-07-29 07:00:00,121.21080097770104
2023-07-29 08:00:00,137.60619460380144
2023-07-29 09:00:00,115.29064344348797
2023-07-29 10:00:00,110.10016858076375
2023-07-29 11:00:00,105.83327533114465
2023-07-29 12:00:00,106.72037862426438
2023-07-29 13:00:00,92.59797364323487
2023-07-29 14:00:00,79.11932101985236
2023-07-29 15:00:00,85.36848836819028
2023-07-29 16:00:00,77.99424102039498
2023-07-29 17:00:00,74.04439999741096
2023-07-29 18:00:00,73.91867120585421
2023-07-29 19:00:00,83.3440347142387
2023-07-29 20:00:00,85.30471236164719
2023-07-29 21:00:00,75.72321984938577
2023-07-29 22:00:00,93.49942496405288
2023-07-29 23:00:00,94.54126959572083
2023-07-30 00:00:00,102.89547908068934
2023-07-30 01:00:00,99.71321719485815
2023-07-30 02:00:00,114.56807117305702
2023-07-30 03:00:00,117.57908548391094
2023-07-30 04:00:00,130.56105618800052
2023-07-30 05:00:00,134.7831772906861
2023-07-30 06:00:00,120.08756824491846
2023-07-30 07:00:00,129.3376004686514
2023-07-30 08:00:00,132.07006963750652
2023-07-30 09:00:00,120.76980862402836
2023-07-30 10:00:00,119.14531822501203
2023-07-30 11:00:00,110.03039869121268
2023-07-30 12:00:00,102.22830115976629
2023-07-30 13:00:00,91.40885375658733
2023-07-30 14:00:00,79.45709597932077
2023-07-30 15:00:00,73.72914582727891
2023-07-30 16:00:00,78.12600045874449
2023-07-30 17:00:00,71.68951648892329
2023-07-30 18:00:00,69.88743877696388
2023-07-30 19:00:00,69.49277499971629
2023-07-30 20:00:00,73.09329365906254
2023-07-30 21:00:00,84.63135553684248
2023-07-30 22:00:00,83.94377959066233
2023-07-30 23:00:00,86.16010508041128
2023-07-31 00:00:00,104.3582588777008
2023-07-31 01:00:00,107.39018803375058
2023-07-31 02:00:00,115.81697932766131
2023-07-31 03:00:00,129.92109496759568
2023-07-31 04:00:00,126.5579593267777
2023-07-31 05:00:00,131.11369315426555
2023-07-31 06:00:00,124.80538254350836
2023-07-31 07:00:00,128.58942752691812
2023-07-31 08:00:00,129.74839233957516
2023-07-31 09:00:00,114.16633476638982
2023-07-31 10:00:00,116.74422546557932
2023-07-31 11:00:00,109.01852671630192
2023-07-31 12:00:00,100.966437277941
2023-07-31 13:00:00,98.19122314021406
2023-07-31 14:00:00,87.45219257424249
2023-07-31 15:00:00,86.96715605618672
2023-07-31 16:00:00,69.85129030849805
2023-07-31 17:00:00,72.51184804742078
2023-07-31 18:00:00,71.24233393194973
2023-07-31 19:00:00,66.50595274255248
2023-07-31 20:00:00,79.64071289692271
2023-07-31 21:00:00,91.26016309366541
2023-07-31 22:00:00,85.77496962757684
2023-07-31 23:00:00,95.63053408829394
2023-08-01 00:00:00,101.30259237907593
2023-08-01 01:00:00,105.08664800353768
2023-08-01 02:00:00,106.79619861098679
2023-08-01 03:00:00,118.59433602011605
2023-08-01 04:00:00,119.94097020877466
2023-08-01 05:00:00,138.42828517896734
2023-08-01 06:00:00,130.3644515303838
2023-08-01 07:00:00,128.19817814343548
2023-08-01 08:00:00,131.3865312374749
2023-08-01 09:00:00,116.57444792131706
2023-08-01 10:00:00,112.14567980997857
2023-08-01 11:00:00,109.09493269932162
2023-08-01 12:00:00,106.14384495711502
2023-08-01 13:00:00,95.753853872774
2023-08-01 14:00:00,87.26162571257984
2023-08-01 15:00:00,80.20738524058505
2023-08-01 16:00:00,77.06041716410243
2023-08-01 17:00:00,73.08048973697372
2023-08-01 18:00:00,65.91013862611533
2023-08-01 19:00:00,72.32262131949348
2023-08-01 20:00:00,69.73079459187689
2023-08-01 21:00:00,80.282209278905
2023-08-01 22:00:00,83.69676029256013
2023-08-01 23:00:00,106.04233676083877
2023-08-02 00:00:00,100.92052808124009
2023-08-02 01:00:00,101.87337352176498
2023-08-02 02:00:00,115.4690989466117
2023-08-02 03:00:00,124.95999716378667
2023-08-02 04:00:00,135.5075818442956
2023-08-02 05:00:00,127.200512788978
2023-08-02 06:00:00,123.26786012988181
2023-08-02 07:00:00,134.25195984582817
2023-08-02 08:00:00,120.27776858403455
2023-08-02 09:00:00,120.24242622805951
2023-08-02 10:00:00,114.93189757244691
2023-08-02 11:00:00,108.6464040865786
2023-08-02 12:00:00,104.68582228537677
2023-08-02 13:00:00,90.06725723549216
2023-08-02 14:00:00,84.89135373916722
2023-08-02 15:00:00,79.98544479965848
2023-08-02 16:00:00,76.0472276740594
2023-08-02 17:00:00,72.80136108486899
2023-08-02 18:00:00,73.48002887611291
2023-08-02 19:00:00,76.55142275953622
2023-08-02 20:00:00,77.30240846472017
2023-08-02 21:00:00,82.38472418195133
2023-08-02 22:00:00,78.42888416626249
2023-08-02 23:00:00,93.83656714275224
2023-08-03 00:00:00,103.75753774000604
2023-08-03 01:00:00,112.77927732592454
2023-08-03 02:00:00,112.9182461288327
2023-08-03 03:00:00,119.30800706115355
2023-08-03 04:00:00,124.5102587371147
2023-08-03 05:00:00,133.06984428812817
2023-08-03 06:00:00,136.58940527462107
2023-08-03 07:00:00,128.37047425221365
2023-08-03 08:00:00,131.96057368166836
2023-08-03 09:00:00,123.28060248142037
2023-08-03 10:00:00,115.83857111419027
2023-08-03 11:00:00,108.17765020398991
2023-08-03 12:00:00,105.2130568230097
2023-08-03 13:00:00,95.35331773086007
2023-08-03 14:00:00,97.87912713823975
2023-08-03 15:00:00,76.03567334941926
2023-08-03 16:00:00,78.12974639661907
2023-08-03 17:00:00,69.90622016227022
2023-08-03 18:00:00,67.19356506505677
2023-08-03 19:00:00,72.51788952615252
2023-08-03 20:00:00,76.26600028350019
2023-08-03 21:00:00,94.94766433970042
2023-08-03 22:00:00,85.6592709215842
2023-08-03 23:00:00,88.17453499949981
2023-08-04 00:00:00,102.96505358746928
2023-08-04 01:00:00,99.00137116534641
2023-08-04 02:00:00,116.16021608697388
2023-08-04 03:00:00,122.92332984707211
2023-08-04 04:00:00,131.59376402825842
2023-08-04 05:00:00,135.49588603581049
2023-08-04 06:00:00,129.14215190546142
2023-08-04 07:00:00,129.89470471552391
2023-08-04 08:00:00,123.8301579604801
2023-08-04 09:00:00,117.2628906615594
2023-08-04 10:00:00,118.24947389690618
2023-08-04 11:00:00,103.1066436100908
2023-08-04 12:00:00,99.64686549714024
2023-08-04 13:00:00,88.98955884742917
2023-08-04 14:00:00,89.48841593145343
2023-08-04 15:00:00,89.54394706073877
2023-08-04 16:00:00,69.27129797244945
2023-08-04 17:00:00,63.5271327968401
2023-08-04 18:00:00,71.15556557324966
2023-08-04 19:00:00,72.89071419111599
2023-08-04 20:00:00,76.91253442025118
2023-08-04 21:00:00,78.36519398823259
2023-08-04 22:00:00,85.8168035058725
2023-08-04 23:00:00,95.90298069962562
2023-08-05 00:00:00,107.0421544632209
2023-08-05 01:00:00,99.83932750147964
2023-08-05 02:00:00,115.01530280484323
2023-08-05 03:00:00,124.15224740530117
2023-08-05 04:00:00,123.27088159047834
2023-08-05 05:00:00,139.5236229475076
2023-08-05 06:00:00,128.72295059885633
2023-08-05 07:00:00,130.68131135363558
2023-08-05 08:00:00,130.68087259774524
2023-08-05 09:00:00,120.18677949158887
2023-08-05 10:00:00,107.70713476097558
2023-08-05 11:00:00,107.57129871849834
2023-08-05 12:00:00,107.10720277963541
2023-08-05 13:00:00,92.5209530130003
2023-08-05 14:00:00,82.7478284927078
2023-08-05 15:00:00,85.40515761191557
2023-08-05 16:00:00,74.36536340635458
2023-08-05 17:00:00,70.48142114307703
2023-08-05 18:00:00,72.76728044831655
2023-08-05 19:00:00,76.90597625942098
2023-08-05 20:00:00,87.9678055451305
2023-08-05 21:00:00,84.97297710269099
2023-08-05 22:00:00,92.85919983194081
2023-08-05 23:00:00,91.7755976519827
2023-08-06 00:00:00,96.95065947014868
2023-08-06 01:00:00,110.16622810117262
2023-08-06 02:00:00,117.63584957629797
2023-08-06 03:00:00,117.9306397287724
2023-08-06 04:00:00,127.22428946401165
2023-08-06 05:00:00,133.1043627972666
2023-08-06 06:00:00,133.9419669750904
2023-08-06 07:00:00,133.64921405559352
2023-08-06 08:00:00,129.5955857642213
2023-08-06 09:00:00,120.84816013924367
2023-08-06 10:00:00,114.61049686675992
2023-08-06 11:00:00,103.95981436310566
2023-08-06 12:00:00,111.12387519592633
2023-08-06 13:00:00,94.51268047002307
2023-08-06 14:00:00,86.09573472102308
2023-08-06 15:00:00,76.37283615714496
2023-08-06 16:00:00,90.93752739810564
2023-08-06 17:00:00,67.9055850502138
2023-08-06 18:00:00,70.11576037196963
2023-08-06 19:00:00,75.37140939275895
2023-08-06 20:00:00,79.30030271518541
2023-08-06 21:00:00,85.86645684048182
2023-08-06 22:00:00,96.33804253884485
2023-08-06 23:00:00,97.07621692422491
2023-08-07 00:00:00,97.0398460001689
2023-08-07 01:00:00,108.80984572746088
2023-08-07 02:00:00,118.87916186256886
2023-08-07 03:00:00,133.90433364312406
2023-08-07 04:00:00,121.3517347214099
2023-08-07 05:00:00,137.36065731479866
2023-08-07 06:00:00,133.2795718477321
2023-08-07 07:00:00,135.55692746481972
2023-08-07 08:00:00,127.87078853035476
2023-08-07 09:00:00,119.41104028496278
2023-08-07 10:00:00,121.17436389700545
2023-08-07 11:00:00,113.46672648861038
2023-08-07 12:00:00,107.30028482870011
2023-08-07 13:00:00,94.61890547003405
2023-08-07 14:00:00,84.46088988339866
2023-08-07 15:00:00,73.46286158928368
2023-08-07 16:00:00,80.59610422716753
2023-08-07 17:00:00,75.63167262354838
2023-08-07 18:00:00,67.6710868356802
2023-08-07 19:00:00,70.83935684484534
2023-08-07 20:00:00,74.20544382670991
2023-08-07 21:00:00,73.90187440448602
2023-08-07 22:00:00,83.45158801697231
2023-08-07 23:00:00,89.11627686288897
2023-08-08 00:00:00,100.49760494056191
2023-08-08 01:00:00,106.64108386142794
2023-08-08 02:00:00,109.44497539565921
2023-08-08 03:00:00,133.91615458844188
2023-08-08 04:00:00,134.8434657686772
2023-08-08 05:00:00,127.69267768107241
2023-08-08 06:00:00,133.98210698326807
2023-08-08 07:00:00,133.6951002377772
2023-08-08 08:00:00,134.57619138740213
2023-08-08 09:00:00,119.77017830229931
2023-08-08 10:00:00,123.12053391991148
2023-08-08 11:00:00,107.69504483204163
2023-08-08 12:00:00,96.00068797915225
2023-08-08 13:00:00,98.54611144350034
2023-08-08 14:00:00,94.1537921206165
2023-08-08 15:00:00,94.43634143205676
2023-08-08 16:00:00,70.74061156101632
2023-08-08 17:00:00,77.2468236367308
2023-08-08 18:00:00,70.69099378103235
2023-08-08 19:00:00,77.6890187639467
2023-08-08 20:00:00,69.42679013031055
2023-08-08 21:00:00,75.24294768590967
2023-08-08 22:00:00,83.9006258841709
2023-08-08 23:00:00,95.42024887526051
2023-08-09 00:00:00,99.59459366730235
2023-08-09 01:00:00,113.86984307264223
2023-08-09 02:00:00,122.9544730912879
2023-08-09 03:00:00,127.04109114182562
2023-08-09 04:00:00,136.91470031183508
2023-08-09 05:00:00,133.90690793594888
2023-08-09 06:00:00,126.77551644829917
2023-08-09 07:00:00,138.66465735636436
2023-08-09 08:00:00,125.83498093550166
2023-08-09 09:00:00,128.655295934028
2023-08-09 10:00:00,125.76867108277546
2023-08-09 11:00:00,112.95801140672891
2023-08-09 12:00:00,95.43920593417955
2023-08-09 13:00:00,90.57436781437292
2023-08-09 14:00:00,94.55372233443059
2023-08-09 15:00:00,80.89118313618972
2023-08-09 16:00:00,77.37710556117855
2023-08-09 17:00:00,77.78634729214683
2023-08-09 18:00:00,76.46161431040161
2023-08-09 19:00:00,75.40622427325368
2023-08-09 20:00:00,75.97589603036414
2023-08-09 21:00:00,80.23345433574025
2023-08-09 22:00:00,92.30949412645357
2023-08-09 23:00:00,98.03327630226504
2023-08-10 00:00:00,101.75349999690452
2023-08-10 01:00:00,116.22513291804022
2023-08-10 02:00:00,117.41482942434884
2023-08-10 03:00:00,120.02489256392641
2023-08-10 04:00:00,125.2659086190171
2023-08-10 05:00:00,127.17407060712142
2023-08-10 06:00:00,131.73794991698156
2023-08-10 07:00:00,138.25639618035382
2023-08-10 08:00:00,125.07528620837942
2023-08-10 09:00:00,125.28558224068631
2023-08-10 10:00:00,114.85655327186932
2023-08-10 11:00:00,109.61302614672036
2023-08-10 12:00:00,95.60979394007717
2023-08-10 13:00:00,94.30273750113982
2023-08-10 14:00:00,87.21147310097477
2023-08-10 15:00:00,84.67823628458756
2023-08-10 16:00:00,78.3356424527449
2023-08-10 17:00:00,68.24026458656873
2023-08-10 18:00:00,78.64099122021771
2023-08-10 19:00:00,75.30374041243795
2023-08-10 20:00:00,78.25120547235018
2023-08-10 21:00:00,81.99088479747587
2023-08-10 22:00:00,85.6712127638852
2023-08-10 23:00:00,96.59444034566907
2023-08-11 00:00:00,105.65794217964256
2023-08-11 01:00:00,102.32009289635269
2023-08-11 02:00:00,115.60619581326672
2023-08-11 03:00:00,123.24846858357516
2023-08-11 04:00:00,130.5816151420049
2023-08-11 05:00:00,138.27432981830748
2023-08-11 06:00:00,129.4812959270161
2023-08-11 07:00:00,129.83796555458377
2023-08-11 08:00:00,126.77809156030298
2023-08-11 09:00:00,120.57556548507354
2023-08-11 10:00:00,116.6440675244397
2023-08-11 11:00:00,115.00858245301144
2023-08-11 12:00:00,98.13082252318236
2023-08-11 13:00:00,97.78450062269425
2023-08-11 14:00:00,79.91048884990846
2023-08-11 15:00:00,79.41010658219369
2023-08-11 16:00:00,75.81179138537503
2023-08-11 17:00:00,82.84652357589944
2023-08-11 18:00:00,72.08598847623657
2023-08-11 19:00:00,63.4860078440732
2023-08-11 20:00:00,67.50479335215958
2023-08-11 21:00:00,82.44694449613935
2023-08-11 22:00:00,91.56885427894528
2023-08-11 23:00:00,97.62270793506107
2023-08-12 00:00:00,104.35785052900395
2023-08-12 01:00:00,117.10586934060159
2023-08-12 02:00:00,115.84204389631687
2023-08-12 03:00:00,129.2377562157268
2023-08-12 04:00:00,121.38068768840108
2023-08-12 05:00:00,128.02303562398134
2023-08-12 06:00:00,124.54479302534091
2023-08-12 07:00:00,131.19354828532244
2023-08-12 08:00:00,129.34945602720433
2023-08-12 09:00:00,125.39371089672929
2023-08-12 10:00:00,118.92941676443728
2023-08-12 11:00:00,106.75680469902015
2023-08-12 12:00:00,102.68879577793183
2023-08-12 13:00:00,88.39819530390159
2023-08-12 14:00:00,95.47614487566196
2023-08-12 15:00:00,80.93866619991516
2023-08-12 16:00:00,75.25480729125024
2023-08-12 17:00:00,82.65692685354792
2023-08-12 18:00:00,67.48876733225386
2023-08-12 19:00:00,69.10428964116778
2023-08-12 20:00:00,72.25813626212268
2023-08-12 21:00:00,82.17743965590807
2023-08-12 22:00:00,90.89815814818908
2023-08-12 23:00:00,99.68380598750676
2023-08-13 00:00:00,116.61997658747319
2023-08-13 01:00:00,100.28740908206882
2023-08-13 02:00:00,121.82367794562406
2023-08-13 03:00:00,122.21755057273586
2023-08-13 04:00:00,126.84868636908558
2023-08-13 05:00:00,129.68891414740213
2023-08-13 06:00:00,129.2761516459601
2023-08-13 07:00:00,141.23039896168882
2023-08-13 08:00:00,134.03224874860248
2023-08-13 09:00:00,125.17918332838886
2023-08-13 10:00:00,125.61507876243715
2023-08-13 11:00:00,104.07192652658505
2023-08-13 12:00:00,97.22647434334392
2023-08-13 13:00:00,85.23558998595094
2023-08-13 14:00:00,85.40292729939073
2023-08-13 15:00:00,83.5052891979294
2023-08-13 16:00:00,78.45353077613069
2023-08-13 17:00:00,75.69893476662709
2023-08-13 18:00:00,66.88471584466959
2023-08-13 19:00:00,78.98799892439934
2023-08-13 20:00:00,79.17737547766018
2023-08-13 21:00:00,86.4220679717302
2023-08-13 22:00:00,79.51618911205027
2023-08-13 23:00:00,97.78288294091251
2023-08-14 00:00:00,98.06117380041688
2023-08-14 01:00:00,109.7879550903152
2023-08-14 02:00:00,121.69182449317744
2023-08-14 03:00:00,125.69867146687612
2023-08-14 04:00:00,125.76306221463594
2023-08-14 05:00:00,133.05914056959523
2023-08-14 06:00:00,126.40232342378178
2023-08-14 07:00:00,138.79911176816498
2023-08-14 08:00:00,129.034342016052
2023-08-14 09:00:00,130.89595315687424
2023-08-14 10:00:00,116.4673415645166
2023-08-14 11:00:00,109.25669141104713
2023-08-14 12:00:00,100.29906606681679
2023-08-14 13:00:00,100.74629830539038
2023-08-14 14:00:00,85.59284421335944
2023-08-14 15:00:00,86.15977372647714
2023-08-14 16:00:00,76.26697589812288
2023-08-14 17:00:00,65.31240871186975
2023-08-14 18:00:00,71.32842966106767
2023-08-14 19:00:00,69.31668413951306
2023-08-14 20:00:00,78.38875150487996
2023-08-14 21:00:00,77.0447578860273
2023-08-14 22:00:00,93.84987550357306
2023-08-14 23:00:00,96.0100493451578
2023-08-15 00:00:00,103.35202002620336
2023-08-15 01:00:00,115.29403204201589
2023-08-15 02:00:00,124.07953467037424
2023-08-15 03:00:00,125.38270967674784
2023-08-15 04:00:00,126.40476061578578
2023-08-15 05:00:00,124.39792670811053
2023-08-15 06:00:00,130.8697512148241
2023-08-15 07:00:00,130.20171355543388
2023-08-15 08:00:00,130.8360493784951
2023-08-15 09:00:00,123.81746902990794
2023-08-15 10:00:00,122.77966486026041
2023-08-15 11:00:00,109.04965499672063
2023-08-15 12:00:00,104.07479416574195
2023-08-15 13:00:00,102.52536586291009
2023-08-15 14:00:00,91.08912606977722
2023-08-15 15:00:00,82.87660885595889
2023-08-15 16:00:00,75.40951567679036
2023-08-15 17:00:00,72.26606822775491
2023-08-15 18:00:00,70.16693373524026
2023-08-15 19:00:00,72.74719088241264
2023-08-15 20:00:00,82.23756708018952
2023-08-15 21:00:00,82.12735520794277
2023-08-15 22:00:00,82.71113465308734
2023-08-15 23:00:00,105.54627511222122
2023-08-16 00:00:00,106.07982595572223
2023-08-16 01:00:00,105.21985435051151
2023-08-16 02:00:00,117.29075536379618
2023-08-16 03:00:00,126.2776353497329
2023-08-16 04:00:00,139.02372258001878
2023-08-16 05:00:00,127.96721249737666
2023-08-16 06:00:00,139.42020359677971
2023-08-16 07:00:00,140.5252069235338
2023-08-16 08:00:00,127.39749058816449
2023-08-16 09:00:00,124.39563534129735
2023-08-16 10:00:00,114.39845376313498
2023-08-16 11:00:00,111.33726564767318
2023-08-16 12:00:00,104.41705012828585
2023-08-16 13:00:00,100.14367863733152
2023-08-16 14:00:00,95.07091735510518
2023-08-16 15:00:00,79.67631624129878
2023-08-16 16:00:00,68.8226125653366
2023-08-16 17:00:00,75.56600131494699
2023-08-16 18:00:00,76.1276876498432
2023-08-16 19:00:00,76.93931364975218
2023-08-16 20:00:00,77.06587164891899
2023-08-16 21:00:00,84.10055706272333
2023-08-16 22:00:00,97.27722404176009
2023-08-16 23:00:00,98.85409949174083
2023-08-17 00:00:00,102.85315787498034
2023-08-17 01:00:00,109.99358226759017
2023-08-17 02:00:00,118.89073821161107
2023-08-17 03:00:00,134.1469032447484
2023-08-17 04:00:00,129.824258565904
2023-08-17 05:00:00,133.6488030660673
2023-08-17 06:00:00,132.36843214531848
2023-08-17 07:00:00,139.26269157588206
2023-08-17 08:00:00,140.57994838725762
2023-08-17 09:00:00,128.27626868275112
2023-08-17 10:00:00,120.23386451893153
2023-08-17 11:00:00,112.77848551894651
2023-08-17 12:00:00,92.91846605607242
2023-08-17 13:00:00,100.81118296835098
2023-08-17 14:00:00,90.53083207997682
2023-08-17 15:00:00,85.79850681771109
2023-08-17 16:00:00,75.34192691604838
2023-08-17 17:00:00,73.98994081644291
2023-08-17 18:00:00,72.84487531748414
2023-08-17 19:00:00,81.04034013169377
2023-08-17 20:00:00,77.04543870344843
2023-08-17 21:00:00,94.13009817495218
2023-08-17 22:00:00,92.09431209507346
2023-08-17 23:00:00,90.8070153469424
2023-08-18 00:00:00,104.31726853374215
2023-08-18 01:00:00,109.47619574228743
2023-08-18 02:00:00,109.00808765089906
2023-08-18 03:00:00,134.20055813616366
2023-08-18 04:00:00,134.49647482463124
2023-08-18 05:00:00,136.653811378169
2023-08-18 06:00:00,135.84701830149854
2023-08-18 07:00:00,127.09768694521021
2023-08-18 08:00:00,128.6026764157574
2023-08-18 09:00:00,130.47210730951468
2023-08-18 10:00:00,114.80389985108654
2023-08-18 11:00:00,100.17572477182847
2023-08-18 12:00:00,103.94446996109716
2023-08-18 13:00:00,96.61664087678983
2023-08-18 14:00:00,90.77781708207169
2023-08-18 15:00:00,87.53938978197577
2023-08-18 16:00:00,82.32726694762668
2023-08-18 17:00:00,77.44607423754813
2023-08-18 18:00:00,81.11765694043355
2023-08-18 19:00:00,68.57737630726183
2023-08-18 20:00:00,81.70214695885393
2023-08-18 21:00:00,87.08948838108263
2023-08-18 22:00:00,83.98218856959653
2023-08-18 23:00:00,89.9110756035085
2023-08-19 00:00:00,101.4702893676233
2023-08-19 01:00:00,109.66686414049902
2023-08-19 02:00:00,123.98709731750486
2023-08-19 03:00:00,123.3705095171388
2023-08-19 04:00:00,126.93901952212491
2023-08-19 05:00:00,131.16960610519948
2023-08-19 06:00:00,140.85316167077104
2023-08-19 07:00:00,134.31299166055558
2023-08-19 08:00:00,130.36450698675034
2023-08-19 09:00:00,125.95317594209466
2023-08-19 10:00:00,126.76030167163222
2023-08-19 11:00:00,109.32871272006037
2023-08-19 12:00:00,111.89754145469614
2023-08-19 13:00:00,98.61791014153565
2023-08-19 14:00:00,89.53790309012788
2023-08-19 15:00:00,96.64129905407496
2023-08-19 16:00:00,74.10104043747455
2023-08-19 17:00:00,74.6237964134919
2023-08-19 18:00:00,69.21784380417999
2023-08-19 19:00:00,81.1745350640073
2023-08-19 20:00:00,87.86518255472504
2023-08-19 21:00:00,92.54641047142549
2023-08-19 22:00:00,96.53974376573309
2023-08-19 23:00:00,96.67732630793999
2023-08-20 00:00:00,103.6137951125446
2023-08-20 01:00:00,104.85872249060453
2023-08-20 02:00:00,130.639367675907
2023-08-20 03:00:00,129.02809382634098
2023-08-20 04:00:00,129.00097758918318
2023-08-20 05:00:00,141.10805923360695
2023-08-20 06:00:00,130.63617741619998
2023-08-20 07:00:00,136.52088495978612
2023-08-20 08:00:00,130.63761644207764
2023-08-20 09:00:00,129.93658913500187
2023-08-20 10:00:00,120.22213230406956
2023-08-20 11:00:00,106.0599318975211
2023-08-20 12:00:00,105.93788186335327
2023-08-20 13:00:00,103.04974935629897
2023-08-20 14:00:00,90.43391797073527
2023-08-20 15:00:00,88.25237217234944
2023-08-20 16:00:00,74.39159045809761
2023-08-20 17:00:00,76.5009212449796
2023-08-20 18:00:00,72.49744772455712
2023-08-20 19:00:00,80.38712941184984
2023-08-20 20:00:00,79.81669569777631
2023-08-20 21:00:00,87.88716494608488
2023-08-20 22:00:00,96.09855213078595
2023-08-20 23:00:00,101.36352152253271
2023-08-21 00:00:00,107.04559217146141
2023-08-21 01:00:00,108.4635100605172
2023-08-21 02:00:00,120.686069446663
2023-08-21 03:00:00,124.257751425519
2023-08-21 04:00:00,129.98044233001255
2023-08-21 05:00:00,132.8351040349189
2023-08-21 06:00:00,130.8403721260888
2023-08-21 07:00:00,124.94108184300293
2023-08-21 08:00:00,128.4000468718933
2023-08-21 09:00:00,127.9501006952168
2023-08-21 10:00:00,114.03911477286918
2023-08-21 11:00:00,113.63298253543594
2023-08-21 12:00:00,115.30134212155856
2023-08-21 13:00:00,103.160711423184
2023-08-21 14:00:00,99.03770754560247
2023-08-21 15:00:00,86.57243594907291
2023-08-21 16:00:00,85.69678700140042
2023-08-21 17:00:00,73.25240155899009
2023-08-21 18:00:00,72.63829866489007
2023-08-21 19:00:00,63.19652418064054
2023-08-21 20:00:00,85.8299652566741
2023-08-21 21:00:00,92.3784164635008
2023-08-21 22:00:00,88.13411377325968
2023-08-21 23:00:00,96.87567011493898
2023-08-22 00:00:00,102.15068943154455
2023-08-22 01:00:00,115.60783911046765
2023-08-22 02:00:00,126.56466272651313
2023-08-22 03:00:00,118.44934356618771
2023-08-22 04:00:00,133.98795476674462
2023-08-22 05:00:00,133.56441593007605
2023-08-22 06:00:00,136.54697195983346
2023-08-22 07:00:00,137.26274479704452
2023-08-22 08:00:00,131.03974991967175
2023-08-22 09:00:00,126.70526916856754
2023-08-22 10:00:00,119.9506241622281
2023-08-22 11:00:00,118.64615236201327
2023-08-22 12:00:00,108.13379980064185
2023-08-22 13:00:00,99.3883463356168
2023-08-22 14:00:00,84.70524139453899
2023-08-22 15:00:00,82.96389784833914
2023-08-22 16:00:00,84.59258368816097
2023-08-22 17:00:00,77.30070807694881
2023-08-22 18:00:00,79.39765734794568
2023-08-22 19:00:00,85.9647842129659
2023-08-22 20:00:00,85.33226823250976
2023-08-22 21:00:00,85.38258825290444
2023-08-22 22:00:00,88.58505414901684
2023-08-22 23:00:00,85.61768066664503
2023-08-23 00:00:00,105.31807538763445
2023-08-23 01:00:00,112.30450887398874
2023-08-23 02:00:00,123.13183097197916
2023-08-23 03:00:00,126.633677300719
2023-08-23 04:00:00,130.57883681634905
2023-08-23 05:00:00,126.29078013613551
2023-08-23 06:00:00,131.52016085424967
2023-08-23 07:00:00,137.59102999267427
2023-08-23 08:00:00,140.80030026919965
2023-08-23 09:00:00,126.9755765168688
2023-08-23 10:00:00,122.89905536787245
2023-08-23 11:00:00,118.79696213784311
2023-08-23 12:00:00,102.22553031899696
2023-08-23 13:00:00,100.35949886335784
2023-08-23 14:00:00,87.59754946834016
2023-08-23 15:00:00,89.42091875686043
2023-08-23 16:00:00,81.0962531262275
2023-08-23 17:00:00,78.8444842812348
2023-08-23 18:00:00,72.42700701290705
2023-08-23 19:00:00,80.90738700938148
2023-08-23 20:00:00,90.80280249262043
2023-08-23 21:00:00,80.11723808726425
2023-08-23 22:00:00,89.6812049617632
2023-08-23 23:00:00,99.78346601775777
2023-08-24 00:00:00,110.33203105997714
2023-08-24 01:00:00,111.37683992662501
2023-08-24 02:00:00,107.25484854928803
2023-08-24 03:00:00,134.43915090641693
2023-08-24 04:00:00,136.22329271145
2023-08-24 05:00:00,126.71303713623813
2023-08-24 06:00:00,133.42215604110223
2023-08-24 07:00:00,143.28868693630827
2023-08-24 08:00:00,139.69974420582244
2023-08-24 09:00:00,132.39640354899691
2023-08-24 10:00:00,120.61943783020308
2023-08-24 11:00:00,114.68950844714225
2023-08-24 12:00:00,105.86537097436823
2023-08-24 13:00:00,104.40662756326887
2023-08-24 14:00:00,87.16078796752006
2023-08-24 15:00:00,81.3077982899848
2023-08-24 16:00:00,85.63061082064925
2023-08-24 17:00:00,77.37041793376994
2023-08-24 18:00:00,83.47233677726904
2023-08-24 19:00:00,74.25466417642643
2023-08-24 20:00:00,80.34534608477092
2023-08-24 21:00:00,80.78473164018023
2023-08-24 22:00:00,91.65681340711811
2023-08-24 23:00:00,91.47269396192928
2023-08-25 00:00:00,104.20183289522942
2023-08-25 01:00:00,107.23330202843113
2023-08-25 02:00:00,125.12961616595155
2023-08-25 03:00:00,131.4661501343946
2023-08-25 04:00:00,124.00944846111065
2023-08-25 05:00:00,142.3372035161759
2023-08-25 06:00:00,149.18707563209927
2023-08-25 07:00:00,135.9178067223553
2023-08-25 08:00:00,129.4951908124102
2023-08-25 09:00:00,142.06485639061304
2023-08-25 10:00:00,115.1451575084845
2023-08-25 11:00:00,114.61510368742582
2023-08-25 12:00:00,107.65811136315912
2023-08-25 13:00:00,105.73116674918737
2023-08-25 14:00:00,93.57869487563602
2023-08-25 15:00:00,83.0836270854592
2023-08-25 16:00:00,76.06331603452972
2023-08-25 17:00:00,76.12311611009726
2023-08-25 18:00:00,71.78536319527427
2023-08-25 19:00:00,78.09135181025064
2023-08-25 20:00:00,78.0382569871657
2023-08-25 21:00:00,78.16660759795077
2023-08-25 22:00:00,98.13572894187422
2023-08-25 23:00:00,96.61706602977746
2023-08-26 00:00:00,100.5393159751202
2023-08-26 01:00:00,113.81327568063999
2023-08-26 02:00:00,122.24185782983298
2023-08-26 03:00:00,119.39086980770071
2023-08-26 04:00:00,134.55900044916086
2023-08-26 05:00:00,130.67198694521977
2023-08-26 06:00:00,145.49514404595394
2023-08-26 07:00:00,138.5475773490574
2023-08-26 08:00:00,130.94126216298716
2023-08-26 09:00:00,124.45736458401151
2023-08-26 10:00:00,121.45516146217949
2023-08-26 11:00:00,117.81852506099082
2023-08-26 12:00:00,106.87252935708096
2023-08-26 13:00:00,98.15963461124163
2023-08-26 14:00:00,92.31185145409212
2023-08-26 15:00:00,82.79750190821716
2023-08-26 16:00:00,79.34320825225122
2023-08-26 17:00:00,67.64326301680484
2023-08-26 18:00:00,81.92863115426184
2023-08-26 19:00:00,79.58621411293586
2023-08-26 20:00:00,77.23195866630064
2023-08-26 21:00:00,95.3704714711801
2023-08-26 22:00:00,92.53508240195517
2023-08-26 23:00:00,94.16471078704605
2023-08-27 00:00:00,111.40368710734842
2023-08-27 01:00:00,116.88481243562339
2023-08-27 02:00:00,124.11289992742114
2023-08-27 03:00:00,126.23442541233266
2023-08-27 04:00:00,135.3932407324219
2023-08-27 05:00:00,134.83898333756548
2023-08-27 06:00:00,139.95970725822923
2023-08-27 07:00:00,126.64305251861896
2023-08-27 08:00:00,131.0113947986347
2023-08-27 09:00:00,137.0339789246397
2023-08-27 10:00:00,118.38466272300259
2023-08-27 11:00:00,111.97537986560907
2023-08-27 12:00:00,105.00019330775093
2023-08-27 13:00:00,93.41139796747674
2023-08-27 14:00:00,81.21859611886194
2023-08-27 15:00:00,84.90386457178914
2023-08-27 16:00:00,81.978535006875
2023-08-27 17:00:00,78.049699868635
2023-08-27 18:00:00,76.57560719026058
2023-08-27 19:00:00,78.54742956557882
2023-08-27 20:00:00,86.45344524421789
2023-08-27 21:00:00,85.16456563475737
2023-08-27 22:00:00,89.46958711456223
2023-08-27 23:00:00,98.17980122248757
2023-08-28 00:00:00,110.25673379877935
2023-08-28 01:00:00,122.19470574578611
2023-08-28 02:00:00,119.2392813041536
2023-08-28 03:00:00,129.09787237073942
2023-08-28 04:00:00,135.07254932321462
2023-08-28 05:00:00,131.42488475502665
2023-08-28 06:00:00,137.5220858360646
2023-08-28 07:00:00,129.07940550196184
2023-08-28 08:00:00,124.57551059483741
2023-08-28 09:00:00,130.49693547505566
2023-08-28 10:00:00,120.54062629335073
2023-08-28 11:00:00,116.2459733911817
2023-08-28 12:00:00,107.39052511495969
2023-08-28 13:00:00,94.84342840360819
2023-08-28 14:00:00,92.27372849017615
2023-08-28 15:00:00,80.13129003933338
2023-08-28 16:00:00,88.49409967647405
2023-08-28 17:00:00,71.77237348702862
2023-08-28 18:00:00,76.56107364515708
2023-08-28 19:00:00,73.36086727109225
2023-08-28 20:00:00,84.43134375326773
2023-08-28 21:00:00,84.69963970799547
2023-08-28 22:00:00,89.98666640189197
2023-08-28 23:00:00,104.09143637217855
2023-08-29 00:00:00,107.7471529583894
2023-08-29 01:00:00,117.95779358274906
2023-08-29 02:00:00,117.7133703174116
2023-08-29 03:00:00,121.81911871595699
2023-08-29 04:00:00,134.15680192373517
2023-08-29 05:00:00,135.0335430111987
2023-08-29 06:00:00,140.79217336226972
2023-08-29 07:00:00,136.24823252535973
2023-08-29 08:00:00,134.68613880970787
2023-08-29 09:00:00,120.78629078588861
2023-08-29 10:00:00,132.1421846980706
2023-08-29 11:00:00,114.65336142792268
2023-08-29 12:00:00,111.20793485169808
2023-08-29 13:00:00,95.78497029582965
2023-08-29 14:00:00,94.28004951108512
2023-08-29 15:00:00,80.02257274677957
2023-08-29 16:00:00,84.03957707776914
2023-08-29 17:00:00,77.01235478939944
2023-08-29 18:00:00,77.92595251967784
2023-08-29 19:00:00,82.30209536197881
2023-08-29 20:00:00,75.65653633036543
2023-08-29 21:00:00,83.17433791133372
2023-08-29 22:00:00,95.1066214054313
2023-08-29 23:00:00,110.55653601965389
2023-08-30 00:00:00,107.14958832669359
2023-08-30 01:00:00,118.57025194269485
2023-08-30 02:00:00,122.32514265071187
2023-08-30 03:00:00,138.79443140937556
2023-08-30 04:00:00,125.12465377870448
2023-08-30 05:00:00,137.34088001201897
2023-08-30 06:00:00,129.7722798321897
2023-08-30 07:00:00,124.35491693598732
2023-08-30 08:00:00,135.38807237912414
2023-08-30 09:00:00,129.8406924163374
2023-08-30 10:00:00,121.51581531128885
2023-08-30 11:00:00,115.18360090287811
2023-08-30 12:00:00,123.4514971703522
2023-08-30 13:00:00,98.91455295677126
2023-08-30 14:00:00,95.53062180625525
2023-08-30 15:00:00,83.52997246633434
2023-08-30 16:00:00,83.49540076167071
2023-08-30 17:00:00,77.84105683604892
2023-08-30 18:00:00,75.96740758635136
2023-08-30 19:00:00,88.14671787232801
2023-08-30 20:00:00,87.9451627023882
2023-08-30 21:00:00,87.52052980139823
2023-08-30 22:00:00,81.53894032028299
2023-08-30 23:00:00,98.50038253065668
2023-08-31 00:00:00,121.59513782202578
2023-08-31 01:00:00,114.70126301987602
2023-08-31 02:00:00,128.6160878602661
2023-08-31 03:00:00,136.53291544536143
2023-08-31 04:00:00,135.19558169281032
2023-08-31 05:00:00,132.89866662933127
2023-08-31 06:00:00,125.96343834108555
2023-08-31 07:00:00,140.54859083171758
2023-08-31 08:00:00,130.06698209941422
2023-08-31 09:00:00,130.26395569503904
2023-08-31 10:00:00,116.9308983020536
2023-08-31 11:00:00,114.62838365072648
2023-08-31 12:00:00,108.36859527450865
2023-08-31 13:00:00,101.78839655214394
2023-08-31 14:00:00,87.64588906324336
2023-08-31 15:00:00,93.00135130821099
2023-08-31 16:00:00,79.27476396280815
2023-08-31 17:00:00,70.89987790906271
2023-08-31 18:00:00,77.71488290018267
2023-08-31 19:00:00,79.46410175645853
2023-08-31 20:00:00,83.10218505232498
2023-08-31 21:00:00,93.88745858282701
2023-08-31 22:00:00,92.11775581632295
2023-08-31 23:00:00,99.94733052508164
2023-09-01 00:00:00,102.80407809382741
2023-09-01 01:00:00,120.19733886751342
2023-09-01 02:00:00,124.26154532038777
2023-09-01 03:00:00,127.46306479912714
2023-09-01 04:00:00,124.8173886462062
2023-09-01 05:00:00,144.56983576394555
2023-09-01 06:00:00,132.2416001777197
2023-09-01 07:00:00,134.41138474182446
2023-09-01 08:00:00,136.1724846689123
2023-09-01 09:00:00,123.64041379251276
2023-09-01 10:00:00,115.95245110874117
2023-09-01 11:00:00,105.57483343957479
2023-09-01 12:00:00,112.04498476453222
2023-09-01 13:00:00,97.95949742329147
2023-09-01 14:00:00,108.09635046236674
2023-09-01 15:00:00,82.28502123625513
2023-09-01 16:00:00,77.89198276932373
2023-09-01 17:00:00,76.6852603599021
2023-09-01 18:00:00,79.71567327569244
2023-09-01 19:00:00,77.18120851740126
2023-09-01 20:00:00,85.60089895648183
2023-09-01 21:00:00,82.42385461445788
2023-09-01 22:00:00,86.63204140767787
2023-09-01 23:00:00,91.79435494987933
2023-09-02 00:00:00,97.44212916031307
2023-09-02 01:00:00,113.7442262557046
2023-09-02 02:00:00,122.07509843803057
2023-09-02 03:00:00,126.64601829817678
2023-09-02 04:00:00,140.797791099469
2023-09-02 05:00:00,143.7279258367124
2023-09-02 06:00:00,136.94598506277748
2023-09-02 07:00:00,128.63816922271332
2023-09-02 08:00:00,131.78723657326074
2023-09-02 09:00:00,126.86409646601135
2023-09-02 10:00:00,120.37432518861124
2023-09-02 11:00:00,112.94597683358093
2023-09-02 12:00:00,105.41268552138064
2023-09-02 13:00:00,98.99272056744148
2023-09-02 14:00:00,90.52229450592287
2023-09-02 15:00:00,88.53840910753308
2023-09-02 16:00:00,84.54108146598955
2023-09-02 17:00:00,75.19899977541682
2023-09-02 18:00:00,85.09532663003517
2023-09-02 19:00:00,74.87191370212457
2023-09-02 20:00:00,74.69023481738884
2023-09-02 21:00:00,89.46068692123079
2023-09-02 22:00:00,89.69295932792353
2023-09-02 23:00:00,102.63188600071118
2023-09-03 00:00:00,96.78165699449576
2023-09-03 01:00:00,123.53685106048802
2023-09-03 02:00:00,127.18146704020403
2023-09-03 03:00:00,122.54082068977722
2023-09-03 04:00:00,127.42687649430145
2023-09-03 05:00:00,146.18910430915915
2023-09-03 06:00:00,135.17310048251022
2023-09-03 07:00:00,133.67685054500845
2023-09-03 08:00:00,123.53050164278993
2023-09-03 09:00:00,128.34931240758934
2023-09-03 10:00:00,122.76140192582335
2023-09-03 11:00:00,120.25203683692678
2023-09-03 12:00:00,101.92460785907613
2023-09-03 13:00:00,93.56399468572786
2023-09-03 14:00:00,96.19481317388359
2023-09-03 15:00:00,92.7704469205409
2023-09-03 16:00:00,75.12347613087616
2023-09-03 17:00:00,85.39979564282639
2023-09-03 18:00:00,79.16770920743411
2023-09-03 19:00:00,85.47125190670072
2023-09-03 20:00:00,82.66813607887713
2023-09-03 21:00:00,75.18540697696531
2023-09-03 22:00:00,93.26016308842038
2023-09-03 23:00:00,106.56614774027338
2023-09-04 00:00:00,104.5712699045792
2023-09-04 01:00:00,114.87474650853481
2023-09-04 02:00:00,123.17933248224658
2023-09-04 03:00:00,115.78563403625418
2023-09-04 04:00:00,143.41749999071655
2023-09-04 05:00:00,133.5608963891855
2023-09-04 06:00:00,141.628677162364
2023-09-04 07:00:00,137.65426910793067
2023-09-04 08:00:00,141.38885739533006
2023-09-04 09:00:00,132.3734840477428
2023-09-04 10:00:00,122.96537864239778
2023-09-04 11:00:00,112.44699589048359
2023-09-04 12:00:00,113.14925350690984
2023-09-04 13:00:00,92.03822212715187
2023-09-04 14:00:00,97.40945210137532
2023-09-04 15:00:00,82.48157280663168
2023-09-04 16:00:00,89.48065619625251
2023-09-04 17:00:00,81.0387229246413
2023-09-04 18:00:00,82.44061883925055
2023-09-04 19:00:00,80.66216928045269
2023-09-04 20:00:00,74.4973524107599
2023-09-04 21:00:00,83.7331507474231
2023-09-04 22:00:00,97.62194668805694
2023-09-04 23:00:00,102.33870773372223
2023-09-05 00:00:00,115.18494952653231
2023-09-05 01:00:00,119.07094416825731
2023-09-05 02:00:00,119.46649054648171
2023-09-05 03:00:00,126.54288274699297
2023-09-05 04:00:00,135.81534906614843
2023-09-05 05:00:00,126.73755445867243
2023-09-05 06:00:00,147.70720942811494
2023-09-05 07:00:00,140.53650847056144
2023-09-05 08:00:00,141.47593509877794
2023-09-05 09:00:00,122.68018373155218
2023-09-05 10:00:00,130.6028258017736
2023-09-05 11:00:00,128.31206590821935
2023-09-05 12:00:00,102.7956082231132
2023-09-05 13:00:00,105.50243762144441
2023-09-05 14:00:00,94.42554972343879
2023-09-05 15:00:00,80.49462732316046
2023-09-05 16:00:00,85.92365774572897
2023-09-05 17:00:00,84.64024123551475
2023-09-05 18:00:00,76.45436723665577
2023-09-05 19:00:00,86.32180781260325
2023-09-05 20:00:00,75.16542085252198
2023-09-05 21:00:00,80.80301583215112
2023-09-05 22:00:00,95.18298697794322
2023-09-05 23:00:00,101.87235503678372
2023-09-06 00:00:00,105.93713255787596
2023-09-06 01:00:00,121.34254353293683
2023-09-06 02:00:00,127.1944715710742
2023-09-06 03:00:00,135.05389879026578
2023-09-06 04:00:00,134.92507993677057
2023-09-06 05:00:00,141.56067612856273
2023-09-06 06:00:00,137.35174848485002
2023-09-06 07:00:00,148.83686823910682
2023-09-06 08:00:00,131.51803326292395
2023-09-06 09:00:00,141.34969058289005
2023-09-06 10:00:00,124.79443973544491
2023-09-06 11:00:00,110.51701690523095
2023-09-06 12:00:00,116.48039675245028
2023-09-06 13:00:00,102.514935588901
2023-09-06 14:00:00,98.91562049190408
2023-09-06 15:00:00,94.57607615711511
2023-09-06 16:00:00,85.38901565719168
2023-09-06 17:00:00,77.75102098726586
2023-09-06 18:00:00,84.57856688834626
2023-09-06 19:00:00,80.73600274859996
2023-09-06 20:00:00,87.16852697950975
2023-09-06 21:00:00,77.7481436954464
2023-09-06 22:00:00,96.97490858504224
2023-09-06 23:00:00,98.79249952119659
2023-09-07 00:00:00,118.02654818588849
2023-09-07 01:00:00,120.65000809252226
2023-09-07 02:00:00,125.97928872924628
2023-09-07 03:00:00,133.4347534023415
2023-09-07 04:00:00,130.788557849148
2023-09-07 05:00:00,146.9040582413111
2023-09-07 06:00:00,149.7768520920845
2023-09-07 07:00:00,140.7723423414133
2023-09-07 08:00:00,143.772779956399
2023-09-07 09:00:00,128.21746244223627
2023-09-07 10:00:00,120.87443216887942
2023-09-07 11:00:00,117.83919509671989
2023-09-07 12:00:00,112.05470519184058
2023-09-07 13:00:00,100.15549524070464
2023-09-07 14:00:00,97.58884095184587
2023-09-07 15:00:00,90.22874397477449
2023-09-07 16:00:00,78.94770401001159
2023-09-07 17:00:00,83.54619029858695
2023-09-07 18:00:00,84.25764121260761
2023-09-07 19:00:00,81.82957179927877
2023-09-07 20:00:00,89.74247840277238
2023-09-07 21:00:00,82.66977759691846
2023-09-07 22:00:00,97.3197521106576
2023-09-07 23:00:00,96.37402511494383
2023-09-08 00:00:00,104.42959320882973
2023-09-08 01:00:00,114.61991718438063
2023-09-08 02:00:00,120.30969908212799
2023-09-08 03:00:00,128.50322434188905
2023-09-08 04:00:00,134.95001055997872
2023-09-08 05:00:00,143.21354722032763
2023-09-08 06:00:00,138.4542048064715
2023-09-08 07:00:00,131.11964625482443
2023-09-08 08:00:00,141.76110134601035
2023-09-08 09:00:00,127.11775276751939
2023-09-08 10:00:00,124.80639786448177
2023-09-08 11:00:00,120.10725388777946
2023-09-08 12:00:00,111.11805209201565
2023-09-08 13:00:00,107.83632638453483
2023-09-08 14:00:00,97.53501571696191
2023-09-08 15:00:00,84.63024866592232
2023-09-08 16:00:00,95.0720487564255
2023-09-08 17:00:00,82.16389252801969
2023-09-08 18:00:00,79.44329886689248
2023-09-08 19:00:00,86.03185232660627
2023-09-08 20:00:00,85.46649261611395
2023-09-08 21:00:00,90.99293752909942
2023-09-08 22:00:00,107.6809199930012
2023-09-08 23:00:00,101.08982150564526
2023-09-09 00:00:00,108.65119552991436
2023-09-09 01:00:00,118.59746391313126
2023-09-09 02:00:00,130.61757967790385
2023-09-09 03:00:00,123.9505332846423
2023-09-09 04:00:00,126.43298265615184
2023-09-09 05:00:00,136.33219843557154
2023-09-09 06:00:00,132.13038520470357
2023-09-09 07:00:00,137.16361805104435
2023-09-09 08:00:00,138.81326059418132
2023-09-09 09:00:00,127.08945911783373
2023-09-09 10:00:00,118.20586711609285
2023-09-09 11:00:00,118.46125716165984
2023-09-09 12:00:00,114.67271742307823
2023-09-09 13:00:00,94.13056145434501
2023-09-09 14:00:00,99.48116199152858
2023-09-09 15:00:00,93.26332758309513
2023-09-09 16:00:00,89.18966339725407
2023-09-09 17:00:00,87.52462628568712
2023-09-09 18:00:00,91.43006962329808
2023-09-09 19:00:00,79.67176496823296
2023-09-09 20:00:00,85.00709578685597
2023-09-09 21:00:00,87.15460439815737
2023-09-09 22:00:00,95.46988422377628
2023-09-09 23:00:00,110.36979542510143
2023-09-10 00:00:00,103.75492758034736
2023-09-10 01:00:00,113.94932299224703
2023-09-10 02:00:00,132.3859046825268
2023-09-10 03:00:00,136.8233859701043
2023-09-10 04:00:00,134.68510387944522
2023-09-10 05:00:00,143.7797847942757
2023-09-10 06:00:00,142.24607921246016
2023-09-10 07:00:00,147.0291478336759
2023-09-10 08:00:00,136.91331008266908
2023-09-10 09:00:00,136.91136400496322
2023-09-10 10:00:00,138.79005955246322
2023-09-10 11:00:00,121.34506712831448
2023-09-10 12:00:00,110.84664082897044
2023-09-10 13:00:00,106.45766357303359
2023-09-10 14:00:00,93.7935957089857
2023-09-10 15:00:00,101.35663509202763
2023-09-10 16:00:00,85.55959307494776
2023-09-10 17:00:00,80.30755861019951
2023-09-10 18:00:00,76.48155497489982
2023-09-10 19:00:00,87.1783261693585
2023-09-10 20:00:00,89.03517495060505
2023-09-10 21:00:00,86.9900247073314
2023-09-10 22:00:00,98.58225672561467
2023-09-10 23:00:00,95.40264880585497
2023-09-11 00:00:00,111.64485287536584
2023-09-11 01:00:00,120.75835311345776
2023-09-11 02:00:00,134.27664904779365
2023-09-11 03:00:00,128.10910942195477
2023-09-11 04:00:00,130.34899896951865
2023-09-11 05:00:00,135.27063498404675
2023-09-11 06:00:00,134.0971574984254
2023-09-11 07:00:00,146.45106157746778
2023-09-11 08:00:00,144.5239585886523
2023-09-11 09:00:00,133.6242863253449
2023-09-11 10:00:00,131.92647472842643
2023-09-11 11:00:00,119.26436325597895
2023-09-11 12:00:00,110.36444176149983
2023-09-11 13:00:00,101.42024055165393
2023-09-11 14:00:00,94.30804504311787
2023-09-11 15:00:00,81.91778878285928
2023-09-11 16:00:00,86.22051170450487
2023-09-11 17:00:00,81.71055566025878
2023-09-11 18:00:00,84.62680362038938
2023-09-11 19:00:00,82.39984269351919
2023-09-11 20:00:00,84.12571937862057
2023-09-11 21:00:00,85.36083141436325
2023-09-11 22:00:00,96.30076618411081
2023-09-11 23:00:00,106.87661480100601
2023-09-12 00:00:00,105.24330504457329
2023-09-12 01:00:00,119.17194012147735
2023-09-12 02:00:00,127.14521475764441
2023-09-12 03:00:00,128.61287951750646
2023-09-12 04:00:00,134.04148058899338
2023-09-12 05:00:00,141.14082903250107
2023-09-12 06:00:00,135.35289490853688
2023-09-12 07:00:00,141.75739336492003
2023-09-12 08:00:00,132.54399024523642
2023-09-12 09:00:00,137.5774719007625
2023-09-12 10:00:00,137.74913872694864
2023-09-12 11:00:00,114.53078734456929
2023-09-12 12:00:00,113.75103931187769
2023-09-12 13:00:00,99.69171912251328
2023-09-12 14:00:00,101.30477086898928
2023-09-12 15:00:00,83.57050451898363
2023-09-12 16:00:00,87.54217167860706
2023-09-12 17:00:00,77.78728037688242
2023-09-12 18:00:00,80.10507705450816
2023-09-12 19:00:00,77.01709883559121
2023-09-12 20:00:00,89.29099024094789
2023-09-12 21:00:00,85.77189479220301
2023-09-12 22:00:00,98.93982129665467
2023-09-12 23:00:00,101.70493850561292
2023-09-13 00:00:00,110.62763814100445
2023-09-13 01:00:00,119.71335089008026
2023-09-13 02:00:00,122.41087664170217
2023-09-13 03:00:00,133.4950390032969
2023-09-13 04:00:00,144.8724349353051
2023-09-13 05:00:00,136.33730085950808
2023-09-13 06:00:00,147.1190507163692
2023-09-13 07:00:00,147.73826295611215
2023-09-13 08:00:00,133.17998716839594
2023-09-13 09:00:00,125.22793041014411
2023-09-13 10:00:00,127.80980450086062
2023-09-13 11:00:00,116.33753373923807
2023-09-13 12:00:00,120.66301609581998
2023-09-13 13:00:00,103.73946634942973
2023-09-13 14:00:00,92.32900295982502
2023-09-13 15:00:00,84.40099900934678
2023-09-13 16:00:00,90.82876268191956
2023-09-13 17:00:00,79.53630534090841
2023-09-13 18:00:00,81.59914399730214
2023-09-13 19:00:00,87.19123893688999
2023-09-13 20:00:00,82.99794612681123
2023-09-13 21:00:00,89.96715242070451
2023-09-13 22:00:00,96.33715795088237
2023-09-13 23:00:00,107.08205120450441
2023-09-14 00:00:00,114.39372167754975
2023-09-14 01:00:00,118.11400269679827
2023-09-14 02:00:00,126.77824530748435
2023-09-14 03:00:00,130.82430837797457
2023-09-14 04:00:00,130.0727000789355
2023-09-14 05:00:00,141.7557790756621
2023-09-14 06:00:00,150.96095880416533
2023-09-14 07:00:00,136.06917908521632
2023-09-14 08:00:00,133.635613565523
2023-09-14 09:00:00,128.3895645773786
2023-09-14 10:00:00,130.16295889361797
2023-09-14 11:00:00,121.55699862405527
2023-09-14 12:00:00,110.76731153791651
2023-09-14 13:00:00,99.21533333873639
2023-09-14 14:00:00,97.04188395820108
2023-09-14 15:00:00,82.55368592772678
2023-09-14 16:00:00,86.3363707207532
2023-09-14 17:00:00,86.98984714176743
2023-09-14 18:00:00,75.36400431683161
2023-09-14 19:00:00,74.98963382717909
2023-09-14 20:00:00,93.55642734493937
2023-09-14 21:00:00,87.37799836688194
2023-09-14 22:00:00,102.33973922971943
2023-09-14 23:00:00,103.13544032092759
2023-09-15 00:00:00,110.87022591529085
2023-09-15 01:00:00,121.64663485055502
2023-09-15 02:00:00,122.280005716269
2023-09-15 03:00:00,133.58568915307464
2023-09-15 04:00:00,135.79331503940853
2023-09-15 05:00:00,134.10530757164614
2023-09-15 06:00:00,143.427410373632
2023-09-15 07:00:00,139.41123575428222
2023-09-15 08:00:00,136.95563797130984
2023-09-15 09:00:00,126.93239871852218
2023-09-15 10:00:00,134.73700183881692
2023-09-15 11:00:00,123.93814228501084
2023-09-15 12:00:00,116.62077942085934
2023-09-15 13:00:00,102.51820513471684
2023-09-15 14:00:00,88.17408555247903
2023-09-15 15:00:00,100.38138347685381
2023-09-15 16:00:00,85.55375034644011
2023-09-15 17:00:00,79.12822623122764
2023-09-15 18:00:00,83.94400787241557
2023-09-15 19:00:00,88.72782915134549
2023-09-15 20:00:00,85.78398510603742
2023-09-15 21:00:00,97.06967240409645
2023-09-15 22:00:00,102.3149996925841
2023-09-15 23:00:00,98.76352270991242
2023-09-16 00:00:00,108.55104947170628
2023-09-16 01:00:00,124.48225716946999
2023-09-16 02:00:00,113.37693718094255
2023-09-16 03:00:00,132.415924969771
2023-09-16 04:00:00,130.78660610540874
2023-09-16 05:00:00,138.56500578150528
2023-09-16 06:00:00,140.485899554854
2023-09-16 07:00:00,139.1765528991344
2023-09-16 08:00:00,135.2194558529707
2023-09-16 09:00:00,127.73748518745417
2023-09-16 10:00:00,138.479556334091
2023-09-16 11:00:00,129.13188137388767
2023-09-16 12:00:00,106.22967089871867
2023-09-16 13:00:00,112.1960124034437
2023-09-16 14:00:00,95.06267254763833
2023-09-16 15:00:00,91.50273393106045
2023-09-16 16:00:00,85.7828680869852
2023-09-16 17:00:00,79.81348200505825
2023-09-16 18:00:00,87.01926171803073
2023-09-16 19:00:00,83.76165786421036
2023-09-16 20:00:00,83.75648077037162
2023-09-16 21:00:00,84.39384934539676
2023-09-16 22:00:00,92.67202493140358
2023-09-16 23:00:00,96.1785280689116
2023-09-17 00:00:00,112.22111774207204
2023-09-17 01:00:00,113.95124339165515
2023-09-17 02:00:00,125.85219743740147
2023-09-17 03:00:00,140.25371270364735
2023-09-17 04:00:00,144.17725997813972
2023-09-17 05:00:00,141.02639031815963
2023-09-17 06:00:00,141.78457636928425
2023-09-17 07:00:00,150.60714753577895
2023-09-17 08:00:00,140.8245427153276
2023-09-17 09:00:00,131.82417113621608
2023-09-17 10:00:00,120.12990941439585
2023-09-17 11:00:00,122.00393744389865
2023-09-17 12:00:00,116.42661886292187
2023-09-17 13:00:00,101.36717102435827
2023-09-17 14:00:00,98.7560137756933
2023-09-17 15:00:00,89.2789300898272
2023-09-17 16:00:00,85.41907589047167
2023-09-17 17:00:00,70.91311492351836
2023-09-17 18:00:00,81.23109298141932
2023-09-17 19:00:00,88.21907172336718
2023-09-17 20:00:00,83.22222510863472
2023-09-17 21:00:00,91.41942840548008
2023-09-17 22:00:00,93.60024646653314
2023-09-17 23:00:00,106.42763702838533
2023-09-18 00:00:00,111.31738401231466
2023-09-18 01:00:00,115.47836364966646
2023-09-18 02:00:00,134.08275733832517
2023-09-18 03:00:00,138.28786350326092
2023-09-18 04:00:00,135.39622829389057
2023-09-18 05:00:00,143.91671633575967
2023-09-18 06:00:00,145.14706001410192
2023-09-18 07:00:00,144.65928096372818
2023-09-18 08:00:00,129.98948263355558
2023-09-18 09:00:00,138.73623614076232
2023-09-18 10:00:00,124.65150518537595
2023-09-18 11:00:00,118.48543168586923
2023-09-18 12:00:00,125.70940876130237
2023-09-18 13:00:00,106.27479555052558
2023-09-18 14:00:00,95.60838762276782
2023-09-18 15:00:00,80.31032470062809
2023-09-18 16:00:00,93.52805855619879
2023-09-18 17:00:00,76.8661768572854
2023-09-18 18:00:00,77.56280548250248
2023-09-18 19:00:00,81.9554637158875
2023-09-18 20:00:00,93.70129684496523
2023-09-18 21:00:00,95.26299649773183
2023-09-18 22:00:00,96.83081245079678
2023-09-18 23:00:00,106.40688896512154
2023-09-19 00:00:00,109.63807153563936
2023-09-19 01:00:00,121.11283980090262
2023-09-19 02:00:00,128.02668372388965
2023-09-19 03:00:00,138.72705291400132
2023-09-19 04:00:00,143.4966527257293
2023-09-19 05:00:00,144.13766169969884
2023-09-19 06:00:00,140.88826221226947
2023-09-19 07:00:00,145.3968862606231
2023-09-19 08:00:00,138.24091978251946
2023-09-19 09:00:00,128.53363159202914
2023-09-19 10:00:00,125.72356104045046
2023-09-19 11:00:00,120.9372062719978
2023-09-19 12:00:00,117.31107891832575
2023-09-19 13:00:00,104.08778778614197
2023-09-19 14:00:00,91.73400644380033
2023-09-19 15:00:00,91.86050498089219
2023-09-19 16:00:00,87.3865180867501
2023-09-19 17:00:00,84.76141335584235
2023-09-19 18:00:00,87.41935757977214
2023-09-19 19:00:00,88.94684141177783
2023-09-19 20:00:00,83.88818352455512
2023-09-19 21:00:00,88.55607927415785
2023-09-19 22:00:00,92.65900644522014
2023-09-19 23:00:00,108.59950699832919
2023-09-20 00:00:00,120.12410054168964
2023-09-20 01:00:00,119.07916171352404
2023-09-20 02:00:00,126.69284717637345
2023-09-20 03:00:00,141.45711622008898
2023-09-20 04:00:00,141.42855137960925
2023-09-20 05:00:00,144.0889533126775
2023-09-20 06:00:00,136.98541747013135
2023-09-20 07:00:00,145.32141513506974
2023-09-20 08:00:00,134.29508041098623
2023-09-20 09:00:00,128.51310250592047
2023-09-20 10:00:00,126.24614211616624
2023-09-20 11:00:00,117.82560773583995
2023-09-20 12:00:00,111.89200152807747
2023-09-20 13:00:00,98.04052047430376
2023-09-20 14:00:00,102.8140815323373
2023-09-20 15:00:00,97.45522803698586
2023-09-20 16:00:00,77.322525515767
2023-09-20 17:00:00,88.96451423966151
2023-09-20 18:00:00,79.00735685089187
2023-09-20 19:00:00,88.37710289624209
2023-09-20 20:00:00,86.75700542313444
2023-09-20 21:00:00,92.02067438481194
2023-09-20 22:00:00,97.17451175289087
2023-09-20 23:00:00,111.40607466808702
2023-09-21 00:00:00,106.92205993737528
2023-09-21 01:00:00,123.93377304674966
2023-09-21 02:00:00,133.64665082445148
2023-09-21 03:00:00,137.9449038382957
2023-09-21 04:00:00,150.7642566851476
2023-09-21 05:00:00,139.50304097504855
2023-09-21 06:00:00,147.96652411296768
2023-09-21 07:00:00,141.63732161196393
2023-09-21 08:00:00,145.34779249529868
2023-09-21 09:00:00,134.38475845699367
2023-09-21 10:00:00,126.28062109068802
2023-09-21 11:00:00,127.52493237243557
2023-09-21 12:00:00,110.78219030490185
2023-09-21 13:00:00,98.4217998524262
2023-09-21 14:00:00,95.67576558413624
2023-09-21 15:00:00,95.15196129734684
2023-09-21 16:00:00,94.25943164440345
2023-09-21 17:00:00,84.86787208780972
2023-09-21 18:00:00,89.89098533617013
2023-09-21 19:00:00,77.54135060394003
2023-09-21 20:00:00,85.12292056237669
2023-09-21 21:00:00,90.67392097863114
2023-09-21 22:00:00,97.7672028626397
2023-09-21 23:00:00,106.00590058816994
2023-09-22 00:00:00,116.81455478696073
2023-09-22 01:00:00,118.91053716222154
2023-09-22 02:00:00,129.07514343476294
2023-09-22 03:00:00,134.37758898397774
2023-09-22 04:00:00,134.7513125940744
2023-09-22 05:00:00,141.8194413432647
2023-09-22 06:00:00,142.70170235051444
2023-09-22 07:00:00,141.58237196365775
2023-09-22 08:00:00,139.5795593964395
2023-09-22 09:00:00,135.04157113866793
2023-09-22 10:00:00,126.29852410446426
2023-09-22 11:00:00,127.59814502293437
2023-09-22 12:00:00,107.63259685398889
2023-09-22 13:00:00,102.12057810457354
2023-09-22 14:00:00,112.39981812112372
2023-09-22 15:00:00,87.10683978945848
2023-09-22 16:00:00,80.77046451291952
2023-09-22 17:00:00,88.22460893633341
2023-09-22 18:00:00,73.15440073113062
2023-09-22 19:00:00,83.39585566146387
2023-09-22 20:00:00,98.30836251184833
2023-09-22 21:00:00,84.63211695363421
2023-09-22 22:00:00,88.67017757130819
2023-09-22 23:00:00,98.32952263713645
2023-09-23 00:00:00,118.09179784172721
2023-09-23 01:00:00,126.99845495300244
2023-09-23 02:00:00,126.0570560151042
2023-09-23 03:00:00,138.2592654556029
2023-09-23 04:00:00,146.57203875109317
2023-09-23 05:00:00,151.56450686081905
2023-09-23 06:00:00,142.42832359410076
2023-09-23 07:00:00,131.1404162003232
2023-09-23 08:00:00,135.55636750148415
2023-09-23 09:00:00,132.76918246092035
2023-09-23 10:00:00,127.40530601711542
2023-09-23 11:00:00,120.53527434803509
2023-09-23 12:00:00,119.31447298965796
2023-09-23 13:00:00,112.33757078036155
2023-09-23 14:00:00,97.88163173037668
2023-09-23 15:00:00,98.02922094465936
2023-09-23 16:00:00,89.56754471962408
2023-09-23 17:00:00,85.11475507564211
2023-09-23 18:00:00,88.31272078554981
2023-09-23 19:00:00,85.17348545251726
2023-09-23 20:00:00,98.10829377195779
2023-09-23 21:00:00,85.40474073042795
2023-09-23 22:00:00,96.24414550453518
2023-09-23 23:00:00,105.43283416215453
2023-09-24 00:00:00,116.03726345228843
2023-09-24 01:00:00,127.95437378859478
2023-09-24 02:00:00,128.73800716381535
2023-09-24 03:00:00,127.97205518806125
2023-09-24 04:00:00,144.07333159580793
2023-09-24 05:00:00,146.64256861938136
2023-09-24 06:00:00,134.190706703103
2023-09-24 07:00:00,142.86875412031932
2023-09-24 08:00:00,131.95005296013483
2023-09-24 09:00:00,131.81994794808676
2023-09-24 10:00:00,124.42595536518805
2023-09-24 11:00:00,125.76089484428266
2023-09-24 12:00:00,114.54415087086619
2023-09-24 13:00:00,99.77747364314413
2023-09-24 14:00:00,103.38032981478787
2023-09-24 15:00:00,85.60776744476347
2023-09-24 16:00:00,89.66980683882026
2023-09-24 17:00:00,80.96217186487165
2023-09-24 18:00:00,82.1916145873474
2023-09-24 19:00:00,87.57357895151942
2023-09-24 20:00:00,90.66648488176288
2023-09-24 21:00:00,99.5216419321849
2023-09-24 22:00:00,98.64873150163746
2023-09-24 23:00:00,107.83768296174037
2023-09-25 00:00:00,111.8913133879762
2023-09-25 01:00:00,122.76452076618611
2023-09-25 02:00:00,131.29743024004406
2023-09-25 03:00:00,134.83165419831997
2023-09-25 04:00:00,131.08200969307012
2023-09-25 05:00:00,144.76512927032584
2023-09-25 06:00:00,145.96280738677729
2023-09-25 07:00:00,139.72690740693196
2023-09-25 08:00:00,133.71882693317406
2023-09-25 09:00:00,142.76259918811735
2023-09-25 10:00:00,131.63722755447463
2023-09-25 11:00:00,120.80916619846478
2023-09-25 12:00:00,108.51483558426166
2023-09-25 13:00:00,102.33635450482475
2023-09-25 14:00:00,105.73295198393288
2023-09-25 15:00:00,93.70510626874623
2023-09-25 16:00:00,85.50630255146234
2023-09-25 17:00:00,87.8206713674511
2023-09-25 18:00:00,80.18800906276839
2023-09-25 19:00:00,92.79644036272921
2023-09-25 20:00:00,95.06324056094853
2023-09-25 21:00:00,90.74392620839077
2023-09-25 22:00:00,96.15664876484577
2023-09-25 23:00:00,93.45476265345506
2023-09-26 00:00:00,106.91209614224034
2023-09-26 01:00:00,115.39722247828271
2023-09-26 02:00:00,130.01595170493786
2023-09-26 03:00:00,133.93203491338937
2023-09-26 04:00:00,133.61408467645265
2023-09-26 05:00:00,141.94195457634842
2023-09-26 06:00:00,146.90668573823675
2023-09-26 07:00:00,146.0069715382498
2023-09-26 08:00:00,130.88241070923914
2023-09-26 09:00:00,134.981886033174
2023-09-26 10:00:00,122.50329611514512
2023-09-26 11:00:00,126.70321483878193
2023-09-26 12:00:00,118.36073208176724
2023-09-26 13:00:00,102.19529251530322
2023-09-26 14:00:00,95.62977398799437
2023-09-26 15:00:00,90.95046131191492
2023-09-26 16:00:00,77.23527091281292
2023-09-26 17:00:00,87.19206607853087
2023-09-26 18:00:00,83.13577726829935
2023-09-26 19:00:00,90.38310062416824
2023-09-26 20:00:00,83.04719179665183
2023-09-26 21:00:00,90.2211818231497
2023-09-26 22:00:00,92.00737370980393
2023-09-26 23:00:00,101.76397582945116
2023-09-27 00:00:00,108.65009001966226
2023-09-27 01:00:00,127.31443974730311
2023-09-27 02:00:00,126.08869075623751
2023-09-27 03:00:00,136.4240818593188
2023-09-27 04:00:00,138.6769450942229
2023-09-27 05:00:00,137.2404484586087
2023-09-27 06:00:00,143.77849788414179
2023-09-27 07:00:00,146.60329144799002
2023-09-27 08:00:00,134.58196515081713
2023-09-27 09:00:00,139.90876738925533
2023-09-27 10:00:00,125.41139539260932
2023-09-27 11:00:00,120.01965172271697
2023-09-27 12:00:00,117.33341561505063
2023-09-27 13:00:00,103.60824786082871
2023-09-27 14:00:00,99.88787429668217
2023-09-27 15:00:00,91.92334242046164
2023-09-27 16:00:00,89.38607791998902
2023-09-27 17:00:00,73.84852968371067
2023-09-27 18:00:00,75.59159092395959
2023-09-27 19:00:00,88.85206024156119
2023-09-27 20:00:00,93.96514491471294
2023-09-27 21:00:00,89.0043630467413
2023-09-27 22:00:00,98.55985823914328
2023-09-27 23:00:00,108.49902491143332
2023-09-28 00:00:00,118.26608800828942
2023-09-28 01:00:00,112.4361849947226
2023-09-28 02:00:00,125.38979876510206
2023-09-28 03:00:00,134.3803065363459
2023-09-28 04:00:00,144.33646309971184
2023-09-28 05:00:00,156.3199272072801
2023-09-28 06:00:00,143.71997136595144
2023-09-28 07:00:00,136.81288747815404
2023-09-28 08:00:00,142.87210249954066
2023-09-28 09:00:00,142.70818238330247
2023-09-28 10:00:00,130.44007060489588
2023-09-28 11:00:00,118.14132862730375
2023-09-28 12:00:00,119.70996970740795
2023-09-28 13:00:00,110.48315673941896
2023-09-28 14:00:00,94.80959577902527
2023-09-28 15:00:00,95.64392465207426
2023-09-28 16:00:00,93.9655657247612
2023-09-28 17:00:00,91.90167542412456
2023-09-28 18:00:00,84.64775512345273
2023-09-28 19:00:00,84.22182798043023
2023-09-28 20:00:00,95.15560699687367
2023-09-28 21:00:00,87.74599404949885
2023-09-28 22:00:00,102.21289645459751
2023-09-28 23:00:00,100.41529551009903
2023-09-29 00:00:00,120.36688136129325
2023-09-29 01:00:00,121.52434377502041
2023-09-29 02:00:00,136.4029161782366
2023-09-29 03:00:00,138.7402672173773
2023-09-29 04:00:00,134.94466096322162
2023-09-29 05:00:00,151.19091344905692
2023-09-29 06:00:00,152.85622633213865
2023-09-29 07:00:00,148.49920725166848
2023-09-29 08:00:00,137.29282278835
2023-09-29 09:00:00,134.8131336638123
2023-09-29 10:00:00,130.86713608703366
2023-09-29 11:00:00,119.39601935641868
2023-09-29 12:00:00,123.6217328623177
2023-09-29 13:00:00,108.127061005551
2023-09-29 14:00:00,86.66325976446717
2023-09-29 15:00:00,95.67357562818894
2023-09-29 16:00:00,87.4784509023806
2023-09-29 17:00:00,85.85759243073626
2023-09-29 18:00:00,83.3769031710715
2023-09-29 19:00:00,90.2874572943601
2023-09-29 20:00:00,94.85767677923052
2023-09-29 21:00:00,95.45206237569609
2023-09-29 22:00:00,98.56344406430703
2023-09-29 23:00:00,107.29874262288128
2023-09-30 00:00:00,115.37799808288274
2023-09-30 01:00:00,119.04242115375142
2023-09-30 02:00:00,133.19464324285488
2023-09-30 03:00:00,138.82341505489669
2023-09-30 04:00:00,149.00296831241778
2023-09-30 05:00:00,150.58452369011292
2023-09-30 06:00:00,141.91162541204935
2023-09-30 07:00:00,148.42926666121735
2023-09-30 08:00:00,136.58599519806248
2023-09-30 09:00:00,140.06286394029925
2023-09-30 10:00:00,127.79692900620486
2023-09-30 11:00:00,118.03830523619855
2023-09-30 12:00:00,116.80022671348937
2023-09-30 13:00:00,94.27259300615732
2023-09-30 14:00:00,91.66512212797247
2023-09-30 15:00:00,93.32933714553688
2023-09-30 16:00:00,89.87144671964171
2023-09-30 17:00:00,84.62563136053772
2023-09-30 18:00:00,77.56281850641201
2023-09-30 19:00:00,82.40276600063574
2023-09-30 20:00:00,91.45528452265027
2023-09-30 21:00:00,97.18570541754417
2023-09-30 22:00:00,100.41888441201756
2023-09-30 23:00:00,113.52959755211145
2023-10-01 00:00:00,117.50698511729694
2023-10-01 01:00:00,119.55729308327732
2023-10-01 02:00:00,129.13748973294005
2023-10-01 03:00:00,129.7488726495546
2023-10-01 04:00:00,141.000067161577
2023-10-01 05:00:00,150.10827788477883
2023-10-01 06:00:00,149.0064504235548
2023-10-01 07:00:00,151.57782141826831
2023-10-01 08:00:00,140.0663358945402
2023-10-01 09:00:00,143.55370240816677
2023-10-01 10:00:00,129.6534788677602
2023-10-01 11:00:00,130.75249676593316
2023-10-01 12:00:00,115.53071626279235
2023-10-01 13:00:00,111.42158551595003
2023-10-01 14:00:00,108.03556182154846
2023-10-01 15:00:00,93.48965842149791
2023-10-01 16:00:00,90.79118282419209
2023-10-01 17:00:00,93.15654233736034
2023-10-01 18:00:00,85.03498418034968
2023-10-01 19:00:00,80.12776379879729
2023-10-01 20:00:00,100.45427315939094
2023-10-01 21:00:00,92.16797424272104
2023-10-01 22:00:00,101.53378025468442
2023-10-01 23:00:00,113.76546199417494
2023-10-02 00:00:00,112.71753048134413
2023-10-02 01:00:00,118.49523178696369
2023-10-02 02:00:00,132.04868648387767
2023-10-02 03:00:00,128.0378214460315
2023-10-02 04:00:00,140.34123172919072
2023-10-02 05:00:00,146.012968110249
2023-10-02 06:00:00,144.47024051587417
2023-10-02 07:00:00,137.09052007274238
2023-10-02 08:00:00,149.79165189455554
2023-10-02 09:00:00,137.5808942053466
2023-10-02 10:00:00,138.01576058880934
2023-10-02 11:00:00,122.33439010217549
2023-10-02 12:00:00,111.47994009154297
2023-10-02 13:00:00,109.47133324820507
2023-10-02 14:00:00,99.82106436836455
2023-10-02 15:00:00,88.80798927444759
2023-10-02 16:00:00,97.28815918040561
2023-10-02 17:00:00,83.84087409685725
2023-10-02 18:00:00,76.73866807602215
2023-10-02 19:00:00,93.61305548111459
2023-10-02 20:00:00,87.45774780740295
2023-10-02 21:00:00,91.71767710132332
2023-10-02 22:00:00,92.15306206485218
2023-10-02 23:00:00,116.93013607990363
2023-10-03 00:00:00,109.55259706395104
2023-10-03 01:00:00,124.06681875660198
2023-10-03 02:00:00,135.58310161269924
2023-10-03 03:00:00,139.3517881006133
2023-10-03 04:00:00,141.72249055356903
2023-10-03 05:00:00,136.51944549723473
2023-10-03 06:00:00,142.0113758211636
2023-10-03 07:00:00,145.98677647888567
2023-10-03 08:00:00,138.12489176359742
2023-10-03 09:00:00,138.32000073559504
2023-10-03 10:00:00,134.50871704407686
2023-10-03 11:00:00,128.68708578207884
2023-10-03 12:00:00,109.98910321094085
2023-10-03 13:00:00,119.34865892181807
2023-10-03 14:00:00,104.97739672277685
2023-10-03 15:00:00,94.92822579605952
2023-10-03 16:00:00,95.62692080185165
2023-10-03 17:00:00,99.01926407132726
2023-10-03 18:00:00,78.98639949471566
2023-10-03 19:00:00,86.08591199886922
2023-10-03 20:00:00,78.3270795870991
2023-10-03 21:00:00,95.96005422764112
2023-10-03 22:00:00,103.0469712096272
2023-10-03 23:00:00,108.26961806971084
2023-10-04 00:00:00,112.96733214500044
2023-10-04 01:00:00,113.76699877213146
2023-10-04 02:00:00,133.1276684170553
2023-10-04 03:00:00,144.76037585517398
2023-10-04 04:00:00,139.3056698348659
2023-10-04 05:00:00,147.46807443378563
2023-10-04 06:00:00,138.45927843289977
2023-10-04 07:00:00,147.5738401071358
2023-10-04 08:00:00,140.33385062480943
2023-10-04 09:00:00,133.73111368258225
2023-10-04 10:00:00,127.538181793927
2023-10-04 11:00:00,122.14651344291391
2023-10-04 12:00:00,118.27216657846758
2023-10-04 13:00:00,102.04461264094635
2023-10-04 14:00:00,99.39442334216159
2023-10-04 15:00:00,94.96943767440474
2023-10-04 16:00:00,84.92404176380948
2023-10-04 17:00:00,96.41555121970441
2023-10-04 18:00:00,82.1525225996933
2023-10-04 19:00:00,84.10504064316015
2023-10-04 20:00:00,85.56769813735633
2023-10-04 21:00:00,104.22919700009112
2023-10-04 22:00:00,104.22452614299245
2023-10-04 23:00:00,104.0224686157058
2023-10-05 00:00:00,122.01115779429803
2023-10-05 01:00:00,125.25806482452343
2023-10-05 02:00:00,132.7862671055534
2023-10-05 03:00:00,136.0008173918298
2023-10-05 04:00:00,138.75368217874788
2023-10-05 05:00:00,147.19660528394448
2023-10-05 06:00:00,143.81456385002207
2023-10-05 07:00:00,154.6115529365489
2023-10-05 08:00:00,136.19430658731753
2023-10-05 09:00:00,145.463987299872
2023-10-05 10:00:00,131.02340575601332
2023-10-05 11:00:00,125.85000002317852
2023-10-05 12:00:00,120.76578883315273
2023-10-05 13:00:00,105.69418217190237
2023-10-05 14:00:00,105.9412419234946
2023-10-05 15:00:00,81.87907728749985
2023-10-05 16:00:00,87.05929022035599
2023-10-05 17:00:00,83.05191117462418
2023-10-05 18:00:00,80.39246993814119
2023-10-05 19:00:00,86.61745102093266
2023-10-05 20:00:00,92.62798772737358
2023-10-05 21:00:00,98.99009655690143
2023-10-05 22:00:00,102.9043837859965
2023-10-05 23:00:00,105.61696132245567
2023-10-06 00:00:00,118.56508218912336
2023-10-06 01:00:00,125.1159998273261
2023-10-06 02:00:00,136.42028083968134
2023-10-06 03:00:00,141.84788695024918
2023-10-06 04:00:00,142.89314418313558
2023-10-06 05:00:00,141.26150975786499
2023-10-06 06:00:00,143.5152492208396
2023-10-06 07:00:00,143.0188279904816
2023-10-06 08:00:00,141.2044304439555
2023-10-06 09:00:00,139.3634555735465
2023-10-06 10:00:00,135.3958719506432
2023-10-06 11:00:00,124.33897788799675
2023-10-06 12:00:00,116.92062393950174
2023-10-06 13:00:00,109.80196017193178
2023-10-06 14:00:00,99.28047343434028
2023-10-06 15:00:00,91.02983527619142
2023-10-06 16:00:00,82.12204839991246
2023-10-06 17:00:00,84.43647842094353
2023-10-06 18:00:00,89.26572726633894
2023-10-06 19:00:00,84.41766802112942
2023-10-06 20:00:00,89.75020269933506
2023-10-06 21:00:00,98.04895300146603
2023-10-06 22:00:00,104.54344748211314
2023-10-06 23:00:00,103.78776438608598
2023-10-07 00:00:00,121.94529678226509
2023-10-07 01:00:00,130.37132179984863
2023-10-07 02:00:00,126.3307507139079
2023-10-07 03:00:00,134.0840190873902
2023-10-07 04:00:00,148.93621552926646
2023-10-07 05:00:00,145.2535071823946
2023-10-07 06:00:00,135.92111026274074
2023-10-07 07:00:00,139.0093672650085
2023-10-07 08:00:00,141.77391398767128
2023-10-07 09:00:00,132.44799018417035
2023-10-07 10:00:00,129.99288114682122
2023-10-07 11:00:00,124.99655242149873
2023-10-07 12:00:00,124.39127302017367
2023-10-07 13:00:00,107.87315906578687
2023-10-07 14:00:00,107.4627089978604
2023-10-07 15:00:00,103.04059737459052
2023-10-07 16:00:00,98.31078623323013
2023-10-07 17:00:00,89.5759981782559
2023-10-07 18:00:00,77.32355426080512
2023-10-07 19:00:00,90.47634953834817
2023-10-07 20:00:00,96.42123732553216
2023-10-07 21:00:00,95.55146103722208
2023-10-07 22:00:00,110.9029193503755
2023-10-07 23:00:00,113.72459645425943
2023-10-08 00:00:00,120.04136688576698
2023-10-08 01:00:00,130.40647490909979
2023-10-08 02:00:00,133.88684925630454
2023-10-08 03:00:00,125.97915093861877
2023-10-08 04:00:00,140.72506735617998
2023-10-08 05:00:00,152.21361492491198
2023-10-08 06:00:00,143.2220432995085
2023-10-08 07:00:00,145.13041226248743
2023-10-08 08:00:00,138.03658054401865
2023-10-08 09:00:00,147.4228164116075
2023-10-08 10:00:00,140.70746228708816
2023-10-08 11:00:00,120.65522687737781
2023-10-08 12:00:00,118.0564900019461
2023-10-08 13:00:00,106.16295840810618
2023-10-08 14:00:00,105.41472319516
2023-10-08 15:00:00,98.68521195061393
2023-10-08 16:00:00,95.43776574453639
2023-10-08 17:00:00,90.05181744986767
2023-10-08 18:00:00,102.05703103194233
2023-10-08 19:00:00,83.27260638627324
2023-10-08 20:00:00,82.86622111428497
2023-10-08 21:00:00,94.23134556089138
2023-10-08 22:00:00,94.58005867219734
2023-10-08 23:00:00,102.20311729689156
2023-10-09 00:00:00,112.43342672901258
2023-10-09 01:00:00,120.60362682591843
2023-10-09 02:00:00,127.68690949024337
2023-10-09 03:00:00,141.27429818782213
2023-10-09 04:00:00,140.9298168081048
2023-10-09 05:00:00,145.57020191431016
2023-10-09 06:00:00,151.97116387250466
2023-10-09 07:00:00,142.65616216476695
2023-10-09 08:00:00,142.17803262001073
2023-10-09 09:00:00,140.5720033660637
2023-10-09 10:00:00,122.83216099689756
2023-10-09 11:00:00,113.39004380832259
2023-10-09 12:00:00,119.29058664399676
2023-10-09 13:00:00,112.26550004976154
2023-10-09 14:00:00,112.9011006742657
2023-10-09 15:00:00,97.1672709437368
2023-10-09 16:00:00,95.71793647275744
2023-10-09 17:00:00,87.6548619934003
2023-10-09 18:00:00,89.10613610792544
2023-10-09 19:00:00,96.98850942007442
2023-10-09 20:00:00,81.03927379583904
2023-10-09 21:00:00,98.50487785226147
2023-10-09 22:00:00,113.33793365039087
2023-10-09 23:00:00,111.3155997429676
2023-10-10 00:00:00,125.93286481615918
2023-10-10 01:00:00,122.30851060542871
2023-10-10 02:00:00,132.53976252918045
2023-10-10 03:00:00,139.09082694754235
2023-10-10 04:00:00,132.61280671673728
2023-10-10 05:00:00,140.86688564941963
2023-10-10 06:00:00,142.25562460308007
2023-10-10 07:00:00,150.83810517883506
2023-10-10 08:00:00,148.10152764195155
2023-10-10 09:00:00,140.60338564913224
2023-10-10 10:00:00,136.9005144842836
2023-10-10 11:00:00,124.73382428946728
2023-10-10 12:00:00,123.8096583476997
2023-10-10 13:00:00,110.08937086008146
2023-10-10 14:00:00,103.10932023713801
2023-10-10 15:00:00,95.28883339809597
2023-10-10 16:00:00,95.28149027464946
2023-10-10 17:00:00,86.766231128264
2023-10-10 18:00:00,92.74215688599034
2023-10-10 19:00:00,83.23147950774656
2023-10-10 20:00:00,86.4046566128259
2023-10-10 21:00:00,100.11393034003514
2023-10-10 22:00:00,102.45727892708251
2023-10-10 23:00:00,107.87597156616121
2023-10-11 00:00:00,122.3702886623716
2023-10-11 01:00:00,122.65826428264488
2023-10-11 02:00:00,131.93899372849663
2023-10-11 03:00:00,146.15934318594995
2023-10-11 04:00:00,151.6364738425875
2023-10-11 05:00:00,154.8097658400221
2023-10-11 06:00:00,146.56937111533045
2023-10-11 07:00:00,153.12128931359496
2023-10-11 08:00:00,139.2359979746916
2023-10-11 09:00:00,134.68868906198492
2023-10-11 10:00:00,121.26772073688386
2023-10-11 11:00:00,134.1589123625694
2023-10-11 12:00:00,113.72010075462222
2023-10-11 13:00:00,109.65276574819299
2023-10-11 14:00:00,98.50837829035744
2023-10-11 15:00:00,100.3326228060592
2023-10-11 16:00:00,90.22106958288093
2023-10-11 17:00:00,82.58814075916399
2023-10-11 18:00:00,90.3083128209303
2023-10-11 19:00:00,81.96357508727704
2023-10-11 20:00:00,87.95220925988569
2023-10-11 21:00:00,86.38235099127175
2023-10-11 22:00:00,96.02020943900897
2023-10-11 23:00:00,111.27807449552863
2023-10-12 00:00:00,108.33731980948585
2023-10-12 01:00:00,118.52884272995952
2023-10-12 02:00:00,133.16815541933386
2023-10-12 03:00:00,136.68516895512843
2023-10-12 04:00:00,154.14094529333045
2023-10-12 05:00:00,156.35725751879394
2023-10-12 06:00:00,143.88038768624423
2023-10-12 07:00:00,149.9934628806902
2023-10-12 08:00:00,147.96717489793255
2023-10-12 09:00:00,136.47580914547365
2023-10-12 10:00:00,125.78229231750932
2023-10-12 11:00:00,125.97307910654368
2023-10-12 12:00:00,117.41577162593272
2023-10-12 13:00:00,108.34660616207583
2023-10-12 14:00:00,105.51158434082186
2023-10-12 15:00:00,93.34314852937614
2023-10-12 16:00:00,86.57925014856885
2023-10-12 17:00:00,89.89764006307806
2023-10-12 18:00:00,90.26985046284439
2023-10-12 19:00:00,83.48900049182775
2023-10-12 20:00:00,97.01969094142164
2023-10-12 21:00:00,88.30439087552614
2023-10-12 22:00:00,100.48943270641823
2023-10-12 23:00:00,109.33538596593097
2023-10-13 00:00:00,115.21888143674019
2023-10-13 01:00:00,123.34926898531808
2023-10-13 02:00:00,142.77537241154383
2023-10-13 03:00:00,135.38878299039877
2023-10-13 04:00:00,156.62687072588975
2023-10-13 05:00:00,149.61340868732717
2023-10-13 06:00:00,148.92027568655996
2023-10-13 07:00:00,149.8289765556095
2023-10-13 08:00:00,157.1104008597954
2023-10-13 09:00:00,134.73523841594368
2023-10-13 10:00:00,127.89791040531894
2023-10-13 11:00:00,122.50024037021839
2023-10-13 12:00:00,118.68071573481988
2023-10-13 13:00:00,102.13657302286668
2023-10-13 14:00:00,103.65169619659304
2023-10-13 15:00:00,105.80453223147293
2023-10-13 16:00:00,93.33627483959218
2023-10-13 17:00:00,88.12879791645094
2023-10-13 18:00:00,85.48919775658186
2023-10-13 19:00:00,94.10478373408567
2023-10-13 20:00:00,88.49007402027569
2023-10-13 21:00:00,106.62877616739749
2023-10-13 22:00:00,113.28679873857358
2023-10-13 23:00:00,112.14918264022732
2023-10-14 00:00:00,118.58242455961594
2023-10-14 01:00:00,131.56787039428121
2023-10-14 02:00:00,139.1339925111334
2023-10-14 03:00:00,135.8532447803005
2023-10-14 04:00:00,142.02798644784636
2023-10-14 05:00:00,141.05603761525524
2023-10-14 06:00:00,150.74532469167028
2023-10-14 07:00:00,151.02091420595758
2023-10-14 08:00:00,137.95113392422616
2023-10-14 09:00:00,137.6672089115206
2023-10-14 10:00:00,127.00373041209468
2023-10-14 11:00:00,122.02057230185943
2023-10-14 12:00:00,121.51508530112925
2023-10-14 13:00:00,107.33801831353217
2023-10-14 14:00:00,102.27587021984496
2023-10-14 15:00:00,89.44023792466847
2023-10-14 16:00:00,93.75418893509192
2023-10-14 17:00:00,89.61085861210424
2023-10-14 18:00:00,85.1752037498342
2023-10-14 19:00:00,88.90715372291355
2023-10-14 20:00:00,93.76071228898282
2023-10-14 21:00:00,93.56245581985408
2023-10-14 22:00:00,96.47868727999234
2023-10-14 23:00:00,120.13330081035843
2023-10-15 00:00:00,115.71363647644033
2023-10-15 01:00:00,126.17077083713836
2023-10-15 02:00:00,138.95419867509779
2023-10-15 03:00:00,157.76847937344957
2023-10-15 04:00:00,138.67832986408862
2023-10-15 05:00:00,150.15691085730234
2023-10-15 06:00:00,145.40223857352947
2023-10-15 07:00:00,145.2338232657897
2023-10-15 08:00:00,141.3397020084989
2023-10-15 09:00:00,134.5549285965941
2023-10-15 10:00:00,133.77354319107278
2023-10-15 11:00:00,119.38205791783807
2023-10-15 12:00:00,123.73403783256455
2023-10-15 13:00:00,111.52044332709109
2023-10-15 14:00:00,106.1321748645083
2023-10-15 15:00:00,95.48585350466956
2023-10-15 16:00:00,91.2232182154102
2023-10-15 17:00:00,91.51004473716604
2023-10-15 18:00:00,83.23974683797087
2023-10-15 19:00:00,88.30227303926084
2023-10-15 20:00:00,88.8011703170764
2023-10-15 21:00:00,93.42395251144526
2023-10-15 22:00:00,93.55080879686658
2023-10-15 23:00:00,118.04206159432373
2023-10-16 00:00:00,115.68730623422904
2023-10-16 01:00:00,132.7114516288965
2023-10-16 02:00:00,139.4839616069671
2023-10-16 03:00:00,133.9332049030094
2023-10-16 04:00:00,139.6987059351684
2023-10-16 05:00:00,160.9502895854498
2023-10-16 06:00:00,157.93462970963571
2023-10-16 07:00:00,148.01018222203294
2023-10-16 08:00:00,146.46762764561996
2023-10-16 09:00:00,137.26897142086153
2023-10-16 10:00:00,136.38176357100426
2023-10-16 11:00:00,123.40866184946094
2023-10-16 12:00:00,109.07823117851392
2023-10-16 13:00:00,104.8776497143696
2023-10-16 14:00:00,104.36546373925461
2023-10-16 15:00:00,92.40146038689302
2023-10-16 16:00:00,92.96285056189818
2023-10-16 17:00:00,84.93892001416526
2023-10-16 18:00:00,85.38823038749003
2023-10-16 19:00:00,94.5980517433933
2023-10-16 20:00:00,94.57664062466549
2023-10-16 21:00:00,98.06847445783797
2023-10-16 22:00:00,108.73481986534746
2023-10-16 23:00:00,113.98847161365984
2023-10-17 00:00:00,126.59281645625407
2023-10-17 01:00:00,124.83527504149585
2023-10-17 02:00:00,132.23182510736348
2023-10-17 03:00:00,134.09765710363467
2023-10-17 04:00:00,143.2358585266702
2023-10-17 05:00:00,153.21162426018344
2023-10-17 06:00:00,155.91993686131067
2023-10-17 07:00:00,153.2093006291052
2023-10-17 08:00:00,136.44980278078972
2023-10-17 09:00:00,146.07892949890163
2023-10-17 10:00:00,125.26740688364275
2023-10-17 11:00:00,131.72515797368564
2023-10-17 12:00:00,117.6410773671444
2023-10-17 13:00:00,115.23809521660132
2023-10-17 14:00:00,97.8377582605294
2023-10-17 15:00:00,104.15263472793715
2023-10-17 16:00:00,86.21436415594171
2023-10-17 17:00:00,87.2099506570621
2023-10-17 18:00:00,84.54952686115483
2023-10-17 19:00:00,81.80080094721468
2023-10-17 20:00:00,94.05187572440697
2023-10-17 21:00:00,107.38724215358906
2023-10-17 22:00:00,117.9145261115996
2023-10-17 23:00:00,112.31120758234714
2023-10-18 00:00:00,125.18340637533421
2023-10-18 01:00:00,128.53504454271362
2023-10-18 02:00:00,137.11441597384152
2023-10-18 03:00:00,139.13246017995957
2023-10-18 04:00:00,146.59614674064838
2023-10-18 05:00:00,151.3151683117032
2023-10-18 06:00:00,146.76770135561833
2023-10-18 07:00:00,148.2603032892071
2023-10-18 08:00:00,145.3686115185464
2023-10-18 09:00:00,145.0352200222462
2023-10-18 10:00:00,129.36983914186527
2023-10-18 11:00:00,127.21686031004288
2023-10-18 12:00:00,129.2800273452638
2023-10-18 13:00:00,117.78572940985578
2023-10-18 14:00:00,111.48589524444041
2023-10-18 15:00:00,98.65895576529704
2023-10-18 16:00:00,95.38422570490002
2023-10-18 17:00:00,95.80340604484277
2023-10-18 18:00:00,97.58127764765466
2023-10-18 19:00:00,81.05421064691434
2023-10-18 20:00:00,87.24203135121506
2023-10-18 21:00:00,105.1440170714122
2023-10-18 22:00:00,103.43555322115498
2023-10-18 23:00:00,108.70682470063147
2023-10-19 00:00:00,113.56919506502474
2023-10-19 01:00:00,124.83948784534977
2023-10-19 02:00:00,127.84815358288077
2023-10-19 03:00:00,151.53867479925768
2023-10-19 04:00:00,145.7485818536288
2023-10-19 05:00:00,148.57802207985907
2023-10-19 06:00:00,152.84038337583917
2023-10-19 07:00:00,153.69950063500502
2023-10-19 08:00:00,150.63020289630734
2023-10-19 09:00:00,146.51131315513675
2023-10-19 10:00:00,131.78577224604408
2023-10-19 11:00:00,126.22523732829744
2023-10-19 12:00:00,123.80515827721236
2023-10-19 13:00:00,109.56848333872863
2023-10-19 14:00:00,104.95446683986722
2023-10-19 15:00:00,100.77061538652657
2023-10-19 16:00:00,97.94516329802211
2023-10-19 17:00:00,82.14382039947732
2023-10-19 18:00:00,93.59372824944472
2023-10-19 19:00:00,89.88360492206822
2023-10-19 20:00:00,97.59652644078929
2023-10-19 21:00:00,102.72145502617263
2023-10-19 22:00:00,113.09957530559423
2023-10-19 23:00:00,119.07269688502726
2023-10-20 00:00:00,126.8128583130536
2023-10-20 01:00:00,135.07292294890746
2023-10-20 02:00:00,136.55689492407316
2023-10-20 03:00:00,141.48412887077905
2023-10-20 04:00:00,150.46484752942303
2023-10-20 05:00:00,152.7681795458376
2023-10-20 06:00:00,148.59466881630868
2023-10-20 07:00:00,151.15189183271545
2023-10-20 08:00:00,145.9652797796115
2023-10-20 09:00:00,137.11353889329905
2023-10-20 10:00:00,141.63230370688063
2023-10-20 11:00:00,128.23056756572623
2023-10-20 12:00:00,130.44354128850267
2023-10-20 13:00:00,104.31796729592818
2023-10-20 14:00:00,102.43610613578707
2023-10-20 15:00:00,99.17999074785732
2023-10-20 16:00:00,99.94614337461171
2023-10-20 17:00:00,93.26957207434117
2023-10-20 18:00:00,91.81236377090376
2023-10-20 19:00:00,85.65590624855594
2023-10-20 20:00:00,88.51453090031971
2023-10-20 21:00:00,100.6893198658524
2023-10-20 22:00:00,98.47947003091198
2023-10-20 23:00:00,109.88603989547397
2023-10-21 00:00:00,122.82458664542393
2023-10-21 01:00:00,123.18294999169177
2023-10-21 02:00:00,143.36677981180782
2023-10-21 03:00:00,147.68288515678867
2023-10-21 04:00:00,138.4836621218395
2023-10-21 05:00:00,144.6859185727606
2023-10-21 06:00:00,138.95111377752525
2023-10-21 07:00:00,145.45481797593186
2023-10-21 08:00:00,150.2127044963934
2023-10-21 09:00:00,139.5537287242255
2023-10-21 10:00:00,137.7239862180852
2023-10-21 11:00:00,120.58289976166769
2023-10-21 12:00:00,124.4298762729118
2023-10-21 13:00:00,109.90988250727963
2023-10-21 14:00:00,105.520848411419
2023-10-21 15:00:00,98.79242405744299
2023-10-21 16:00:00,88.14149528200603
2023-10-21 17:00:00,85.74680355262973
2023-10-21 18:00:00,95.33897234501713
2023-10-21 19:00:00,93.52718599883498
2023-10-21 20:00:00,99.78948309423387
2023-10-21 21:00:00,100.94008774191501
2023-10-21 22:00:00,106.25495317404341
2023-10-21 23:00:00,104.15537555359273
2023-10-22 00:00:00,119.20816651618816
2023-10-22 01:00:00,128.1976497510563
2023-10-22 02:00:00,145.3455359913611
2023-10-22 03:00:00,145.23798659608735
2023-10-22 04:00:00,154.26106802208173
2023-10-22 05:00:00,152.57546331814405
2023-10-22 06:00:00,147.0634838652526
2023-10-22 07:00:00,150.19339586942195
2023-10-22 08:00:00,147.8018803448563
2023-10-22 09:00:00,137.167425586742
2023-10-22 10:00:00,133.7380631170413
2023-10-22 11:00:00,127.40573638469118
2023-10-22 12:00:00,128.70809916282852
2023-10-22 13:00:00,102.52172601997368
2023-10-22 14:00:00,111.72909210357933
2023-10-22 15:00:00,94.8128203896118
2023-10-22 16:00:00,87.8788419501197
2023-10-22 17:00:00,97.65193586152114
2023-10-22 18:00:00,94.3994903461719
2023-10-22 19:00:00,98.04481872323406
2023-10-22 20:00:00,98.78274762419089
2023-10-22 21:00:00,109.85602157308895
2023-10-22 22:00:00,108.57361918471919
2023-10-22 23:00:00,112.24304176631016
2023-10-23 00:00:00,122.51463188660689
2023-10-23 01:00:00,134.79191699479765
2023-10-23 02:00:00,131.92312337369708
2023-10-23 03:00:00,138.78376052293655
2023-10-23 04:00:00,145.27596204054421
2023-10-23 05:00:00,139.30486079484535
2023-10-23 06:00:00,151.55039204208774
2023-10-23 07:00:00,140.41713126891773
2023-10-23 08:00:00,147.12605867819852
2023-10-23 09:00:00,146.42965221627213
2023-10-23 10:00:00,133.5156176967814
2023-10-23 11:00:00,137.0601507040186
2023-10-23 12:00:00,113.61749550291113
2023-10-23 13:00:00,119.12173205508839
2023-10-23 14:00:00,109.3156852820343
2023-10-23 15:00:00,91.1566303228509
2023-10-23 16:00:00,108.53320938166736
2023-10-23 17:00:00,91.67349878380915
2023-10-23 18:00:00,86.59257988922184
2023-10-23 19:00:00,84.97678923740784
2023-10-23 20:00:00,93.91914774816773
2023-10-23 21:00:00,99.15976220245652
2023-10-23 22:00:00,106.53322764269451
2023-10-23 23:00:00,111.77644786579893
2023-10-24 00:00:00,124.20612655057501
2023-10-24 01:00:00,126.87642218975755
2023-10-24 02:00:00,126.38517941380063
2023-10-24 03:00:00,141.5363959573448
2023-10-24 04:00:00,135.22337384666363
2023-10-24 05:00:00,151.83662794312878
2023-10-24 06:00:00,146.20349884858683
2023-10-24 07:00:00,150.90457656325026
2023-10-24 08:00:00,153.6711370211588
2023-10-24 09:00:00,137.59945995926114
2023-10-24 10:00:00,141.4462812925617
2023-10-24 11:00:00,126.74762351964752
2023-10-24 12:00:00,129.92597401032532
2023-10-24 13:00:00,111.57966558093877
2023-10-24 14:00:00,101.9775350724668
2023-10-24 15:00:00,103.41298881638123
2023-10-24 16:00:00,93.04028923835025
2023-10-24 17:00:00,88.02497764068235
2023-10-24 18:00:00,88.83080074648105
2023-10-24 19:00:00,92.02919255041277
2023-10-24 20:00:00,101.97013854269004
2023-10-24 21:00:00,90.36635783710315
2023-10-24 22:00:00,106.37540329475365
2023-10-24 23:00:00,116.62994662018832
2023-10-25 00:00:00,122.24724287495788
2023-10-25 01:00:00,135.60389720024082
2023-10-25 02:00:00,135.9282733512039
2023-10-25 03:00:00,141.60044622466768
2023-10-25 04:00:00,150.26240984859643
2023-10-25 05:00:00,150.8043438634284
2023-10-25 06:00:00,149.38795630859764
2023-10-25 07:00:00,152.9084949866051
2023-10-25 08:00:00,144.07812064744945
2023-10-25 09:00:00,139.52731767550497
2023-10-25 10:00:00,133.74002989117363
2023-10-25 11:00:00,135.91991715391094
2023-10-25 12:00:00,105.29491822006948
2023-10-25 13:00:00,115.62342282073858
2023-10-25 14:00:00,106.59135907100782
2023-10-25 15:00:00,91.81244426821465
2023-10-25 16:00:00,97.00787178214875
2023-10-25 17:00:00,94.85098517048522
2023-10-25 18:00:00,94.40819615678701
2023-10-25 19:00:00,79.23308489610109
2023-10-25 20:00:00,102.33118494573765
2023-10-25 21:00:00,96.58811304097637
2023-10-25 22:00:00,109.93283873376686
2023-10-25 23:00:00,117.4507975503355
2023-10-26 00:00:00,117.13651457189495
2023-10-26 01:00:00,132.59687111483026
2023-10-26 02:00:00,134.6125337954342
2023-10-26 03:00:00,132.40631753890617
2023-10-26 04:00:00,153.3794717411717
2023-10-26 05:00:00,146.67254997358853
2023-10-26 06:00:00,147.3075326863097
2023-10-26 07:00:00,148.55244544848978
2023-10-26 08:00:00,148.94194574016996
2023-10-26 09:00:00,142.5368513814867
2023-10-26 10:00:00,139.36033462353222
2023-10-26 11:00:00,122.69712452043623
2023-10-26 12:00:00,117.92806814785183
2023-10-26 13:00:00,113.30544328531684
2023-10-26 14:00:00,116.14943646329489
2023-10-26 15:00:00,99.8877338723321
2023-10-26 16:00:00,101.12534920477724
2023-10-26 17:00:00,92.90500105525108
2023-10-26 18:00:00,89.28170681281216
2023-10-26 19:00:00,91.49860309075524
2023-10-26 20:00:00,94.89713932632412
2023-10-26 21:00:00,103.53502525920382
2023-10-26 22:00:00,113.61305633787728
2023-10-26 23:00:00,115.78383288535505
2023-10-27 00:00:00,127.69538839370638
2023-10-27 01:00:00,124.71062266493006
2023-10-27 02:00:00,134.70684745592524
2023-10-27 03:00:00,139.38169076455813
2023-10-27 04:00:00,149.35298506790673
2023-10-27 05:00:00,148.99298286277423
2023-10-27 06:00:00,155.46886468517096
2023-10-27 07:00:00,146.15276623051133
2023-10-27 08:00:00,148.03591698013975
2023-10-27 09:00:00,146.49749299065897
2023-10-27 10:00:00,126.53348612479975
2023-10-27 11:00:00,140.2427278897246
2023-10-27 12:00:00,120.46424057560675
2023-10-27 13:00:00,104.00022907854425
2023-10-27 14:00:00,107.69046949288585
2023-10-27 15:00:00,100.86401390427191
2023-10-27 16:00:00,95.52976598860353
2023-10-27 17:00:00,97.90818077596298
2023-10-27 18:00:00,95.67722485713527
2023-10-27 19:00:00,94.4616061664465
2023-10-27 20:00:00,98.23001605619804
2023-10-27 21:00:00,100.23500431721405
2023-10-27 22:00:00,115.85745424619421
2023-10-27 23:00:00,106.82944855513398
2023-10-28 00:00:00,122.69825837107643
2023-10-28 01:00:00,130.0996945090218
2023-10-28 02:00:00,141.0864020303237
2023-10-28 03:00:00,139.0239340484667
2023-10-28 04:00:00,139.30239910154947
2023-10-28 05:00:00,151.81188986916212
2023-10-28 06:00:00,153.46615246109303
2023-10-28 07:00:00,158.49577183591018
2023-10-28 08:00:00,141.70895188191164
2023-10-28 09:00:00,149.07667226918176
2023-10-28 10:00:00,148.93707182013898
2023-10-28 11:00:00,127.98574691546182
2023-10-28 12:00:00,115.66528890253386
2023-10-28 13:00:00,112.33055681506548
2023-10-28 14:00:00,107.21002483685939
2023-10-28 15:00:00,103.75573593944121
2023-10-28 16:00:00,93.22226423727608
2023-10-28 17:00:00,100.96821788206476
2023-10-28 18:00:00,86.60733842495969
2023-10-28 19:00:00,84.51619945046309
2023-10-28 20:00:00,101.75279000790105
2023-10-28 21:00:00,89.62369140837303
2023-10-28 22:00:00,106.19935115563572
2023-10-28 23:00:00,130.05383429296901
2023-10-29 00:00:00,122.17978223519663
2023-10-29 01:00:00,124.41073309958942
2023-10-29 02:00:00,136.97301268106625
2023-10-29 03:00:00,143.22919949249788
2023-10-29 04:00:00,149.06401181530083
2023-10-29 05:00:00,154.57908969946908
2023-10-29 06:00:00,147.10444415816133
2023-10-29 07:00:00,159.72551506485607
2023-10-29 08:00:00,149.5263335353971
2023-10-29 09:00:00,147.1771736676028
2023-10-29 10:00:00,134.19925300122574
2023-10-29 11:00:00,136.5464820380591
2023-10-29 12:00:00,121.07473795593529
2023-10-29 13:00:00,115.99319121439405
2023-10-29 14:00:00,102.71446961406158
2023-10-29 15:00:00,96.19213843239645
2023-10-29 16:00:00,99.86026441873447
2023-10-29 17:00:00,91.21419106029128
2023-10-29 18:00:00,88.15088456247811
2023-10-29 19:00:00,90.23630850119356
2023-10-29 20:00:00,99.95400324505125
2023-10-29 21:00:00,98.09160725838552
2023-10-29 22:00:00,106.87172534198794
2023-10-29 23:00:00,114.78056739835706
2023-10-30 00:00:00,112.89325556995098
2023-10-30 01:00:00,122.89893932620242
2023-10-30 02:00:00,139.18138944623743
2023-10-30 03:00:00,140.03805662983163
2023-10-30 04:00:00,153.78438666993358
2023-10-30 05:00:00,156.3418103099253
2023-10-30 06:00:00,156.1358433317772
2023-10-30 07:00:00,160.62663372523525
2023-10-30 08:00:00,148.1253154748184
2023-10-30 09:00:00,147.0276130651183
2023-10-30 10:00:00,134.6579951170184
2023-10-30 11:00:00,142.61642091742564
2023-10-30 12:00:00,132.51816826218138
2023-10-30 13:00:00,114.90483081951595
2023-10-30 14:00:00,109.55293114952957
2023-10-30 15:00:00,108.21328456122674
2023-10-30 16:00:00,95.92354036239983
2023-10-30 17:00:00,90.38910485732987
2023-10-30 18:00:00,97.02994875503441
2023-10-30 19:00:00,94.08442144174688
2023-10-30 20:00:00,97.61421013469355
2023-10-30 21:00:00,97.30543984905846
2023-10-30 22:00:00,99.1116392581812
2023-10-30 23:00:00,116.12614069631647
2023-10-31 00:00:00,127.24481020747282
2023-10-31 01:00:00,129.36553760769579
2023-10-31 02:00:00,144.9221475977875
2023-10-31 03:00:00,140.44362180851692
2023-10-31 04:00:00,143.46723983870157
2023-10-31 05:00:00,151.41162325269175
2023-10-31 06:00:00,152.36703712324356
2023-10-31 07:00:00,155.61761844535033
2023-10-31 08:00:00,144.90594799321474
2023-10-31 09:00:00,150.86367461967401
2023-10-31 10:00:00,147.6545848125404
2023-10-31 11:00:00,130.39885121823437
2023-10-31 12:00:00,129.08855210093031
2023-10-31 13:00:00,109.80294329380132
2023-10-31 14:00:00,113.23610770591374
2023-10-31 15:00:00,106.8931786072005
2023-10-31 16:00:00,101.21642428741667
2023-10-31 17:00:00,93.83440976697531
2023-10-31 18:00:00,78.12875529378985
2023-10-31 19:00:00,90.72358949306594
2023-10-31 20:00:00,93.8096577980439
2023-10-31 21:00:00,96.82552187410027
2023-10-31 22:00:00,108.55121502273886
2023-10-31 23:00:00,113.09061141931416
2023-11-01 00:00:00,118.83693995116926
2023-11-01 01:00:00,125.44057061183625
2023-11-01 02:00:00,134.40243507257236
2023-11-01 03:00:00,149.81069949484862
2023-11-01 04:00:00,145.6756368403934
2023-11-01 05:00:00,149.41308125650414
2023-11-01 06:00:00,150.73651192488376
2023-11-01 07:00:00,153.7027423577197
2023-11-01 08:00:00,151.3020095561742
2023-11-01 09:00:00,129.03992073938414
2023-11-01 10:00:00,143.16817606914367
2023-11-01 11:00:00,138.01641152429548
2023-11-01 12:00:00,117.8290673131942
2023-11-01 13:00:00,110.46393742324749
2023-11-01 14:00:00,105.84873306111338
2023-11-01 15:00:00,98.1167764671206
2023-11-01 16:00:00,98.25887225620065
2023-11-01 17:00:00,84.41959877953441
2023-11-01 18:00:00,87.5503619598163
2023-11-01 19:00:00,101.86821121220098
2023-11-01 20:00:00,92.53813804972648
2023-11-01 21:00:00,108.17393795491682
2023-11-01 22:00:00,109.95669097794774
2023-11-01 23:00:00,106.379090073985
2023-11-02 00:00:00,126.37664597607474
2023-11-02 01:00:00,130.38623484211047
2023-11-02 02:00:00,135.94266471874926
2023-11-02 03:00:00,145.66798890145373
2023-11-02 04:00:00,151.59392954136788
2023-11-02 05:00:00,155.7657338985434
2023-11-02 06:00:00,159.15126423774
2023-11-02 07:00:00,154.28845435256454
2023-11-02 08:00:00,142.38259166960347
2023-11-02 09:00:00,142.13497614733967
2023-11-02 10:00:00,153.01524167634926
2023-11-02 11:00:00,134.69702665498596
2023-11-02 12:00:00,135.1664365040607
2023-11-02 13:00:00,122.5425990579182
2023-11-02 14:00:00,109.54901035777812
2023-11-02 15:00:00,103.64383191331451
2023-11-02 16:00:00,97.1963376870837
2023-11-02 17:00:00,85.7032021320964
2023-11-02 18:00:00,93.47023626234112
2023-11-02 19:00:00,100.46559797403901
2023-11-02 20:00:00,94.42103791235685
2023-11-02 21:00:00,104.25656155971079
2023-11-02 22:00:00,112.67795522946248
2023-11-02 23:00:00,111.1170264503633
2023-11-03 00:00:00,121.18348567828156
2023-11-03 01:00:00,126.12501390068174
2023-11-03 02:00:00,134.34917196655036
2023-11-03 03:00:00,138.24517701732796
2023-11-03 04:00:00,144.9585198066435
2023-11-03 05:00:00,159.5650531926611
2023-11-03 06:00:00,148.92261485454853
2023-11-03 07:00:00,153.12007088397638
2023-11-03 08:00:00,146.9864183451808
2023-11-03 09:00:00,150.63753312078077
2023-11-03 10:00:00,145.0958114830189
2023-11-03 11:00:00,135.6349212637661
2023-11-03 12:00:00,125.09067276551762
2023-11-03 13:00:00,114.650130962725
2023-11-03 14:00:00,102.62062647904368
2023-11-03 15:00:00,112.09444097001553
2023-11-03 16:00:00,93.82087279770208
2023-11-03 17:00:00,97.95045694649326
2023-11-03 18:00:00,98.917827863117
2023-11-03 19:00:00,91.87582272680122
2023-11-03 20:00:00,102.84930052304576
2023-11-03 21:00:00,106.25786258110038
2023-11-03 22:00:00,117.29981917690476
2023-11-03 23:00:00,113.5586963147849
2023-11-04 00:00:00,117.25067991360066
2023-11-04 01:00:00,128.92712257585092
2023-11-04 02:00:00,139.7442677126744
2023-11-04 03:00:00,145.2142670710181
2023-11-04 04:00:00,147.73357263215715
2023-11-04 05:00:00,143.16178749378554
2023-11-04 06:00:00,156.09241498064554
2023-11-04 07:00:00,162.58949718408235
2023-11-04 08:00:00,152.06201830415097
2023-11-04 09:00:00,148.02888103086408
2023-11-04 10:00:00,141.6422265307769
2023-11-04 11:00:00,133.53980470249058
2023-11-04 12:00:00,128.45832983433814
2023-11-04 13:00:00,118.02229705285845
2023-11-04 14:00:00,107.25661415173413
2023-11-04 15:00:00,98.63685201436124
2023-11-04 16:00:00,96.6143696100652
2023-11-04 17:00:00,96.44287269358081
2023-11-04 18:00:00,92.27958519438513
2023-11-04 19:00:00,96.46391862698485
2023-11-04 20:00:00,100.0949885549677
2023-11-04 21:00:00,106.84269372075174
2023-11-04 22:00:00,115.31397484419618
2023-11-04 23:00:00,116.53546573931212
2023-11-05 00:00:00,117.3811171742603
2023-11-05 01:00:00,129.96905086897692
2023-11-05 02:00:00,139.16031283702927
2023-11-05 03:00:00,135.98435965471174
2023-11-05 04:00:00,156.88408471404196
2023-11-05 05:00:00,153.6596643512239
2023-11-05 06:00:00,155.88676417290145
2023-11-05 07:00:00,159.79540710130283
2023-11-05 08:00:00,146.83004796282108
2023-11-05 09:00:00,148.09341309002195
2023-11-05 10:00:00,138.47067938449226
2023-11-05 11:00:00,130.8741370179996
2023-11-05 12:00:00,120.17903806097644
2023-11-05 13:00:00,124.61344471535678
2023-11-05 14:00:00,107.18249979962911
2023-11-05 15:00:00,106.35411779888398
2023-11-05 16:00:00,88.72420094910922
2023-11-05 17:00:00,101.01216785977655
2023-11-05 18:00:00,99.3610557797853
2023-11-05 19:00:00,95.61939576281227
2023-11-05 20:00:00,97.00452555577569
2023-11-05 21:00:00,104.91679659246819
2023-11-05 22:00:00,120.58395330440217
2023-11-05 23:00:00,107.56924515240638
2023-11-06 00:00:00,128.07013693786175
2023-11-06 01:00:00,127.37648484230273
2023-11-06 02:00:00,139.08040801849705
2023-11-06 03:00:00,144.1638028402034
2023-11-06 04:00:00,148.03917082454385
2023-11-06 05:00:00,153.13544914340955
2023-11-06 06:00:00,148.54914427361103
2023-11-06 07:00:00,158.35367696931328
2023-11-06 08:00:00,141.25004455754018
2023-11-06 09:00:00,148.16202599973917
2023-11-06 10:00:00,137.62732073732374
2023-11-06 11:00:00,126.17994688404252
2023-11-06 12:00:00,125.29191685299928
2023-11-06 13:00:00,108.74067321339238
2023-11-06 14:00:00,109.4985691085998
2023-11-06 15:00:00,95.98241202534334
2023-11-06 16:00:00,100.64559830805838
2023-11-06 17:00:00,90.73043854317767
2023-11-06 18:00:00,92.08502991485345
2023-11-06 19:00:00,96.84197215104317
2023-11-06 20:00:00,94.51652732725721
2023-11-06 21:00:00,102.8669765660584
2023-11-06 22:00:00,101.81084749376998
2023-11-06 23:00:00,119.77980666490393
2023-11-07 00:00:00,133.22456902775116
2023-11-07 01:00:00,146.135615692628
2023-11-07 02:00:00,139.87584073332735
2023-11-07 03:00:00,149.5842241395822
2023-11-07 04:00:00,141.51763374899485
2023-11-07 05:00:00,160.94144642019916
2023-11-07 06:00:00,158.34114252362053
2023-11-07 07:00:00,151.02810756391744
2023-11-07 08:00:00,156.6466661149785
2023-11-07 09:00:00,144.4308230523712
2023-11-07 10:00:00,137.20987408493028
2023-11-07 11:00:00,134.6512459802113
2023-11-07 12:00:00,119.20322750085484
2023-11-07 13:00:00,121.87355246892515
2023-11-07 14:00:00,104.26005094036796
2023-11-07 15:00:00,98.08652261529043
2023-11-07 16:00:00,94.03078894442446
2023-11-07 17:00:00,99.38972539891034
2023-11-07 18:00:00,91.49612319240146
2023-11-07 19:00:00,88.87224628949136
2023-11-07 20:00:00,95.59083788678566
2023-11-07 21:00:00,103.23658471100184
2023-11-07 22:00:00,103.71513758167177
2023-11-07 23:00:00,111.10702310175083
2023-11-08 00:00:00,135.19648167049456
2023-11-08 01:00:00,128.11174433400814
2023-11-08 02:00:00,138.04478815613544
2023-11-08 03:00:00,144.04701843159455
2023-11-08 04:00:00,148.5539780746798
2023-11-08 05:00:00,156.77450848851657
2023-11-08 06:00:00,159.44071475236024
2023-11-08 07:00:00,152.15800263101406
2023-11-08 08:00:00,144.5183706805755
2023-11-08 09:00:00,152.3154045748429
2023-11-08 10:00:00,139.2632945440202
2023-11-08 11:00:00,141.1661804273603
2023-11-08 12:00:00,113.53207051217446
2023-11-08 13:00:00,117.98244475334921
2023-11-08 14:00:00,119.37303166938376
2023-11-08 15:00:00,101.81047588721604
2023-11-08 16:00:00,97.69177076979328
2023-11-08 17:00:00,97.30978366927982
2023-11-08 18:00:00,92.02602090557522
2023-11-08 19:00:00,94.29186555106335
2023-11-08 20:00:00,97.1701624155073
2023-11-08 21:00:00,100.49969289227195
2023-11-08 22:00:00,116.00428275100184
2023-11-08 23:00:00,119.4108188084107
2023-11-09 00:00:00,126.1331411605125
2023-11-09 01:00:00,136.69742638752095
2023-11-09 02:00:00,138.5782208339826
2023-11-09 03:00:00,142.25218434383083
2023-11-09 04:00:00,147.88764059046233
2023-11-09 05:00:00,153.91668999419394
2023-11-09 06:00:00,149.6439414581355
2023-11-09 07:00:00,151.4264697057388
2023-11-09 08:00:00,148.36017890417696
2023-11-09 09:00:00,156.80598458473906
2023-11-09 10:00:00,126.11092530033461
2023-11-09 11:00:00,131.85647274605353
2023-11-09 12:00:00,133.62846896407476
2023-11-09 13:00:00,117.85465096758892
2023-11-09 14:00:00,113.78708736710284
2023-11-09 15:00:00,104.31592813990613
2023-11-09 16:00:00,95.7225709803878
2023-11-09 17:00:00,84.86264553878372
2023-11-09 18:00:00,96.08727843518152
2023-11-09 19:00:00,92.21419218831669
2023-11-09 20:00:00,95.0975608556375
2023-11-09 21:00:00,101.38186028450781
2023-11-09 22:00:00,118.82430703311596
2023-11-09 23:00:00,129.36961635819117
2023-11-10 00:00:00,126.20603968764418
2023-11-10 01:00:00,130.5707352335111
2023-11-10 02:00:00,134.25386791274332
2023-11-10 03:00:00,148.70590424332525
2023-11-10 04:00:00,160.0552901138571
2023-11-10 05:00:00,152.91107285354673
2023-11-10 06:00:00,143.28501979623388
2023-11-10 07:00:00,157.51802314774997
2023-11-10 08:00:00,156.1077606707847
2023-11-10 09:00:00,138.49397523367006
2023-11-10 10:00:00,141.10242091831358
2023-11-10 11:00:00,135.25070143376283
2023-11-10 12:00:00,124.87446348995685
2023-11-10 13:00:00,113.53157405150053
2023-11-10 14:00:00,115.33968611782164
2023-11-10 15:00:00,102.0398978345595
2023-11-10 16:00:00,91.87330707297086
2023-11-10 17:00:00,86.06485278298007
2023-11-10 18:00:00,101.60424759999654
2023-11-10 19:00:00,99.41554509368406
2023-11-10 20:00:00,99.77910562211295
2023-11-10 21:00:00,101.91542338014405
2023-11-10 22:00:00,107.69500792898229
2023-11-10 23:00:00,112.20674540471262
2023-11-11 00:00:00,123.2027217772021
2023-11-11 01:00:00,122.53413527747483
2023-11-11 02:00:00,136.69968173265033
2023-11-11 03:00:00,145.04851585383895
2023-11-11 04:00:00,154.43016234948314
2023-11-11 05:00:00,154.18814247180552
2023-11-11 06:00:00,159.3946155693778
2023-11-11 07:00:00,161.15345031424144
2023-11-11 08:00:00,156.71161258265528
2023-11-11 09:00:00,149.0157526724925
2023-11-11 10:00:00,140.51931339590334
2023-11-11 11:00:00,128.33063131100855
2023-11-11 12:00:00,129.1797202569056
2023-11-11 13:00:00,126.12416555803554
2023-11-11 14:00:00,112.2105301982565
2023-11-11 15:00:00,113.88309230653401
2023-11-11 16:00:00,91.911379346162
2023-11-11 17:00:00,90.78140828742916
2023-11-11 18:00:00,99.81600753874132
2023-11-11 19:00:00,97.89367626209278
2023-11-11 20:00:00,106.14814876932581
2023-11-11 21:00:00,104.27943836076876
2023-11-11 22:00:00,106.24012288736161
2023-11-11 23:00:00,116.75746243589484
2023-11-12 00:00:00,117.9365801453754
2023-11-12 01:00:00,127.73161798758991
2023-11-12 02:00:00,145.4822199895883
2023-11-12 03:00:00,151.20714050794686
2023-11-12 04:00:00,153.4357835375611
2023-11-12 05:00:00,146.02238718386806
2023-11-12 06:00:00,153.86798212243556
2023-11-12 07:00:00,148.52277534537242
2023-11-12 08:00:00,157.54342838247052
2023-11-12 09:00:00,143.98459276778718
2023-11-12 10:00:00,135.27126144609812
2023-11-12 11:00:00,133.6235521786841
2023-11-12 12:00:00,122.51922771582979
2023-11-12 13:00:00,125.38414819794048
2023-11-12 14:00:00,107.06594551233401
2023-11-12 15:00:00,97.54065526828069
2023-11-12 16:00:00,89.01467030768018
2023-11-12 17:00:00,96.63829269926173
2023-11-12 18:00:00,92.97034943071037
2023-11-12 19:00:00,89.66770217876773
2023-11-12 20:00:00,105.76537019274537
2023-11-12 21:00:00,107.93302230154819
2023-11-12 22:00:00,110.67891060531066
2023-11-12 23:00:00,124.88705986778032
2023-11-13 00:00:00,129.15268016698647
2023-11-13 01:00:00,129.5002918454823
2023-11-13 02:00:00,135.66389918004384
2023-11-13 03:00:00,151.17311115786285
2023-11-13 04:00:00,153.84259689587054
2023-11-13 05:00:00,155.71651362852353
2023-11-13 06:00:00,151.66751098565547
2023-11-13 07:00:00,157.92751262370163
2023-11-13 08:00:00,148.12326769786569
2023-11-13 09:00:00,146.63327016262744
2023-11-13 10:00:00,148.1747207319413
2023-11-13 11:00:00,130.41040017402685
2023-11-13 12:00:00,118.09505371463919
2023-11-13 13:00:00,112.94269268757202
2023-11-13 14:00:00,115.95149413343775
2023-11-13 15:00:00,106.05045225131016
2023-11-13 16:00:00,99.37485099302431
2023-11-13 17:00:00,94.48675618477112
2023-11-13 18:00:00,98.44679953776594
2023-11-13 19:00:00,92.80670095637683
2023-11-13 20:00:00,101.58756572967569
2023-11-13 21:00:00,101.18052372033674
2023-11-13 22:00:00,106.57170307362098
2023-11-13 23:00:00,115.11799147280033
2023-11-14 00:00:00,124.20296276757978
2023-11-14 01:00:00,133.61042217339872
2023-11-14 02:00:00,142.2772789755527
2023-11-14 03:00:00,128.88137697845085
2023-11-14 04:00:00,148.06250932479966
2023-11-14 05:00:00,153.14992490189164
2023-11-14 06:00:00,163.66531019304165
2023-11-14 07:00:00,149.72776174676238
2023-11-14 08:00:00,152.9547452040353
2023-11-14 09:00:00,154.85835498427545
2023-11-14 10:00:00,134.61515735026472
2023-11-14 11:00:00,135.92444748239365
2023-11-14 12:00:00,122.18864083033154
2023-11-14 13:00:00,115.92225993548361
2023-11-14 14:00:00,107.20444583023362
2023-11-14 15:00:00,101.35751002232533
2023-11-14 16:00:00,113.86879862599744
2023-11-14 17:00:00,101.49450457168746
2023-11-14 18:00:00,101.76868930893104
2023-11-14 19:00:00,99.75219264551026
2023-11-14 20:00:00,92.267953944456
2023-11-14 21:00:00,107.05158641602243
2023-11-14 22:00:00,116.66464807253242
2023-11-14 23:00:00,114.27843127672261
2023-11-15 00:00:00,131.14663333580458
2023-11-15 01:00:00,137.6162524023436
2023-11-15 02:00:00,150.60020022407082
2023-11-15 03:00:00,145.4742883730245
2023-11-15 04:00:00,146.8527072021511
2023-11-15 05:00:00,153.53963424180895
2023-11-15 06:00:00,163.5578549658181
2023-11-15 07:00:00,146.2257453844616
2023-11-15 08:00:00,142.03888353638092
2023-11-15 09:00:00,148.0701798302548
2023-11-15 10:00:00,139.20705353613087
2023-11-15 11:00:00,134.23321081895728
2023-11-15 12:00:00,131.1665588561773
2023-11-15 13:00:00,115.92258191633614
2023-11-15 14:00:00,102.09497084534766
2023-11-15 15:00:00,115.47920435040493
2023-11-15 16:00:00,95.51309644927484
2023-11-15 17:00:00,92.21703960126705
2023-11-15 18:00:00,102.01860006861298
2023-11-15 19:00:00,95.60977960612004
2023-11-15 20:00:00,100.22228862629142
2023-11-15 21:00:00,107.73074718470221
2023-11-15 22:00:00,116.95791551555102
2023-11-15 23:00:00,117.11812518100868
2023-11-16 00:00:00,134.15976002956978
2023-11-16 01:00:00,123.65557210939856
2023-11-16 02:00:00,145.3789361847614
2023-11-16 03:00:00,143.60556564550868
2023-11-16 04:00:00,159.4421186965694
2023-11-16 05:00:00,156.29799718282422
2023-11-16 06:00:00,153.255473339953
2023-11-16 07:00:00,158.92198025377974
2023-11-16 08:00:00,157.08670384956923
2023-11-16 09:00:00,151.07267404989523
2023-11-16 10:00:00,136.51151880183687
2023-11-16 11:00:00,132.01448573496907
2023-11-16 12:00:00,126.65963581439144
2023-11-16 13:00:00,118.71913038367414
2023-11-16 14:00:00,115.44872737719896
2023-11-16 15:00:00,95.42229040187264
2023-11-16 16:00:00,102.41087315923656
2023-11-16 17:00:00,96.3023184391445
2023-11-16 18:00:00,92.54749691808023
2023-11-16 19:00:00,94.0597913224777
2023-11-16 20:00:00,99.70654956387534
2023-11-16 21:00:00,87.55137104210257
2023-11-16 22:00:00,108.27355214604272
2023-11-16 23:00:00,114.64635452369205
2023-11-17 00:00:00,129.46391604660394
2023-11-17 01:00:00,130.54693794051934
2023-11-17 02:00:00,140.744430999143
2023-11-17 03:00:00,155.75458657390303
2023-11-17 04:00:00,157.79251971260962
2023-11-17 05:00:00,160.33913178839038
2023-11-17 06:00:00,154.36063784794575
2023-11-17 07:00:00,158.56293618512177
2023-11-17 08:00:00,151.69127311126533
2023-11-17 09:00:00,147.12273738221296
2023-11-17 10:00:00,143.9484267187296
2023-11-17 11:00:00,131.68960341097542
2023-11-17 12:00:00,134.3850155222221
2023-11-17 13:00:00,118.3647779489354
2023-11-17 14:00:00,115.0318028313002
2023-11-17 15:00:00,113.0147989606878
2023-11-17 16:00:00,106.13750675934526
2023-11-17 17:00:00,90.94762969787702
2023-11-17 18:00:00,99.20447947504942
2023-11-17 19:00:00,102.2658221836305
2023-11-17 20:00:00,105.47855299727198
2023-11-17 21:00:00,100.23032239382654
2023-11-17 22:00:00,108.73482381491328
2023-11-17 23:00:00,124.23821982563099
2023-11-18 00:00:00,123.23119814658378
2023-11-18 01:00:00,133.31609106975634
2023-11-18 02:00:00,149.93937904750473
2023-11-18 03:00:00,148.04420718367214
2023-11-18 04:00:00,149.42689142436296
2023-11-18 05:00:00,151.67968800435662
2023-11-18 06:00:00,158.76359664792597
2023-11-18 07:00:00,149.42203474628766
2023-11-18 08:00:00,151.86408229405154
2023-11-18 09:00:00,150.00935611054823
2023-11-18 10:00:00,148.63574910274167
2023-11-18 11:00:00,138.2523117549241
2023-11-18 12:00:00,123.58967441009584
2023-11-18 13:00:00,125.29752523474428
2023-11-18 14:00:00,110.68242481226505
2023-11-18 15:00:00,99.79828145415954
2023-11-18 16:00:00,100.35903109013893
2023-11-18 17:00:00,105.42307121705832
2023-11-18 18:00:00,98.04620025032463
2023-11-18 19:00:00,98.31483453297606
2023-11-18 20:00:00,109.44529610998217
2023-11-18 21:00:00,98.88002232913193
2023-11-18 22:00:00,105.8320044297296
2023-11-18 23:00:00,111.42619629208808
2023-11-19 00:00:00,129.14324093239665
2023-11-19 01:00:00,135.88703698865294
2023-11-19 02:00:00,150.01368183639912
2023-11-19 03:00:00,149.74057882127462
2023-11-19 04:00:00,151.27997631613533
2023-11-19 05:00:00,156.31674915306152
2023-11-19 06:00:00,157.9285370923048
2023-11-19 07:00:00,147.96896842203128
2023-11-19 08:00:00,166.89242033521185
2023-11-19 09:00:00,151.18255852610815
2023-11-19 10:00:00,143.4300415401168
2023-11-19 11:00:00,138.23039127446768
2023-11-19 12:00:00,130.9470549029336
2023-11-19 13:00:00,118.94266121942074
2023-11-19 14:00:00,109.2637943187995
2023-11-19 15:00:00,109.21404999601556
2023-11-19 16:00:00,103.38779208912388
2023-11-19 17:00:00,94.42277471588116
2023-11-19 18:00:00,104.55517805683633
2023-11-19 19:00:00,99.95898539294186
2023-11-19 20:00:00,105.14833469780234
2023-11-19 21:00:00,113.2364010028032
2023-11-19 22:00:00,112.60944410582296
2023-11-19 23:00:00,121.3301886818488
2023-11-20 00:00:00,131.5701361925263
2023-11-20 01:00:00,131.67026593406982
2023-11-20 02:00:00,142.81025831422969
2023-11-20 03:00:00,149.39094636885088
2023-11-20 04:00:00,148.76046935511795
2023-11-20 05:00:00,168.13595873204022
2023-11-20 06:00:00,150.54353278253797
2023-11-20 07:00:00,150.07725527023644
2023-11-20 08:00:00,160.15189499205215
2023-11-20 09:00:00,152.38953468957695
2023-11-20 10:00:00,137.49017591260053
2023-11-20 11:00:00,138.43101642859042
2023-11-20 12:00:00,134.97925222498776
2023-11-20 13:00:00,119.73411335894203
2023-11-20 14:00:00,125.65411450037055
2023-11-20 15:00:00,97.83648751006731
2023-11-20 16:00:00,105.16835515576244
2023-11-20 17:00:00,104.54486689243338
2023-11-20 18:00:00,102.15671950802624
2023-11-20 19:00:00,97.71044657810032
2023-11-20 20:00:00,100.2870304764081
2023-11-20 21:00:00,108.73752241983945
2023-11-20 22:00:00,116.81877243325857
2023-11-20 23:00:00,122.99779582833283
2023-11-21 00:00:00,132.96028945396884
2023-11-21 01:00:00,130.44022156773576
2023-11-21 02:00:00,141.64114510438094
2023-11-21 03:00:00,144.30312377497592
2023-11-21 04:00:00,151.85019823310049
2023-11-21 05:00:00,161.86387924774397
2023-11-21 06:00:00,158.35991960362614
2023-11-21 07:00:00,169.84207060442128
2023-11-21 08:00:00,154.7877939494832
2023-11-21 09:00:00,149.3616628384982
2023-11-21 10:00:00,143.39091459720018
2023-11-21 11:00:00,132.44552788878292
2023-11-21 12:00:00,127.59081693811387
2023-11-21 13:00:00,125.76436878248579
2023-11-21 14:00:00,113.46985334063707
2023-11-21 15:00:00,102.72949791498577
2023-11-21 16:00:00,97.3138147840775
2023-11-21 17:00:00,96.70121575299932
2023-11-21 18:00:00,98.3093171720544
2023-11-21 19:00:00,104.94015788870969
2023-11-21 20:00:00,95.27679467963478
2023-11-21 21:00:00,105.15766517495409
2023-11-21 22:00:00,113.70155009717307
2023-11-21 23:00:00,111.05689980877321
2023-11-22 00:00:00,123.83200858516922
2023-11-22 01:00:00,132.3751286543945
2023-11-22 02:00:00,139.04014813074016
2023-11-22 03:00:00,150.2026511607025
2023-11-22 04:00:00,153.21796406602192
2023-11-22 05:00:00,154.2513442756671
2023-11-22 06:00:00,160.19981313276318
2023-11-22 07:00:00,165.6631483769056
2023-11-22 08:00:00,162.25704469724366
2023-11-22 09:00:00,139.68934457528826
2023-11-22 10:00:00,145.98536091917538
2023-11-22 11:00:00,134.98445490275745
2023-11-22 12:00:00,128.89577671432247
2023-11-22 13:00:00,118.37401347921545
2023-11-22 14:00:00,113.72794314944069
2023-11-22 15:00:00,107.69383354476369
2023-11-22 16:00:00,99.28447909972296
2023-11-22 17:00:00,94.71038747220103
2023-11-22 18:00:00,95.93652158690259
2023-11-22 19:00:00,100.38352153361028
2023-11-22 20:00:00,105.21421959488795
2023-11-22 21:00:00,111.26354145110298
2023-11-22 22:00:00,110.74904988466845
2023-11-22 23:00:00,121.88465148344002
2023-11-23 00:00:00,133.05251295976024
2023-11-23 01:00:00,141.84254582879544
2023-11-23 02:00:00,142.9658357293345
2023-11-23 03:00:00,148.3785448108957
2023-11-23 04:00:00,155.21638328271595
2023-11-23 05:00:00,151.51923742418333
2023-11-23 06:00:00,157.33195244482246
2023-11-23 07:00:00,161.0107067810402
2023-11-23 08:00:00,157.51049776075376
2023-11-23 09:00:00,148.1918654137761
2023-11-23 10:00:00,144.42859100543015
2023-11-23 11:00:00,131.99131965162385
2023-11-23 12:00:00,131.87746074113508
2023-11-23 13:00:00,120.21632146624647
2023-11-23 14:00:00,112.00024274151862
2023-11-23 15:00:00,105.36817738393229
2023-11-23 16:00:00,102.1047685519686
2023-11-23 17:00:00,97.19283698667084
2023-11-23 18:00:00,101.71071518001281
2023-11-23 19:00:00,97.47580747124715
2023-11-23 20:00:00,110.42405836660662
2023-11-23 21:00:00,114.5628490818087
2023-11-23 22:00:00,109.00228255071814
2023-11-23 23:00:00,121.05394999406553
2023-11-24 00:00:00,125.22671689331898
2023-11-24 01:00:00,134.62133353713767
2023-11-24 02:00:00,153.51213733822144
2023-11-24 03:00:00,148.18534635000952
2023-11-24 04:00:00,156.30189229891738
2023-11-24 05:00:00,160.2143812587133
2023-11-24 06:00:00,153.53685313758382
2023-11-24 07:00:00,153.25229741662687
2023-11-24 08:00:00,148.51065025649157
2023-11-24 09:00:00,145.35334976611196
2023-11-24 10:00:00,129.32984945341488
2023-11-24 11:00:00,139.07748335703943
2023-11-24 12:00:00,138.87096920628414
2023-11-24 13:00:00,121.58453234210548
2023-11-24 14:00:00,106.53865570330277
2023-11-24 15:00:00,104.20291464990476
2023-11-24 16:00:00,100.36485366133982
2023-11-24 17:00:00,94.58430132526217
2023-11-24 18:00:00,102.96091319197578
2023-11-24 19:00:00,103.74352543320279
2023-11-24 20:00:00,96.92197891737769
2023-11-24 21:00:00,111.10220178664369
2023-11-24 22:00:00,121.33406331788233
2023-11-24 23:00:00,130.4582196730729
2023-11-25 00:00:00,143.04606011542228
2023-11-25 01:00:00,131.98460810585757
2023-11-25 02:00:00,157.8611021319788
2023-11-25 03:00:00,148.1921714930489
2023-11-25 04:00:00,151.77843483663074
2023-11-25 05:00:00,159.3831366630592
2023-11-25 06:00:00,155.86969332953493
2023-11-25 07:00:00,159.76299549190395
2023-11-25 08:00:00,148.18037617484939
2023-11-25 09:00:00,148.8294404252793
2023-11-25 10:00:00,150.24791117181567
2023-11-25 11:00:00,136.30926489592272
2023-11-25 12:00:00,129.54797893369704
2023-11-25 13:00:00,123.46172167051662
2023-11-25 14:00:00,119.71330814658874
2023-11-25 15:00:00,99.38067300346262
2023-11-25 16:00:00,105.82185814565571
2023-11-25 17:00:00,98.57152951511863
2023-11-25 18:00:00,99.7331894765592
2023-11-25 19:00:00,105.23197606013959
2023-11-25 20:00:00,96.96830462940302
2023-11-25 21:00:00,102.65357435718543
2023-11-25 22:00:00,104.2628502014323
2023-11-25 23:00:00,118.439633938099
2023-11-26 00:00:00,135.61216172189276
2023-11-26 01:00:00,136.13163541069898
2023-11-26 02:00:00,137.2793755217224
2023-11-26 03:00:00,147.774809712722
2023-11-26 04:00:00,147.54145359608327
2023-11-26 05:00:00,152.36184428001576
2023-11-26 06:00:00,160.96409455131854
2023-11-26 07:00:00,152.13840815714312
2023-11-26 08:00:00,160.58393363954931
2023-11-26 09:00:00,149.90760198144045
2023-11-26 10:00:00,144.4879735197245
2023-11-26 11:00:00,135.44270651504624
2023-11-26 12:00:00,132.94423919272373
2023-11-26 13:00:00,125.24122808580917
2023-11-26 14:00:00,115.77527175955596
2023-11-26 15:00:00,110.72074209394366
2023-11-26 16:00:00,102.07878953687016
2023-11-26 17:00:00,102.86324024587462
2023-11-26 18:00:00,97.45061112263096
2023-11-26 19:00:00,100.18338332214132
2023-11-26 20:00:00,101.80601913963385
2023-11-26 21:00:00,105.6707038677996
2023-11-26 22:00:00,110.73444101138593
2023-11-26 23:00:00,123.76387916621827
2023-11-27 00:00:00,135.75302956407214
2023-11-27 01:00:00,142.8300812114201
2023-11-27 02:00:00,137.9371733202745
2023-11-27 03:00:00,156.88921869262632
2023-11-27 04:00:00,153.62996960544302
2023-11-27 05:00:00,161.23143986440112
2023-11-27 06:00:00,154.72892333976392
2023-11-27 07:00:00,158.95767435804171
2023-11-27 08:00:00,156.82937802802107
2023-11-27 09:00:00,143.08017947599916
2023-11-27 10:00:00,147.3413358317175
2023-11-27 11:00:00,143.80424639227135
2023-11-27 12:00:00,128.44676027159076
2023-11-27 13:00:00,128.36626930107138
2023-11-27 14:00:00,113.39153253273953
2023-11-27 15:00:00,112.38471921963415
2023-11-27 16:00:00,92.28638805671369
2023-11-27 17:00:00,112.4861141078951
2023-11-27 18:00:00,106.85729122621478
2023-11-27 19:00:00,98.98909769005898
2023-11-27 20:00:00,93.55879275324934
2023-11-27 21:00:00,109.6369384059274
2023-11-27 22:00:00,107.20037226463143
2023-11-27 23:00:00,123.88969633470408
2023-11-28 00:00:00,131.49782859581876
2023-11-28 01:00:00,132.50755550806815
2023-11-28 02:00:00,150.0648351180671
2023-11-28 03:00:00,154.71107694962717
2023-11-28 04:00:00,160.33987879997176
2023-11-28 05:00:00,158.51206330701572
2023-11-28 06:00:00,152.42237966543146
2023-11-28 07:00:00,163.3771361497293
2023-11-28 08:00:00,154.1489051178545
2023-11-28 09:00:00,143.79430271963938
2023-11-28 10:00:00,151.30019682987466
2023-11-28 11:00:00,147.81160895558634
2023-11-28 12:00:00,129.35375935511036
2023-11-28 13:00:00,132.6010344199418
2023-11-28 14:00:00,115.03657364306477
2023-11-28 15:00:00,106.47451704357458
2023-11-28 16:00:00,100.46694561553872
2023-11-28 17:00:00,108.81763725129342
2023-11-28 18:00:00,95.71928059306114
2023-11-28 19:00:00,104.32857176120037
2023-11-28 20:00:00,100.86341871116863
2023-11-28 21:00:00,106.13526275153251
2023-11-28 22:00:00,119.8112484698534
2023-11-28 23:00:00,120.00524441547583
2023-11-29 00:00:00,127.65602310288843
2023-11-29 01:00:00,143.11859483894509
2023-11-29 02:00:00,152.68698646610866
2023-11-29 03:00:00,154.14665245202184
2023-11-29 04:00:00,152.4269132354123
2023-11-29 05:00:00,156.15473229218142
2023-11-29 06:00:00,160.1395763187002
2023-11-29 07:00:00,160.33242509830026
2023-11-29 08:00:00,150.8014325628315
2023-11-29 09:00:00,154.59839313349767
2023-11-29 10:00:00,145.2075666482075
2023-11-29 11:00:00,128.9760297598904
2023-11-29 12:00:00,125.15536758769656
2023-11-29 13:00:00,119.52478527866107
2023-11-29 14:00:00,114.45571155579742
2023-11-29 15:00:00,118.06319054193159
2023-11-29 16:00:00,105.05009441716798
2023-11-29 17:00:00,96.668365761835
2023-11-29 18:00:00,100.96315402153581
2023-11-29 19:00:00,99.13178647405763
2023-11-29 20:00:00,105.52302908413547
2023-11-29 21:00:00,111.57963499957711
2023-11-29 22:00:00,120.94615323611879
2023-11-29 23:00:00,122.02399616857844
2023-11-30 00:00:00,138.11480263799524
2023-11-30 01:00:00,142.23468466575795
2023-11-30 02:00:00,141.40280227593314
2023-11-30 03:00:00,162.21248176433772
2023-11-30 04:00:00,157.5757346798856
2023-11-30 05:00:00,154.77215226880975
2023-11-30 06:00:00,168.24456525615213
2023-11-30 07:00:00,169.35666271466613
2023-11-30 08:00:00,155.8156357949363
2023-11-30 09:00:00,148.704952133716
2023-11-30 10:00:00,144.15812521273583
2023-11-30 11:00:00,141.36822999066354
2023-11-30 12:00:00,136.42928327516026
2023-11-30 13:00:00,125.13786530124446
2023-11-30 14:00:00,115.5686160423562
2023-11-30 15:00:00,116.3468554159294
2023-11-30 16:00:00,102.53505552120915
2023-11-30 17:00:00,106.26682190316458
2023-11-30 18:00:00,98.65968600824361
2023-11-30 19:00:00,103.2873400013831
2023-11-30 20:00:00,103.57142506251178
2023-11-30 21:00:00,108.63753565113934
2023-11-30 22:00:00,113.25306741268157
2023-11-30 23:00:00,129.10969880282482
2023-12-01 00:00:00,126.49536980945956
2023-12-01 01:00:00,134.23341009032626
2023-12-01 02:00:00,155.784967829225
2023-12-01 03:00:00,156.29244125886177
2023-12-01 04:00:00,144.2551936200662
2023-12-01 05:00:00,156.36148109262052
2023-12-01 06:00:00,151.16005331218972
2023-12-01 07:00:00,154.45432132159607
2023-12-01 08:00:00,140.52818878236764
2023-12-01 09:00:00,150.77825554712953
2023-12-01 10:00:00,139.55029090419225
2023-12-01 11:00:00,138.33409763706445
2023-12-01 12:00:00,122.15439370558889
2023-12-01 13:00:00,122.93998791279402
2023-12-01 14:00:00,113.22541860940217
2023-12-01 15:00:00,116.60656139034587
2023-12-01 16:00:00,111.3960221951918
2023-12-01 17:00:00,105.27895322637985
2023-12-01 18:00:00,98.70693109669394
2023-12-01 19:00:00,111.29912718762817
2023-12-01 20:00:00,96.61406149726803
2023-12-01 21:00:00,102.13900341658946
2023-12-01 22:00:00,114.96108450055266
2023-12-01 23:00:00,133.89561919151973
2023-12-02 00:00:00,129.38830546564435
2023-12-02 01:00:00,137.25834513702935
2023-12-02 02:00:00,138.21044821944574
2023-12-02 03:00:00,156.3728513619464
2023-12-02 04:00:00,161.18664338517442
2023-12-02 05:00:00,163.37315079567014
2023-12-02 06:00:00,157.3138966357632
2023-12-02 07:00:00,155.9142409468057
2023-12-02 08:00:00,149.99515086150993
2023-12-02 09:00:00,152.1225659444092
2023-12-02 10:00:00,140.09796335361276
2023-12-02 11:00:00,132.38748882682987
2023-12-02 12:00:00,128.40154641544194
2023-12-02 13:00:00,120.31964777100677
2023-12-02 14:00:00,112.85010735588868
2023-12-02 15:00:00,111.66901954860947
2023-12-02 16:00:00,104.97447689721879
2023-12-02 17:00:00,100.15144505877126
2023-12-02 18:00:00,101.4950646415574
2023-12-02 19:00:00,96.65459000580515
2023-12-02 20:00:00,105.14563100601178
2023-12-02 21:00:00,110.14980902862565
2023-12-02 22:00:00,108.10476570321593
2023-12-02 23:00:00,127.8438974187719
2023-12-03 00:00:00,126.23283147386597
2023-12-03 01:00:00,138.86612034910073
2023-12-03 02:00:00,151.48205870267466
2023-12-03 03:00:00,156.51158722416818
2023-12-03 04:00:00,156.8324290563749
2023-12-03 05:00:00,157.85527977426185
2023-12-03 06:00:00,165.43755954287784
2023-12-03 07:00:00,163.06124967771578
2023-12-03 08:00:00,153.608937013311
2023-12-03 09:00:00,147.96873520059168
2023-12-03 10:00:00,135.3782240915199
2023-12-03 11:00:00,139.28473056150145
2023-12-03 12:00:00,130.34651127491082
2023-12-03 13:00:00,128.6863855201346
2023-12-03 14:00:00,117.57527546740675
2023-12-03 15:00:00,116.24794253526726
2023-12-03 16:00:00,101.33241674689027
2023-12-03 17:00:00,107.52297686616689
2023-12-03 18:00:00,98.17541810447673
2023-12-03 19:00:00,105.74020552028773
2023-12-03 20:00:00,97.565445923813
2023-12-03 21:00:00,110.81247306122816
2023-12-03 22:00:00,105.93656029276731
2023-12-03 23:00:00,121.7697412172173
2023-12-04 00:00:00,133.08176996938303
2023-12-04 01:00:00,136.04972859691904
2023-12-04 02:00:00,140.647811856212
2023-12-04 03:00:00,156.35379578207323
2023-12-04 04:00:00,156.38344816429918
2023-12-04 05:00:00,157.4599215535169
2023-12-04 06:00:00,161.14947960577138
2023-12-04 07:00:00,173.11112049840253
2023-12-04 08:00:00,162.70827636244314
2023-12-04 09:00:00,157.99607177653496
2023-12-04 10:00:00,148.15773159495637
2023-12-04 11:00:00,139.5869977159633
2023-12-04 12:00:00,119.01958855835818
2023-12-04 13:00:00,119.85052691461344
2023-12-04 14:00:00,113.6171279339872
2023-12-04 15:00:00,100.44233624416177
2023-12-04 16:00:00,99.27215893539089
2023-12-04 17:00:00,92.16804285671753
2023-12-04 18:00:00,100.86838082151314
2023-12-04 19:00:00,106.18605506557205
2023-12-04 20:00:00,110.6331104795912
2023-12-04 21:00:00,111.95071887479777
2023-12-04 22:00:00,111.28301829399754
2023-12-04 23:00:00,113.68510285431906
2023-12-05 00:00:00,122.33565650299215
2023-12-05 01:00:00,132.54965846680798
2023-12-05 02:00:00,141.69570150981883
2023-12-05 03:00:00,151.56446094563034
2023-12-05 04:00:00,152.06994102289525
2023-12-05 05:00:00,161.84265425701315
2023-12-05 06:00:00,160.01863248600264
2023-12-05 07:00:00,160.22050334737813
2023-12-05 08:00:00,162.88201487688832
2023-12-05 09:00:00,146.52204476459923
2023-12-05 10:00:00,148.31352289146287
2023-12-05 11:00:00,138.92470521069123
2023-12-05 12:00:00,129.5725685951556
2023-12-05 13:00:00,127.91171025125294
2023-12-05 14:00:00,120.65507077279108
2023-12-05 15:00:00,105.32434258446257
2023-12-05 16:00:00,104.38843496717534
2023-12-05 17:00:00,103.71828362424945
2023-12-05 18:00:00,99.93496625988708
2023-12-05 19:00:00,105.25733187276502
2023-12-05 20:00:00,106.74519797601721
2023-12-05 21:00:00,119.279602766186
2023-12-05 22:00:00,108.6886043203468
2023-12-05 23:00:00,122.97324869818782
2023-12-06 00:00:00,126.81748744243122
2023-12-06 01:00:00,142.15510863026847
2023-12-06 02:00:00,138.2941405497748
2023-12-06 03:00:00,154.33476698671709
2023-12-06 04:00:00,154.23051995679148
2023-12-06 05:00:00,156.71696545806483
2023-12-06 06:00:00,154.18750898229658
2023-12-06 07:00:00,158.0823950576664
2023-12-06 08:00:00,162.84326476499066
2023-12-06 09:00:00,152.5372600179493
2023-12-06 10:00:00,149.59840208937987
2023-12-06 11:00:00,147.55778046291016
2023-12-06 12:00:00,132.7987779241108
2023-12-06 13:00:00,120.93143078661863
2023-12-06 14:00:00,118.83626107591465
2023-12-06 15:00:00,107.57531583283853
2023-12-06 16:00:00,103.01712446998285
2023-12-06 17:00:00,94.95276121323259
2023-12-06 18:00:00,106.17128745542196
2023-12-06 19:00:00,100.64221233308044
2023-12-06 20:00:00,106.48972911554141
2023-12-06 21:00:00,105.17698692136747
2023-12-06 22:00:00,118.75973814857844
2023-12-06 23:00:00,120.01572245624219
2023-12-07 00:00:00,130.89145639148924
2023-12-07 01:00:00,143.76370150926167
2023-12-07 02:00:00,150.57379656115873
2023-12-07 03:00:00,152.7330530730123
2023-12-07 04:00:00,148.78010695000268
2023-12-07 05:00:00,175.5918276389747
2023-12-07 06:00:00,170.38929485136566
2023-12-07 07:00:00,164.26114891311482
2023-12-07 08:00:00,153.8947432055781
2023-12-07 09:00:00,152.33524262708252
2023-12-07 10:00:00,143.98289785111956
2023-12-07 11:00:00,145.79385104856797
2023-12-07 12:00:00,133.03251445426454
2023-12-07 13:00:00,120.04460935512522
2023-12-07 14:00:00,114.38622450437144
2023-12-07 15:00:00,116.14273727725514
2023-12-07 16:00:00,113.77972712057482
2023-12-07 17:00:00,110.43388302876068
2023-12-07 18:00:00,105.56516032526989
2023-12-07 19:00:00,101.54910086731606
2023-12-07 20:00:00,89.61166875981957
2023-12-07 21:00:00,112.08259668343649
2023-12-07 22:00:00,116.81085620577412
2023-12-07 23:00:00,124.76533912853031
2023-12-08 00:00:00,132.10948673517055
2023-12-08 01:00:00,132.98326054332622
2023-12-08 02:00:00,149.64704278425734
2023-12-08 03:00:00,156.24428500575098
2023-12-08 04:00:00,161.2724560238308
2023-12-08 05:00:00,165.60065980654002
2023-12-08 06:00:00,164.92025822460812
2023-12-08 07:00:00,158.83762773097718
2023-12-08 08:00:00,157.54657787395624
2023-12-08 09:00:00,153.5988277718645
2023-12-08 10:00:00,147.4784972455299
2023-12-08 11:00:00,144.70565963293868
2023-12-08 12:00:00,135.17834376511166
2023-12-08 13:00:00,134.59214584478136
2023-12-08 14:00:00,128.0123448994252
2023-12-08 15:00:00,111.17504447747088
2023-12-08 16:00:00,86.83596014417249
2023-12-08 17:00:00,109.21638754196418
2023-12-08 18:00:00,99.31811830506473
2023-12-08 19:00:00,99.04480560217226
2023-12-08 20:00:00,104.06701151152144
2023-12-08 21:00:00,108.60358133032672
2023-12-08 22:00:00,120.12134905052693
2023-12-08 23:00:00,116.50824975128523
2023-12-09 00:00:00,126.69139627103905
2023-12-09 01:00:00,141.57036412406507
2023-12-09 02:00:00,150.21472015206152
2023-12-09 03:00:00,156.53091166027616
2023-12-09 04:00:00,154.1655807188623
2023-12-09 05:00:00,156.21644654233998
2023-12-09 06:00:00,159.60682583106038
2023-12-09 07:00:00,162.3271385500973
2023-12-09 08:00:00,165.56814895989632
2023-12-09 09:00:00,143.14601750674913
2023-12-09 10:00:00,146.07635621521143
2023-12-09 11:00:00,133.29117914794804
2023-12-09 12:00:00,123.93878661323922
2023-12-09 13:00:00,129.28021187364973
2023-12-09 14:00:00,119.94312287250497
2023-12-09 15:00:00,113.26396414414286
2023-12-09 16:00:00,110.86436708512122
2023-12-09 17:00:00,100.87363072749558
2023-12-09 18:00:00,100.09681241833236
2023-12-09 19:00:00,114.22087829493823
2023-12-09 20:00:00,105.06638261516667
2023-12-09 21:00:00,114.75245712967458
2023-12-09 22:00:00,117.33190770482187
2023-12-09 23:00:00,115.30413599653025
2023-12-10 00:00:00,122.09685498098325
2023-12-10 01:00:00,137.19965025337123
2023-12-10 02:00:00,152.62050625835025
2023-12-10 03:00:00,157.5046617187805
2023-12-10 04:00:00,162.91114793465204
2023-12-10 05:00:00,156.41254389398767
2023-12-10 06:00:00,170.45936245061156
2023-12-10 07:00:00,156.54330828774016
2023-12-10 08:00:00,159.44488410688038
2023-12-10 09:00:00,153.57144198605985
2023-12-10 10:00:00,146.5506308984368
2023-12-10 11:00:00,146.88753204455932
2023-12-10 12:00:00,128.9144473991707
2023-12-10 13:00:00,117.93740236836004
2023-12-10 14:00:00,117.55997743103505
2023-12-10 15:00:00,109.25766289296955
2023-12-10 16:00:00,123.38615248188322
2023-12-10 17:00:00,106.89476259352806
2023-12-10 18:00:00,100.45329712390688
2023-12-10 19:00:00,98.25166736539154
2023-12-10 20:00:00,97.1377958336237
2023-12-10 21:00:00,106.19070113571166
2023-12-10 22:00:00,118.11470885879451
2023-12-10 23:00:00,131.9220719049021
2023-12-11 00:00:00,138.16844571193536
2023-12-11 01:00:00,141.48004551130865
2023-12-11 02:00:00,145.96416167148143
2023-12-11 03:00:00,155.14726521765596
2023-12-11 04:00:00,155.9875721261121
2023-12-11 05:00:00,170.17959476749024
2023-12-11 06:00:00,161.6740490936246
2023-12-11 07:00:00,161.17608549744037
2023-12-11 08:00:00,147.5416499884309
2023-12-11 09:00:00,152.88602920298038
2023-12-11 10:00:00,151.8424206898291
2023-12-11 11:00:00,135.0959584678826
2023-12-11 12:00:00,128.9263983275439
2023-12-11 13:00:00,128.88898373559522
2023-12-11 14:00:00,110.31671388240733
2023-12-11 15:00:00,116.78580160211705
2023-12-11 16:00:00,104.07851843560138
2023-12-11 17:00:00,101.80938410887411
2023-12-11 18:00:00,97.12060797437202
2023-12-11 19:00:00,105.66245651346797
2023-12-11 20:00:00,119.07859781161079
2023-12-11 21:00:00,115.46428276170634
2023-12-11 22:00:00,113.45857369028971
2023-12-11 23:00:00,130.70353157437845
2023-12-12 00:00:00,131.2166022703307
2023-12-12 01:00:00,147.44699626020733
2023-12-12 02:00:00,151.853382010821
2023-12-12 03:00:00,139.32749560823123
2023-12-12 04:00:00,153.8003639487561
2023-12-12 05:00:00,166.5497009028494
2023-12-12 06:00:00,163.6182863607251
2023-12-12 07:00:00,156.72899505013316
2023-12-12 08:00:00,155.69281453606894
2023-12-12 09:00:00,144.57202033515253
2023-12-12 10:00:00,147.4581335623671
2023-12-12 11:00:00,151.72801998314822
2023-12-12 12:00:00,136.94466695366341
2023-12-12 13:00:00,136.11751365287623
2023-12-12 14:00:00,122.35198544895397
2023-12-12 15:00:00,116.87419328116655
2023-12-12 16:00:00,116.84963132518894
2023-12-12 17:00:00,105.87854150803966
2023-12-12 18:00:00,102.0438633924656
2023-12-12 19:00:00,109.17551279443668
2023-12-12 20:00:00,114.2884390720764
2023-12-12 21:00:00,109.39697335084652
2023-12-12 22:00:00,114.41215458829758
2023-12-12 23:00:00,125.95970880906825
2023-12-13 00:00:00,137.1974943346528
2023-12-13 01:00:00,144.8050265963833
2023-12-13 02:00:00,140.93916199906653
2023-12-13 03:00:00,163.84123377091086
2023-12-13 04:00:00,155.85493746654328
2023-12-13 05:00:00,160.74244980422765
2023-12-13 06:00:00,158.58672820006092
2023-12-13 07:00:00,175.57941896835624
2023-12-13 08:00:00,160.31111546497473
2023-12-13 09:00:00,150.08832803218723
2023-12-13 10:00:00,152.45961774981774
2023-12-13 11:00:00,144.76025024962675
2023-12-13 12:00:00,132.2213648820962
2023-12-13 13:00:00,129.60846221084503
2023-12-13 14:00:00,114.0535401958444
2023-12-13 15:00:00,109.51220518966211
2023-12-13 16:00:00,97.16815461363723
2023-12-13 17:00:00,97.61246979022911
2023-12-13 18:00:00,112.25815402835343
2023-12-13 19:00:00,112.45936834993981
2023-12-13 20:00:00,107.58818112970805
2023-12-13 21:00:00,120.35145380035146
2023-12-13 22:00:00,117.45962756696154
2023-12-13 23:00:00,124.28837713408026
2023-12-14 00:00:00,133.56255324232845
2023-12-14 01:00:00,140.42996337645044
2023-12-14 02:00:00,147.22401838219716
2023-12-14 03:00:00,160.2401939713464
2023-12-14 04:00:00,160.05144038331161
2023-12-14 05:00:00,165.87018361084114
2023-12-14 06:00:00,168.49690262638666
2023-12-14 07:00:00,164.2687037669464
2023-12-14 08:00:00,154.48940548399062
2023-12-14 09:00:00,147.81887399078016
2023-12-14 10:00:00,149.12390317403668
2023-12-14 11:00:00,140.2982898289591
2023-12-14 12:00:00,133.8369571446037
2023-12-14 13:00:00,125.56515845067923
2023-12-14 14:00:00,131.337868300838
2023-12-14 15:00:00,105.56566528619732
2023-12-14 16:00:00,97.50950653736565
2023-12-14 17:00:00,106.13410937892691
2023-12-14 18:00:00,101.57788722705904
2023-12-14 19:00:00,106.07256455997604
2023-12-14 20:00:00,110.41865299788634
2023-12-14 21:00:00,118.69732004029147
2023-12-14 22:00:00,110.9638708980769
2023-12-14 23:00:00,122.96183915763996
2023-12-15 00:00:00,135.66380629439698
2023-12-15 01:00:00,145.14688933151035
2023-12-15 02:00:00,159.50724775143354
2023-12-15 03:00:00,159.5417232911627
2023-12-15 04:00:00,159.2568191341023
2023-12-15 05:00:00,158.09559602396044
2023-12-15 06:00:00,160.75855073640489
2023-12-15 07:00:00,159.60426067388914
2023-12-15 08:00:00,162.85693025610436
2023-12-15 09:00:00,156.10819066352514
2023-12-15 10:00:00,142.00175214578394
2023-12-15 11:00:00,139.21506400762567
2023-12-15 12:00:00,138.02773776726767
2023-12-15 13:00:00,127.64374042179968
2023-12-15 14:00:00,121.50322308006368
2023-12-15 15:00:00,114.37140511468596
2023-12-15 16:00:00,115.8313915595125
2023-12-15 17:00:00,105.89244053045265
2023-12-15 18:00:00,101.76988601064652
2023-12-15 19:00:00,100.15345000566009
2023-12-15 20:00:00,108.98728517751798
2023-12-15 21:00:00,100.31327649052595
2023-12-15 22:00:00,117.81855499082657
2023-12-15 23:00:00,124.95622934731185
2023-12-16 00:00:00,126.93764573191297
2023-12-16 01:00:00,136.89324215980022
2023-12-16 02:00:00,152.82828765073813
2023-12-16 03:00:00,156.15676218097255
2023-12-16 04:00:00,160.28970378206657
2023-12-16 05:00:00,164.3195124583319
2023-12-16 06:00:00,164.28313793974462
2023-12-16 07:00:00,169.02208760296463
2023-12-16 08:00:00,160.4379080220507
2023-12-16 09:00:00,147.77213786650753
2023-12-16 10:00:00,157.0106498243733
2023-12-16 11:00:00,143.4862726897161
2023-12-16 12:00:00,130.93373134602902
2023-12-16 13:00:00,119.85842005544832
2023-12-16 14:00:00,120.87957110479654
2023-12-16 15:00:00,112.11093653953304
2023-12-16 16:00:00,115.80997181662715
2023-12-16 17:00:00,103.22268880799506
2023-12-16 18:00:00,99.75309605158766
2023-12-16 19:00:00,109.45120630250561
2023-12-16 20:00:00,112.60564735004984
2023-12-16 21:00:00,113.60005340245671
2023-12-16 22:00:00,122.36178523837003
2023-12-16 23:00:00,126.03699304321333
2023-12-17 00:00:00,135.1693255050381
2023-12-17 01:00:00,147.5995257658926
2023-12-17 02:00:00,152.14659167010976
2023-12-17 03:00:00,154.3968312439293
2023-12-17 04:00:00,166.7825748431638
2023-12-17 05:00:00,151.20349792471228
2023-12-17 06:00:00,174.32036655710968
2023-12-17 07:00:00,154.5179793142178
2023-12-17 08:00:00,156.9252979896747
2023-12-17 09:00:00,155.09861575962157
2023-12-17 10:00:00,148.36759664636693
2023-12-17 11:00:00,146.90662655321185
2023-12-17 12:00:00,128.83081690694704
2023-12-17 13:00:00,127.66926273434593
2023-12-17 14:00:00,116.24893950890218
2023-12-17 15:00:00,114.41250146109728
2023-12-17 16:00:00,107.85537658747945
2023-12-17 17:00:00,105.65690347474249
2023-12-17 18:00:00,101.43037583767828
2023-12-17 19:00:00,102.66190546084715
2023-12-17 20:00:00,109.65560045659907
2023-12-17 21:00:00,117.71537409318067
2023-12-17 22:00:00,116.22860332901159
2023-12-17 23:00:00,122.12159092406594
2023-12-18 00:00:00,137.30730082835723
2023-12-18 01:00:00,141.85205188777732
2023-12-18 02:00:00,153.41249066992557
2023-12-18 03:00:00,150.95421736874107
2023-12-18 04:00:00,151.36356748641896
2023-12-18 05:00:00,160.60275437953976
2023-12-18 06:00:00,160.46823695367493
2023-12-18 07:00:00,162.8938327882719
2023-12-18 08:00:00,157.11653604218114
2023-12-18 09:00:00,159.2482881922748
2023-12-18 10:00:00,147.89924868788984
2023-12-18 11:00:00,142.86694384695582
2023-12-18 12:00:00,135.1481727922104
2023-12-18 13:00:00,127.58020410898561
2023-12-18 14:00:00,119.25935444772074
2023-12-18 15:00:00,115.7298000164574
2023-12-18 16:00:00,104.44096221734355
2023-12-18 17:00:00,112.42931484459893
2023-12-18 18:00:00,103.23731308315733
2023-12-18 19:00:00,98.89447952183576
2023-12-18 20:00:00,109.3996046714239
2023-12-18 21:00:00,108.9808941521674
2023-12-18 22:00:00,122.78667267253874
2023-12-18 23:00:00,137.75345652713517
2023-12-19 00:00:00,130.54713954221498
2023-12-19 01:00:00,143.91643301919166
2023-12-19 02:00:00,140.72247205647804
2023-12-19 03:00:00,157.99272958279826
2023-12-19 04:00:00,156.07219311453392
2023-12-19 05:00:00,160.38360169650062
2023-12-19 06:00:00,159.03356755080088
2023-12-19 07:00:00,167.1885309189455
2023-12-19 08:00:00,165.57728390090315
2023-12-19 09:00:00,155.9001295088904
2023-12-19 10:00:00,145.25786647331847
2023-12-19 11:00:00,150.30218653359964
2023-12-19 12:00:00,130.84794936122623
2023-12-19 13:00:00,116.03526714729469
2023-12-19 14:00:00,121.91194504978742
2023-12-19 15:00:00,107.89292319619388
2023-12-19 16:00:00,113.60228185396535
2023-12-19 17:00:00,103.76653672796084
2023-12-19 18:00:00,107.67856620272097
2023-12-19 19:00:00,112.69972694408801
2023-12-19 20:00:00,102.65494356336451
2023-12-19 21:00:00,110.64711090993751
2023-12-19 22:00:00,119.32164463671438
2023-12-19 23:00:00,134.6331852420878
2023-12-20 00:00:00,131.42808641029453
2023-12-20 01:00:00,139.52205287333265
2023-12-20 02:00:00,152.1307028777737
2023-12-20 03:00:00,153.07705980704304
2023-12-20 04:00:00,161.50339152801675
2023-12-20 05:00:00,155.99008768383047
2023-12-20 06:00:00,175.85164971278297
2023-12-20 07:00:00,157.02922863712675
2023-12-20 08:00:00,159.17199859358269
2023-12-20 09:00:00,155.86079825639263
2023-12-20 10:00:00,159.3834406717875
2023-12-20 11:00:00,135.97034244841066
2023-12-20 12:00:00,144.75852067740072
2023-12-20 13:00:00,130.87131275243604
2023-12-20 14:00:00,121.94547662212477
2023-12-20 15:00:00,108.73362812931698
2023-12-20 16:00:00,111.75494409665676
2023-12-20 17:00:00,102.29479209922734
2023-12-20 18:00:00,111.23330626599207
2023-12-20 19:00:00,101.07691506578662
2023-12-20 20:00:00,108.37344541418396
2023-12-20 21:00:00,110.94043112433805
2023-12-20 22:00:00,115.00238518787009
2023-12-20 23:00:00,130.8920277314616
2023-12-21 00:00:00,137.63729373703745
2023-12-21 01:00:00,148.77962234757544
2023-12-21 02:00:00,141.08062445895922
2023-12-21 03:00:00,161.52405694730547
2023-12-21 04:00:00,173.5080066403162
2023-12-21 05:00:00,161.72956934278446
2023-12-21 06:00:00,174.49574306054484
2023-12-21 07:00:00,162.69196842837303
2023-12-21 08:00:00,154.15871342572416
2023-12-21 09:00:00,154.73504122356476
2023-12-21 10:00:00,155.3010198383864
2023-12-21 11:00:00,138.6436889414239
2023-12-21 12:00:00,132.07830670496836
2023-12-21 13:00:00,130.29312580838592
2023-12-21 14:00:00,120.11530058369607
2023-12-21 15:00:00,116.81991132683608
2023-12-21 16:00:00,110.32838559026182
2023-12-21 17:00:00,108.55035180908612
2023-12-21 18:00:00,102.9784940709523
2023-12-21 19:00:00,107.33087992147885
2023-12-21 20:00:00,104.54237285798781
2023-12-21 21:00:00,120.39896467691557
2023-12-21 22:00:00,117.00862641591202
2023-12-21 23:00:00,133.06966608467494
2023-12-22 00:00:00,134.03196519508114
2023-12-22 01:00:00,143.98456640686305
2023-12-22 02:00:00,147.74517724554008
2023-12-22 03:00:00,151.36322627975483
2023-12-22 04:00:00,152.49696017550832
2023-12-22 05:00:00,158.9511539957085
2023-12-22 06:00:00,163.6404557339204
2023-12-22 07:00:00,165.30717068281848
2023-12-22 08:00:00,166.3126586799507
2023-12-22 09:00:00,154.27441613661014
2023-12-22 10:00:00,145.89019617866876
2023-12-22 11:00:00,135.86099742306206
2023-12-22 12:00:00,137.72031808952877
2023-12-22 13:00:00,134.48140122357387
2023-12-22 14:00:00,126.67165133977929
2023-12-22 15:00:00,117.68646030514387
2023-12-22 16:00:00,112.57195447280505
2023-12-22 17:00:00,114.8803441098769
2023-12-22 18:00:00,107.04040730708405
2023-12-22 19:00:00,109.64287359144934
2023-12-22 20:00:00,107.81531857720375
2023-12-22 21:00:00,107.3865797101292
2023-12-22 22:00:00,117.00075549749424
2023-12-22 23:00:00,127.6196334542475
2023-12-23 00:00:00,135.74392686250815
2023-12-23 01:00:00,152.8460006273462
2023-12-23 02:00:00,150.86638583795428
2023-12-23 03:00:00,162.5774206557179
2023-12-23 04:00:00,159.2853759056495
2023-12-23 05:00:00,162.9093953598462
2023-12-23 06:00:00,158.85496181388277
2023-12-23 07:00:00,160.77613472428962
2023-12-23 08:00:00,164.1356690703569
2023-12-23 09:00:00,156.7810043375703
2023-12-23 10:00:00,155.25469309948548
2023-12-23 11:00:00,144.2208410947949
2023-12-23 12:00:00,133.7977313418134
2023-12-23 13:00:00,138.54691296586918
2023-12-23 14:00:00,120.11048215643906
2023-12-23 15:00:00,120.1918014129298
2023-12-23 16:00:00,107.61319185374057
2023-12-23 17:00:00,110.18022260824644
2023-12-23 18:00:00,110.26007829575843
2023-12-23 19:00:00,107.69468506420445
2023-12-23 20:00:00,97.88682327298382
2023-12-23 21:00:00,114.52805886868792
2023-12-23 22:00:00,126.81230023879735
2023-12-23 23:00:00,130.5428328120522
2023-12-24 00:00:00,137.90919437614042
2023-12-24 01:00:00,134.84328668328757
2023-12-24 02:00:00,147.09772464662896
2023-12-24 03:00:00,158.97999159135128
2023-12-24 04:00:00,163.7526784974618
2023-12-24 05:00:00,170.78110868933496
2023-12-24 06:00:00,165.01566622426952
2023-12-24 07:00:00,166.75689522203996
2023-12-24 08:00:00,161.8226333231915
2023-12-24 09:00:00,152.0484897530875
2023-12-24 10:00:00,139.50104334453204
2023-12-24 11:00:00,145.70961981372727
2023-12-24 12:00:00,136.66973604205998
2023-12-24 13:00:00,124.95455343642759
2023-12-24 14:00:00,112.72413471741964
2023-12-24 15:00:00,117.76549413645226
2023-12-24 16:00:00,108.52963751548994
2023-12-24 17:00:00,109.65659882316774
2023-12-24 18:00:00,115.1802426520588
2023-12-24 19:00:00,96.18507080972962
2023-12-24 20:00:00,106.40123384295127
2023-12-24 21:00:00,113.62991849784251
2023-12-24 22:00:00,128.17413087073606
2023-12-24 23:00:00,119.9634135508871
2023-12-25 00:00:00,145.5993051284034
2023-12-25 01:00:00,144.37385086089944
2023-12-25 02:00:00,150.45999669132848
2023-12-25 03:00:00,156.1729046195039
2023-12-25 04:00:00,159.7594469526303
2023-12-25 05:00:00,170.1883585850178
2023-12-25 06:00:00,160.63739622958784
2023-12-25 07:00:00,166.6948456968921
2023-12-25 08:00:00,160.0598537849971
2023-12-25 09:00:00,153.41253619303006
2023-12-25 10:00:00,163.9498758784199
2023-12-25 11:00:00,145.88982502685138
2023-12-25 12:00:00,139.1063277233091
2023-12-25 13:00:00,133.97431255026575
2023-12-25 14:00:00,113.95325027341269
2023-12-25 15:00:00,123.61825611001439
2023-12-25 16:00:00,97.55445199399605
2023-12-25 17:00:00,103.26839316113633
2023-12-25 18:00:00,103.8048416341055
2023-12-25 19:00:00,110.04084203617874
2023-12-25 20:00:00,111.23282921717363
2023-12-25 21:00:00,114.08272286090482
2023-12-25 22:00:00,121.08001327685773
2023-12-25 23:00:00,123.49531352931267
2023-12-26 00:00:00,128.67383802757203
2023-12-26 01:00:00,147.56712946475426
2023-12-26 02:00:00,154.64853056267228
2023-12-26 03:00:00,165.32567531137843
2023-12-26 04:00:00,158.23067662945752
2023-12-26 05:00:00,168.65185084017824
2023-12-26 06:00:00,164.80146635817633
2023-12-26 07:00:00,171.16014971464216
2023-12-26 08:00:00,167.33057599692637
2023-12-26 09:00:00,158.5192504317185
2023-12-26 10:00:00,149.56234921666515
2023-12-26 11:00:00,148.8392322461194
2023-12-26 12:00:00,139.51452261629368
2023-12-26 13:00:00,125.10322663649876
2023-12-26 14:00:00,114.66100663260293
2023-12-26 15:00:00,113.65413206099088
2023-12-26 16:00:00,117.91630696320938
2023-12-26 17:00:00,113.08466100499606
2023-12-26 18:00:00,100.7783626516471
2023-12-26 19:00:00,101.53343813182822
2023-12-26 20:00:00,116.7526571348667
2023-12-26 21:00:00,109.47861704061202
2023-12-26 22:00:00,123.92647661819991
2023-12-26 23:00:00,125.54507257023667
2023-12-27 00:00:00,144.4852246226075
2023-12-27 01:00:00,140.3224473573905
2023-12-27 02:00:00,157.1368076510258
2023-12-27 03:00:00,158.56749670589934
2023-12-27 04:00:00,163.68173638470122
2023-12-27 05:00:00,155.57623188191468
2023-12-27 06:00:00,155.4454332339714
2023-12-27 07:00:00,164.34494508733658
2023-12-27 08:00:00,163.69529243061567
2023-12-27 09:00:00,152.07721429691287
2023-12-27 10:00:00,146.05653294761981
2023-12-27 11:00:00,147.0819345022028
2023-12-27 12:00:00,139.33427240229034
2023-12-27 13:00:00,128.07672334498406
2023-12-27 14:00:00,125.44100860593693
2023-12-27 15:00:00,109.46578508580438
2023-12-27 16:00:00,108.7995633010304
2023-12-27 17:00:00,115.83161324024765
2023-12-27 18:00:00,106.92161064969909
2023-12-27 19:00:00,108.24378778426089
2023-12-27 20:00:00,122.14897081630424
2023-12-27 21:00:00,108.40008573516167
2023-12-27 22:00:00,125.60215183320578
2023-12-27 23:00:00,137.18536004596473
2023-12-28 00:00:00,135.01571036749888
2023-12-28 01:00:00,148.71272528734693
2023-12-28 02:00:00,146.7499025139475
2023-12-28 03:00:00,154.4495414577555
2023-12-28 04:00:00,164.58559419377104
2023-12-28 05:00:00,169.6606081542227
2023-12-28 06:00:00,172.30468256203122
2023-12-28 07:00:00,173.53591772336904
2023-12-28 08:00:00,162.36352932076042
2023-12-28 09:00:00,163.91126221146007
2023-12-28 10:00:00,150.02847578276229
2023-12-28 11:00:00,149.02502791102071
2023-12-28 12:00:00,137.79744398925942
2023-12-28 13:00:00,131.23381818234054
2023-12-28 14:00:00,123.8975393701114
2023-12-28 15:00:00,107.55327151542136
2023-12-28 16:00:00,105.19862859216512
2023-12-28 17:00:00,108.3449324104153
2023-12-28 18:00:00,98.38360460179416
2023-12-28 19:00:00,112.00828072732625
2023-12-28 20:00:00,115.21701771790251
2023-12-28 21:00:00,117.2726493287892
2023-12-28 22:00:00,116.25432993621097
2023-12-28 23:00:00,136.00612334127277
2023-12-29 00:00:00,147.06605319858957
2023-12-29 01:00:00,145.38995549029534
2023-12-29 02:00:00,154.45267689225173
2023-12-29 03:00:00,159.1318967095768
2023-12-29 04:00:00,165.55260805852996
2023-12-29 05:00:00,165.30998100553938
2023-12-29 06:00:00,166.76717880078098
2023-12-29 07:00:00,170.45636279116033
2023-12-29 08:00:00,174.66888292301545
2023-12-29 09:00:00,151.18284726358405
2023-12-29 10:00:00,151.46093757798783
2023-12-29 11:00:00,138.85226892692617
2023-12-29 12:00:00,144.9601244928864
2023-12-29 13:00:00,126.30673880032546
2023-12-29 14:00:00,114.80399603106689
2023-12-29 15:00:00,119.00773155864891
2023-12-29 16:00:00,119.78079346018146
2023-12-29 17:00:00,111.39021455413341
2023-12-29 18:00:00,108.08398938640958
2023-12-29 19:00:00,110.13792982520906
2023-12-29 20:00:00,118.17344120059266
2023-12-29 21:00:00,111.50580021433386
2023-12-29 22:00:00,121.54076447956254
2023-12-29 23:00:00,127.08197790437532
2023-12-30 00:00:00,131.2806734635454
2023-12-30 01:00:00,143.25269505598743
2023-12-30 02:00:00,157.67860547991313
2023-12-30 03:00:00,161.19621417755494
2023-12-30 04:00:00,166.36231461407323
2023-12-30 05:00:00,166.88015284693955
2023-12-30 06:00:00,169.79661891364296
2023-12-30 07:00:00,162.16482307693136
2023-12-30 08:00:00,161.63321268390084
2023-12-30 09:00:00,159.38322462044144
2023-12-30 10:00:00,153.60757929440675
2023-12-30 11:00:00,146.59551062769
2023-12-30 12:00:00,136.54832358991789
2023-12-30 13:00:00,127.59831164128053
2023-12-30 14:00:00,138.04885641522384
2023-12-30 15:00:00,120.59073292906368
2023-12-30 16:00:00,113.36497526623273
2023-12-30 17:00:00,107.14618272029604
2023-12-30 18:00:00,105.04390586528062
2023-12-30 19:00:00,107.67822224269236
2023-12-30 20:00:00,112.8033821044014
2023-12-30 21:00:00,106.71461884408392
2023-12-30 22:00:00,114.49305202312604
2023-12-30 23:00:00,126.40101670222099
2023-12-31 00:00:00,138.39569718388933
2023-12-31 01:00:00,143.93820561731815
2023-12-31 02:00:00,159.77060613049184
2023-12-31 03:00:00,151.19121950061682
2023-12-31 04:00:00,159.62403476551165
2023-12-31 05:00:00,173.98823349362655
2023-12-31 06:00:00,168.07559662337576
2023-12-31 07:00:00,170.8319877026796
2023-12-31 08:00:00,173.6769968298812
2023-12-31 09:00:00,155.19418134609418
2023-12-31 10:00:00,151.96342831104363
2023-12-31 11:00:00,143.87243684842028
2023-12-31 12:00:00,127.70703497757725
2023-12-31 13:00:00,128.17344462814634
2023-12-31 14:00:00,126.90531093691213
2023-12-31 15:00:00,118.99974427346817
2023-12-31 16:00:00,114.6346537334066
2023-12-31 17:00:00,106.6746803081289
2023-12-31 18:00:00,104.2595138199718
2023-12-31 19:00:00,114.91850357081832
2023-12-31 20:00:00,109.09265215467589
2023-12-31 21:00:00,117.82720675836978
2023-12-31 22:00:00,123.3966734033925
2023-12-31 23:00:00,137.13401372820735
2024-01-01 00:00:00,142.4570617883508
